name,lat,lon,country_code,admin1_code,population
Shanghai,31.22222,121.45806,CN,23,24874500
Beijing,39.9075,116.39723,CN,22,18960744
Shenzhen,22.54554,114.0683,CN,30,17494398
Guangzhou,23.11667,113.25,CN,30,16096724
Kinshasa,-4.32758,15.31357,CD,06,16000000
Istanbul,41.01384,28.94966,TR,34,15701602
Lagos,6.45407,3.39467,NG,05,15388000
Ho Chi Minh City,10.82302,106.62965,VN,79,14002598
Chengdu,30.66667,104.06667,CN,32,13568357
Lahore,31.558,74.35071,PK,04,13004135
Mumbai,19.07283,72.88261,IN,16,12691836
São Paulo,-23.5475,-46.63611,BR,27,12400232
Mexico City,19.42847,-99.12766,MX,09,12294193
Karachi,24.8608,67.0104,PK,05,11624219
Tianjin,39.14222,117.17667,CN,28,11090314
Delhi,28.65195,77.23149,IN,07,11034555
Wuhan,30.58333,114.26667,CN,12,10392693
Moscow,55.75204,37.61781,RU,48,10381222
Dhaka,23.7104,90.40744,BD,81,10356500
Seoul,37.566,126.9784,KR,11,10349312
Tokyo,35.6895,139.69171,JP,40,9733276
Dongguan,23.01797,113.74866,CN,30,9644871
Cairo,30.06263,31.24967,EG,11,9606916
Xi’an,34.25833,108.92861,CN,26,9600000
Johannesburg,-26.20227,28.04363,ZA,06,9418183
Weifang,36.71,119.10194,CN,25,9386705
Nanjing,32.06167,118.77778,CN,04,9314685
Hangzhou,30.29365,120.16142,CN,02,9236032
Foshan,23.02677,113.13148,CN,30,9042509
London,51.50853,-0.12574,GB,ENG,8961989
New York City,40.71427,-74.00597,US,NY,8804190
Jakarta,-6.21462,106.84513,ID,04,8540121
Bengaluru,12.97194,77.59369,IN,19,8495492
Hanoi,21.0245,105.84117,VN,01,8053663
Taipei,25.05306,121.52639,TW,04,7871900
Lima,-12.04318,-77.02824,PE,LMA,7737002
Bogotá,4.60971,-74.08175,CO,34,7674366
Chongqing,29.56026,106.55771,CN,33,7457599
Dalian,38.91222,121.60222,CN,19,7450785
Hong Kong,22.27832,114.17469,HK,,7396076
Baghdad,33.34058,44.40088,IQ,07,7216000
Wuzhong,37.9867,106.201,CN,21,7202654
Qingdao,36.06488,120.38042,CN,25,7172451
Tehran,35.69439,51.42151,IR,26,7153309
Yantai,37.47649,121.44081,CN,25,7102100
Shenyang,41.79222,123.43278,CN,19,7050000
Hyderabad,17.38405,78.45636,IN,40,6993262
Rio de Janeiro,-22.90642,-43.18223,BR,21,6747815
Suzhou,31.30408,120.59538,CN,04,6715559
Puxi,31.24414,121.46592,CN,23,6683712
Ahmedabad,23.02579,72.58727,IN,09,6357693
Abidjan,5.35444,-4.00167,CI,93,6321017
Xinyang,32.12278,114.06556,CN,09,6234401
Pudong,31.23995,121.50094,CN,23,5681512
Sydney,-33.86785,151.20732,AU,02,5638830
Singapore,1.28967,103.85007,SG,,5638700
Melbourne,-37.814,144.96332,AU,07,5435590
Dar es Salaam,-6.82349,39.26951,TZ,23,5383728
Saint Petersburg,59.93863,30.31413,RU,66,5351935
Alexandria,31.20176,29.91582,EG,06,5263542
Harbin,45.75,126.65,CN,08,5242897
Bangkok,13.75398,100.50144,TH,40,5104476
Hefei,31.86389,117.28083,CN,01,5050000
Kano,12.00012,8.51672,NG,29,4910000
Santiago,-33.45694,-70.64827,CL,12,4837295
Cape Town,-33.92584,18.42322,ZA,11,4772846
Peshawar,34.008,71.57849,PK,03,4758762
Changchun,43.88,125.32278,CN,05,4714996
Zibo,36.79056,118.06333,CN,25,4704138
Jeddah,21.49012,39.18624,SA,14,4697000
Chennai,13.08784,80.27847,IN,25,4681087
Kolkata,22.56263,88.36304,IN,28,4631392
Xiamen,24.47979,118.08187,CN,07,4617251
Surat,21.19594,72.83023,IN,09,4591246
Yangzhou,32.39722,119.43583,CN,04,4559797
Huai'an,33.58861,119.01917,CN,04,4556230
Yangon,16.80528,96.15611,MM,17,4477638
Bao'an,22.55213,113.88288,CN,30,4476554
Kabul,34.52813,69.17233,AF,13,4434550
Nairobi,-1.28333,36.81667,KE,05,4397073
Wuxi,31.56887,120.28857,CN,04,4396835
Giza,30.00944,31.20861,EG,08,4367343
Jinan,36.66833,116.99722,CN,25,4335989
Taiyuan,37.86944,112.56028,CN,24,4303673
Zhengzhou,34.75778,113.64861,CN,09,4253913
Bamako,12.60915,-7.97522,ML,01,4227569
Riyadh,24.68773,46.72185,SA,10,4205961
New Taipei City,25.06199,121.45703,TW,03,4004367
New Territories,22.42441,114.11095,HK,00,3984077
Shijiazhuang,38.04139,114.47861,CN,10,3938513
Chattogram,22.3384,91.83168,BD,84,3920222
Addis Ababa,9.02497,38.74689,ET,44,3860000
Zaozhuang,34.86472,117.55417,CN,25,3855601
Kunming,25.03889,102.71833,CN,29,3855346
Zhongshan,22.52306,113.37912,CN,30,3841873
Nanning,22.81667,108.31667,CN,16,3839800
Shantou,23.35489,116.67876,CN,30,3838900
Los Angeles,34.05223,-118.24368,US,CA,3820914
Faisalabad,31.41554,73.08969,PK,04,3800193
Dubai,25.07725,55.30927,AE,03,3790000
Yokohama,35.43333,139.65,JP,19,3777491
Fuzhou,26.06139,119.30611,CN,07,3740000
Ningbo,29.87819,121.54945,CN,02,3731203
Casablanca,33.58831,-7.61138,MA,06,3665954
Ibadan,7.37756,3.90591,NG,32,3649000
Puyang,29.45679,119.88872,CN,02,3590000
Ankara,39.91987,32.85427,TR,68,3517182
Chengde,40.9519,117.95883,CN,10,3473200
Shiyan,32.6475,110.77806,CN,12,3460000
Berlin,52.52437,13.41053,DE,16,3426354
Tangshan,39.64381,118.18319,CN,10,3372102
Rawalpindi,33.59733,73.0479,PK,04,3357612
Lüliang,37.5192,111.14436,CN,24,3346500
Durban,-29.8579,31.0292,ZA,02,3338026
Anshan,41.12361,122.99,CN,19,3325372
Changzhou,31.77359,119.95401,CN,04,3290918
Busan,35.10168,129.03004,KR,10,3285147
Madrid,40.4165,-3.70256,ES,29,3255944
Pyongyang,39.03385,125.75432,KP,12,3222000
Pune,18.51957,73.85535,IN,16,3124458
Datong,40.09361,113.29139,CN,24,3105591
Bursa,40.19559,29.06013,TR,16,3101833
Changsha,28.19874,112.97087,CN,11,3093980
Quezon City,14.6488,121.0509,PH,NCR,3084270
Jaipur,26.91962,75.78781,IN,24,3046163
Guiyang,26.58333,106.71667,CN,18,3037159
Huainan,32.62639,116.99694,CN,01,3033528
Ürümqi,43.80096,87.60046,CN,13,3029372
Surabaya,-7.24917,112.75083,ID,08,3018022
Incheon,37.45646,126.70515,KR,12,3015482
Lanzhou,36.05701,103.83987,CN,15,3000000
Caracas,10.48801,-66.87919,VE,25,3000000
Kyiv,50.45466,30.5238,UA,12,2952301
İzmir,38.41273,27.13838,TR,35,2938292
Huizhou,23.11147,114.41523,CN,30,2900113
Buenos Aires,-34.61315,-58.37723,AR,07,2891082
Haikou,20.03421,110.34651,CN,31,2873358
Taichung,24.1469,120.6839,TW,04,2850285
Kanpur,26.46523,80.34975,IN,36,2823249
Toronto,43.70643,-79.39864,CA,08,2794356
Quito,-0.22985,-78.52495,EC,18,2781641
Brisbane,-27.46794,153.02809,AU,04,2780063
Luanda,-8.83682,13.23432,AO,20,2776168
Baotou,40.6516,109.84389,CN,20,2761700
Osaka,34.69379,135.50107,JP,32,2753862
Linyi,35.06306,118.34278,CN,25,2743843
Baoding,38.87288,115.46246,CN,10,2739887
Kaohsiung,22.61626,120.31333,TW,02,2737660
Brooklyn,40.6501,-73.94958,US,NY,2736074
Guayaquil,-2.19616,-79.88621,EC,10,2723665
Belo Horizonte,-19.92083,-43.93778,BR,15,2721564
Minhang,31.10881,121.37471,CN,23,2716600
Bazhong,31.8694,106.74432,CN,32,2712894
Salvador,-12.97563,-38.49096,BR,05,2711840
Jinzhou,41.10778,121.14167,CN,19,2703853
Abuja,9.05785,7.49508,NG,11,2690000
Gazipur,23.99844,90.42234,BD,81,2674697
Chicago,41.85003,-87.65005,US,IL,2664452
Wenzhou,27.99942,120.66682,CN,02,2650000
Bekasi,-6.2349,106.9896,ID,30,2648272
Dakar,14.6937,-17.44406,SN,01,2646503
Haiphong,20.86481,106.68345,VN,31,2625200
Yunfu,22.92787,112.03809,CN,30,2612800
Navi Mumbai,19.03681,73.01582,IN,16,2600000
Mogadishu,2.03711,45.34375,SO,02,2587183
Kumasi,6.68848,-1.62443,GH,02,2544530
Bandung,-6.92222,107.60694,ID,30,2528163
Gujranwala,32.15567,74.18705,PK,04,2511118
Medan,3.58333,98.66667,ID,26,2486283
Lucknow,26.83928,80.92313,IN,36,2472011
Ouagadougou,12.36566,-1.53388,BF,03,2415266
Nagpur,21.14631,79.08491,IN,16,2405665
Fortaleza,-3.71722,-38.54306,BR,06,2400000
Cali,3.43054,-76.5199,CO,29,2392877
Tieling,42.29306,123.84139,CN,19,2388294
Perth,-31.95224,115.8614,AU,08,2384371
Daegu,35.87028,128.59111,KR,15,2365523
Algiers,36.73225,3.08746,DZ,01,2364230
Nanchang,28.68396,115.85306,CN,03,2357839
Baku,40.37767,49.89201,AZ,09,2351300
Hohhot,40.81056,111.65222,CN,20,2350000
Nagoya,35.18147,136.90641,JP,01,2332176
Rome,41.89193,12.51133,IT,07,2318895
Queens,40.68149,-73.83652,US,NY,2316841
Houston,29.76328,-95.36327,US,TX,2314157
Mashhad,36.29807,59.60567,IR,42,2307177
Shaoxing,30.00237,120.57864,CN,02,2300000
Nantong,32.03028,120.87472,CN,04,2273326
Baoshan,31.40845,121.48956,CN,23,2265900
Kowloon,22.31667,114.18333,HK,00,2232339
Gaziantep,37.05944,37.3825,TR,83,2222415
Lubumbashi,-11.66089,27.47938,CD,14,2221925
Manaus,-3.10194,-60.025,BR,04,2219580
Lusaka,-15.40669,28.28713,ZM,09,2212301
Brasília,-15.77972,-47.92972,BR,07,2207718
Zhuhai,22.27694,113.56778,CN,30,2207090
Santo Domingo,18.47186,-69.89232,DO,34,2201941
Dandong,40.12917,124.39472,CN,19,2188436
Lomé,6.12874,1.22154,TG,24,2188376
Multan,30.19679,71.47824,PK,04,2169915
Havana,23.13302,-82.38304,CU,02,2163824
Depok,-6.4,106.81861,ID,30,2163635
Ordos,39.6086,109.78157,CN,20,2153638
Paris,48.85341,2.3488,FR,11,2138551
Coimbatore,11.00555,76.96612,IN,25,2136916
Qingyang,35.70976,107.64455,CN,15,2125400
Port Harcourt,4.77742,7.0134,NG,50,2120000
Pretoria,-25.74486,28.18783,ZA,06,2112693
Córdoba,-31.40648,-64.18853,AR,05,2106734
Mbuji-Mayi,-6.13603,23.58979,CD,04,2101332
Aleppo,36.20124,37.16117,SY,09,2098210
Kunshan,31.37762,120.95431,CN,04,2092496
Al Mawşil al Jadīdah,36.33271,43.10555,IQ,15,2065597
Zunyi,27.68667,106.90722,CN,18,2037775
La Paz,-16.5,-68.15,BO,04,2004652
Lianyungang,34.59845,119.21556,CN,04,2001009
Medellín,6.245,-75.57151,CO,02,1999979
Puning,23.31072,116.16869,CN,30,1998619
Indore,22.71792,75.8333,IN,35,1994397
Brazzaville,-4.26613,15.28318,CG,12,1982000
Tashkent,41.26465,69.21627,UZ,13,1978028
Ganzhou,25.84664,114.9326,CN,03,1977253
Almaty,43.25249,76.9115,KZ,02,1977011
Khartoum,15.55177,32.53241,SD,29,1974647
Hamburg,53.55073,9.99302,DE,04,1973896
Sapporo,43.06667,141.35,JP,12,1973832
Songjiang,31.03443,121.22326,CN,23,1973500
Accra,5.55602,-0.1969,GH,01,1963264
Curitiba,-25.42778,-49.27306,BR,18,1948626
Sanaa,15.35452,44.20646,YE,26,1937451
Conakry,9.53795,-13.67729,GN,04,1928389
Tangerang,-6.17806,106.63,ID,33,1927815
Tijuana,32.5027,-117.00371,MX,02,1922523
Hyderabad,25.39689,68.37718,PK,05,1921275
Beirut,33.89332,35.50157,LB,04,1916100
Jieyang,23.5418,116.36581,CN,30,1899394
Jilin,43.84652,126.5608,CN,05,1895865
Jiading,31.38575,121.24465,CN,23,1886100
Bucharest,44.43225,26.10626,RO,10,1877155
Camayenne,9.535,-13.68778,GN,04,1871242
Kakamega,0.28422,34.75229,KE,20,1867579
Shangqiu,34.4143,115.65613,CN,09,1859723
Nanchong,30.79508,106.08473,CN,32,1858875
Tainan,22.99083,120.21333,TW,04,1856642
Kaduna,10.52641,7.43879,NG,23,1850000
Omdurman,15.64453,32.47773,SD,29,1849659
Davao,7.07306,125.61278,PH,11,1848947
Thāne,19.19704,72.96355,IN,16,1841488
Iztapalapa,19.35529,-99.06224,MX,09,1835486
Diyarbakır,37.91363,40.21721,TR,21,1833684
Santa Cruz de la Sierra,-17.78629,-63.18117,BO,08,1831434
Vadodara,22.29941,73.20812,IN,09,1822221
Adana,36.98615,35.32531,TR,81,1816750
Siping,43.16143,124.37785,CN,05,1814733
Nanyang,33.00524,112.54659,CN,09,1811812
Abu Dhabi,24.45118,54.39696,AE,01,1807000
Palembang,-2.91673,104.7458,ID,32,1801367
Sharjah,25.3342,55.41221,AE,06,1800000
Bhopal,23.25469,77.40289,IN,35,1798218
Jiangmen,22.58333,113.08333,CN,30,1795459
Benin City,6.33815,5.62575,NG,37,1782000
Jiangyin,31.91102,120.26302,CN,04,1779515
Fuyang,32.9,115.81667,CN,01,1768947
Montréal,45.50884,-73.58781,CA,10,1762949
Bayan Nur,40.74143,107.38599,CN,20,1760000
Chengtangcun,35.08357,117.19071,CN,25,1756300
Maracaibo,10.64232,-71.61089,VE,23,1752602
Chaozhou,23.65396,116.62262,CN,30,1750945
Minsk,53.90019,27.56653,BY,04,1742124
Budapest,47.49835,19.04045,HU,05,1741041
Qingyuan,23.7,113.03333,CN,30,1738424
Tai’an,36.18528,117.12,CN,25,1735425
Rasapūdipalem,17.73308,83.31622,IN,02,1728128
Pimpri-Chinchwad,18.61867,73.80375,IN,16,1727692
Caloocan,14.64953,120.96788,PH,NCR,1712945
Warsaw,52.22977,21.01178,PL,78,1702139
Soweto,-26.26781,27.85849,ZA,06,1695047
Semarang,-6.99306,110.42083,ID,07,1694740
Puebla,19.04778,-98.20723,MX,21,1692181
Vienna,48.20849,16.37208,AT,09,1691468
Barcelona,41.38879,2.15899,ES,56,1686208
Patna,25.59408,85.13563,IN,34,1684297
Mosul,36.335,43.11889,IQ,15,1683000
Kallakurichi,11.73379,78.95925,IN,25,1682687
Kampala,0.31628,32.58219,UG,C,1680600
Xining,36.62554,101.75739,CN,06,1677177
Changshu,31.64615,120.74221,CN,04,1677050
Ximeicun,24.98773,118.3858,CN,07,1663542
Rabat,34.01325,-6.83255,MA,04,1655753
Recife,-8.05389,-34.88111,BR,30,1653461
Phoenix,33.44838,-112.07404,US,AZ,1650070
Suzhou,33.63611,116.97889,CN,01,1647642
Ecatepec de Morelos,19.60492,-99.06064,MX,15,1645352
Lu’an,31.73561,116.51688,CN,01,1644344
Valencia,10.16153,-68.00044,VE,07,1619470
Ludhiana,30.91204,75.85379,IN,23,1618879
Yancheng,33.3575,120.1573,CN,04,1615717
Novosibirsk,55.02259,82.93175,RU,53,1612833
Erbil,36.19117,44.00943,IQ,11,1612700
Fukuoka,33.6,130.41667,JP,07,1612392
Taizhou,32.49069,119.90812,CN,04,1607108
Daqing,46.58333,125.0,CN,08,1604027
Manila,14.6042,120.9822,PH,NCR,1600000
Wuhu,31.35259,118.42947,CN,01,1598165
Santiago de Querétaro,20.58806,-100.38806,MX,22,1594212
Dazhou,31.2106,107.46308,CN,32,1589435
León de los Aldama,21.12183,-101.68253,MX,11,1579803
Makkah,21.42664,39.82563,SA,14,1578722
Philadelphia,39.95238,-75.16362,US,PA,1573916
Phnom Penh,11.56245,104.91601,KH,22,1573544
Guilin,25.28022,110.29639,CN,16,1572300
Damascus,33.5102,36.29128,SY,13,1569394
Quetta,30.18414,67.00141,PK,02,1565546
Zhaoqing,23.04893,112.46091,CN,30,1553109
Onitsha,6.14978,6.78569,NG,25,1553000
Mianyang,31.46784,104.68168,CN,32,1550000
Auckland,-36.84853,174.76349,NZ,E7,1547200
Isfahan,32.65246,51.67462,IR,28,1547164
Wanzhou,30.76451,108.39586,CN,33,1545900
Astana,51.1801,71.44598,KZ,05,1544142
Harare,-17.82772,31.05337,ZW,10,1542813
Monrovia,6.30054,-10.7969,LR,14,1542549
Putian,25.43944,119.01028,CN,07,1539389
Kawasaki,35.52056,139.71722,JP,19,1538262
Goiânia,-16.67861,-49.25389,BR,29,1536097
San Antonio,29.42412,-98.49363,US,TX,1526656
Kobe,34.6913,135.183,JP,13,1525152
Stockholm,59.32938,18.06871,SE,26,1515017
Ciudad Juárez,31.72024,-106.46084,MX,06,1512450
Cần Thơ,10.03711,105.78825,VN,92,1507187
Munich,48.13743,11.57549,DE,02,1505005
Khulna,22.80979,89.56439,BD,82,1500689
Belém,-1.45583,-48.50444,BR,16,1499641
Yekaterinburg,56.85733,60.61529,RU,71,1495066
Porto Alegre,-30.03283,-51.23019,BR,23,1488252
Yinchuan,38.46806,106.27306,CN,21,1487579
Manhattan,40.78343,-73.96625,US,NY,1487536
Nashik,19.99727,73.79096,IN,16,1486053
Taizhou,28.66266,121.43312,CN,02,1485502
Asunción,-25.28646,-57.647,PY,22,1482200
Yiwu,29.31506,120.07676,CN,02,1481384
Zapopan,20.72111,-103.38742,MX,14,1476491
Makassar,-5.14861,119.43194,ID,38,1474393
Adelaide,-34.92866,138.59863,AU,05,1469163
Quanzhou,24.91389,118.58583,CN,07,1469157
Madurai,9.919,78.11953,IN,25,1465625
Jinhua,29.10678,119.64421,CN,02,1463990
Kyoto,35.02107,135.75385,JP,22,1463723
Cixi,30.1764,121.2457,CN,02,1457510
Changde,29.03205,111.69844,CN,11,1457419
Kuala Lumpur,3.1412,101.68653,MY,14,1453975
Kayseri,38.73222,35.48528,TR,38,1452458
Kaifeng,34.7986,114.30742,CN,09,1451741
Karaj,35.83266,50.99155,IR,44,1448075
Kathmandu,27.70169,85.3206,NP,3,1442271
Daejeon,36.34913,127.38493,KR,19,1441203
Baoji,34.36775,107.23705,CN,26,1437802
Suqian,33.94917,118.29583,CN,04,1437685
Liuzhou,24.32405,109.40698,CN,16,1436599
Tirunelveli,8.72742,77.6838,IN,25,1435844
Konya,37.87135,32.48464,TR,71,1433861
Zhangjiagang,31.865,120.53889,CN,04,1432044
Agra,27.18333,78.01667,IN,36,1430055
South Tangerang,-6.28862,106.71789,ID,33,1429529
Tabriz,38.08,46.2919,IR,33,1424641
Kharkiv,49.98177,36.25475,UA,07,1421125
Jinjiang,24.81978,118.57415,CN,07,1416151
Faridabad,28.41124,77.31316,IN,10,1414050
Bozhou,33.87722,115.77028,CN,01,1409436
Qujing,25.48333,103.78333,CN,29,1408500
San Diego,32.71571,-117.16472,US,CA,1404452
Gwangju,35.15472,126.91556,KR,18,1401235
Zhanjiang,21.23391,110.38749,CN,30,1400709
Fushun,41.88669,123.94363,CN,19,1400646
Rājkot,22.29161,70.79322,IN,09,1390640
Luoyang,34.67345,112.43684,CN,09,1390581
Guadalajara,20.67738,-103.34749,MX,14,1385629
The Bronx,40.84985,-73.86641,US,NY,1385108
Guankou,28.15861,113.62709,CN,11,1380000
Huế,16.4619,107.59546,VN,46,1380000
Milan,45.46427,9.18951,IT,09,1371498
Najafgarh,28.60922,76.97982,IN,07,1365000
Lianjiang,21.64673,110.28172,CN,30,1363470
N'Djamena,12.10672,15.0444,TD,21,1359526
Handan,36.60999,114.48764,CN,10,1358318
Bannu,32.98527,70.60403,PK,03,1357890
Yichang,30.71444,111.28472,CN,12,1350150
Antananarivo,-18.91368,47.53613,MG,11,1349501
Heze,35.23929,115.47358,CN,25,1346717
Guarulhos,-23.46278,-46.53333,BR,27,1345364
Abobo,5.41613,-4.0159,CI,93,1340083
Jamshedpur,22.80278,86.18545,IN,38,1339438
Douala,4.04827,9.70428,CM,05,1338082
Antalya,36.90812,30.69556,TR,07,1335002
Gaozhou,21.91965,110.85678,CN,30,1328658
Basrah,30.50852,47.7804,IQ,02,1326564
Dallas,32.78306,-96.80667,US,TX,1326087
Benxi,41.28861,123.765,CN,19,1326018
Saitama,35.90807,139.65657,JP,34,1324854
Niamey,13.51366,2.1098,NE,08,1323691
Liupanshui,26.59444,104.83333,CN,18,1320825
Taguig,14.5243,121.0792,PH,NCR,1308085
Maoming,21.66625,110.91364,CN,30,1307802
Calgary,51.05011,-114.08529,CA,01,1306784
Tripoli,32.88743,13.18733,LY,77,1302947
Madinah,24.46861,39.61417,SA,05,1300000
Yaoundé,3.86667,11.51667,CM,11,1299369
Batam,1.14937,104.02491,ID,37,1296960
Qinzhou,21.98247,108.65061,CN,16,1296300
Luohe,33.57424,114.03261,CN,09,1294974
Xiangyang,32.0422,112.14479,CN,12,1294733
Yangjiang,21.85563,111.96272,CN,30,1292987
Huazhou,21.63333,110.58333,CN,30,1291668
Yixing,31.36059,119.82016,CN,04,1285785
Pimpri,18.62292,73.80696,IN,16,1284606
Da Nang,16.06778,108.22083,VN,48,1276000
Amman,31.95522,35.94503,JO,16,1275857
Budta,7.20417,124.43972,PH,14,1273715
Belgrade,44.80401,20.46513,RS,SE,1273651
Biên Hòa,10.94469,106.82432,VN,75,1272235
Qingpu,31.15394,121.11408,CN,23,1271424
Montevideo,-34.90328,-56.18816,UY,10,1270737
Xiantao,30.3708,113.44294,CN,12,1268715
Xuchang,34.03189,113.86299,CN,09,1265536
Kalyān,19.2437,73.13554,IN,16,1262255
Zigong,29.34162,104.77689,CN,32,1262064
Nizhniy Novgorod,56.32867,44.00205,RU,51,1259013
Jepara,-6.5924,110.671,ID,07,1257912
Maputo,-25.96553,32.58322,MZ,11,1254837
Xuzhou,34.20442,117.28386,CN,04,1253991
Dammam,26.43442,50.10326,SA,06,1252523
Ra’s Bayrūt,33.9,35.48333,LB,04,1251739
Neijiang,29.58354,105.06216,CN,32,1251095
Shiraz,29.61031,52.53113,IR,07,1249942
Heshan,28.56938,112.34733,CN,11,1249807
Dombivali,19.21667,73.08333,IN,16,1247327
Kananga,-5.89624,22.41659,CD,23,1247168
Hechuan,29.99228,106.26461,CN,33,1245294
Kazan,55.78874,49.12214,RU,73,1243500
Jining,35.405,116.58139,CN,25,1241012
Barquisimeto,10.0647,-69.35703,VE,13,1240714
Shubrā al Khaymah,30.12511,31.25053,EG,12,1240289
Putuo,31.251,121.3897,CN,23,1239100
Port-au-Prince,18.54349,-72.33881,HT,11,1234742
Suwon,37.29111,127.00889,KR,13,1234582
Liaocheng,36.45064,116.00247,CN,25,1229768
Jinzhong,37.68403,112.75471,CN,24,1226617
Callao,-12.05162,-77.13452,PE,07,1226200
Meerut,28.98002,77.70636,IN,36,1223184
Virār,19.45591,72.81136,IN,16,1222390
Nowrangapur,19.23114,82.54826,IN,21,1220946
Karbala,32.61603,44.02488,IQ,12,1218732
Changzhi,36.18389,113.10528,CN,24,1214940
Tianshui,34.57952,105.74238,CN,15,1212791
Sadr City,33.3889,44.4583,IQ,07,1211849
Yangpu,31.26193,121.51904,CN,23,1210800
Mombasa,-4.05466,39.66359,KE,37,1208333
Mandalay,21.97473,96.08359,MM,08,1208099
Srinagar,34.08565,74.80555,IN,12,1206419
Barranquilla,10.96854,-74.78132,CO,04,1206319
Chelyabinsk,55.1611,61.42877,RU,13,1202371
Mérida,20.967,-89.62318,MX,31,1201000
Hiroshima,34.4,132.45,JP,11,1200754
Santiago de los Caballeros,19.45036,-70.69085,DO,25,1200000
Shymkent,42.30988,69.60042,KZ,1537272,1200000
Weinan,34.50355,109.50891,CN,26,1199290
Ghāziābād,28.66535,77.43915,IN,36,1199191
Matola,-25.96222,32.45889,MZ,04,1198988
Dhanbad,23.79759,86.42992,IN,38,1196214
Arequipa,-16.39899,-71.53747,PE,04,1195700
Hong Kong Island,22.26302,114.18419,HK,00,1195529
Fes,34.03313,-5.00028,MA,03,1191905
Gustavo Adolfo Madero,19.49392,-99.11075,MX,09,1185772
Nouakchott,18.08581,-15.9785,MR,,1184530
Kisangani,0.51528,25.19099,CD,30,1181788
Jiaxing,30.7522,120.75,CN,02,1180000
Aurangabad,19.87757,75.34226,IN,16,1175116
Zhongwei,37.51129,105.19067,CN,21,1174600
Omsk,54.99244,73.36859,RU,54,1172070
Pikine,14.76457,-17.39071,SN,01,1170791
Pekanbaru,0.51667,101.44167,ID,37,1167599
Panjin,41.121,122.0739,CN,19,1166481
Bandar Lampung,-5.42917,105.26111,ID,15,1166066
Prague,50.08804,14.42076,CZ,52,1165581
Varanasi,25.31668,83.01041,IN,36,1164404
Jiujiang,29.70475,116.00206,CN,03,1164268
Samara,53.20767,50.13553,RU,65,1163399
Aba,5.10658,7.36667,NG,45,1160000
Amritsar,31.62234,74.87534,IN,23,1159227
Birmingham,52.48142,-1.89983,GB,ENG,1157603
Zoucheng,35.40056,116.96556,CN,25,1155400
Copenhagen,55.67594,12.56553,DK,17,1153615
Sofia,42.69751,23.32415,BG,42,1152556
Anyang,36.096,114.38278,CN,09,1146839
Yerevan,40.17765,44.5126,AM,11,1144700
Luohu District,22.54721,114.13149,CN,30,1143801
Vijayawada,16.50745,80.6466,IN,02,1143232
Fengxiang,30.85841,121.46779,CN,23,1140872
Bijie,27.30193,105.28627,CN,18,1137383
Monterrey,25.68435,-100.31721,MX,19,1135512
Kigali,-1.94995,30.05885,RW,12,1132686
Rostov-on-Don,47.21997,39.70769,RU,61,1130305
Zhuzhou,27.83333,113.15,CN,11,1129687
Rui’an,27.77605,120.65859,CN,02,1125000
Malingao,7.16083,124.475,PH,12,1121974
Touba,14.86229,-15.87532,SN,03,1120824
Ufa,54.74306,55.96779,RU,08,1120547
Ranchi,23.34316,85.3094,IN,38,1120374
Shangrao,28.45179,117.94287,CN,03,1116486
Lilongwe,-13.96692,33.78725,MW,C,1115815
Huaibei,33.97444,116.79167,CN,01,1113321
Maiduguri,11.84692,13.15712,NG,27,1110000
Xuhui,31.19594,121.44709,CN,23,1109800
Meishan,30.04392,103.83696,CN,32,1107742
Mwanza,-2.51667,32.9,TZ,12,1104521
Shouguang,36.88,118.7375,CN,25,1103110
Ulsan,35.53722,129.31667,KR,21,1098421
Sendai,38.26667,140.86667,JP,24,1096704
Krasnoyarsk,56.03742,92.93136,RU,91,1090811
Fuzhou,27.95999,116.33333,CN,03,1089888
Guigang,23.11603,109.59472,CN,16,1086327
Oslo,59.91273,10.74609,NO,12,1082575
Jabalpur,23.16697,79.95006,IN,35,1081677
Ilorin,8.49664,4.54214,NG,30,1080000
Aden,12.77957,45.03852,YE,02,1079670
Bogor,-6.59444,106.78917,ID,30,1078351
Ciudad Nezahualcoyotl,19.40061,-99.01483,MX,15,1077208
Hengyang,26.88946,112.61888,CN,11,1075516
Prayagraj,25.44478,81.84322,IN,36,1073438
Gongzhuling,43.50075,124.81979,CN,05,1073000
Trujillo,-8.11599,-79.02998,PE,13,1067700
Visakhapatnam,17.68009,83.20161,IN,02,1063178
Goyang-si,37.65639,126.835,KR,13,1061752
Yulin,22.6305,110.14686,CN,16,1056743
Jodhpur,26.26841,73.00594,IN,24,1056191
Gwalior,26.22983,78.17337,IN,35,1054420
Jingzhou,30.35028,112.19028,CN,12,1052282
Gqeberha,-33.96109,25.61494,ZA,05,1050078
Tbilisi,41.69143,44.83412,GE,51,1049498
Voronezh,51.66833,39.19204,RU,86,1047549
Xinxiang,35.19033,113.80151,CN,09,1047088
Yichun,27.83333,114.4,CN,03,1045952
Sokoto,13.06269,5.24322,NG,51,1040000
Jos,9.92849,8.89212,NG,49,1040000
Tangier,35.76727,-5.79975,MA,01,1035141
Teni,10.01115,77.47772,IN,25,1034724
Xianyang,34.33778,108.70261,CN,26,1034081
Mexicali,32.62781,-115.45446,MX,02,1032686
Pointe-Noire,-4.77609,11.86352,CG,15,1032000
Maceió,-9.66583,-35.73528,BR,02,1031597
Campinas,-22.90556,-47.06083,BR,27,1031554
Sanya,18.25435,109.50947,CN,31,1031396
Rangpur,25.74664,89.25166,BD,87,1031388
Kirkuk,35.46806,44.39222,IQ,13,1031000
Ashgabat,37.95,58.38333,TM,S,1030063
Shaoguan,24.8,113.58333,CN,30,1028460
Howrah,22.57688,88.31857,IN,28,1027672
Raipur,21.23333,81.63333,IN,37,1027264
Changwon,35.22806,128.68111,KR,20,1025702
Longyan,25.07485,117.01775,CN,07,1025087
Köln,50.93333,6.95,DE,07,1024621
Dublin,53.33306,-6.24889,IE,L,1024027
Tiruchirappalli,10.8155,78.69651,IN,25,1022518
Yongzhou,26.42389,111.61306,CN,11,1020715
Brussels,50.85045,4.34878,BE,BRU,1019022
Zamboanga,6.91028,122.07389,PH,09,1018849
Ottawa,45.41117,-75.69812,CA,08,1017449
Huzhou,30.8703,120.0933,CN,02,1015937
Xinyi,22.37303,110.94746,CN,30,1014577
Volgograd,48.71378,44.4976,RU,84,1013533
Khartoum North,15.64925,32.53458,SD,29,1012211
Edmonton,53.55014,-113.46871,CA,01,1010899
Odesa,46.48572,30.74383,UA,17,1010537
Wuwei,37.92672,102.63202,CN,15,1010295
Jacksonville,30.33218,-81.65565,US,FL,1009833
Fort Worth,32.72541,-97.32085,US,TX,1008106
Hanzhong,33.07507,107.02214,CN,26,1006557
Hezhou,24.40357,111.56675,CN,16,1005490
Pest,47.5,19.08333,HU,05,1001748
Kota,25.18254,75.83907,IN,24,1001694
Zhu Cheng City,35.99502,119.40259,CN,25,1000000
Shivaji Nagar,18.53017,73.85263,IN,16,1000000
Dongying,37.46271,118.49165,CN,25,998968
Luzhou,28.8903,105.42575,CN,32,998900
San Jose,37.33939,-121.89496,US,CA,997368
Sholapur,17.67152,75.91044,IN,16,997281
Marrakesh,31.63416,-7.99994,MA,07,995871
Guatemala City,14.64072,-90.51327,GT,07,994938
Meizhou,24.28859,116.11768,CN,30,992351
Yueyang,29.37455,113.09481,CN,11,991465
Laiwu,36.19278,117.65694,CN,25,989535
Esenyurt,41.02697,28.67732,TR,34,983571
Perm,58.01046,56.25017,RU,90,982419
Zaria,11.11128,7.7227,NG,23,980000
Kennedy,4.6165,-74.14597,CO,34,979914
Chiba,35.6,140.11667,JP,04,979768
Pingdingshan,33.73091,113.31554,CN,09,979130
Ciudad Guayana,8.35122,-62.64102,VE,06,978202
Sargodha,32.08586,72.67418,PK,04,975886
Austin,30.26715,-97.74306,US,TX,974447
Managua,12.13282,-86.2504,NI,10,973087
Bengbu,32.94083,117.36083,CN,01,972784
Salé,34.0531,-6.79846,MA,04,972299
Jerusalem,31.76904,35.21633,IL,06,971800
Chandigarh,30.73629,76.7884,IN,05,970602
Dnipro,48.46664,35.04066,UA,04,968502
Cebu City,10.31672,123.89071,PH,07,965332
Sanhe,39.98049,117.06887,CN,10,965075
Guli,28.88162,120.03308,CN,02,964203
Qingzhou,36.69667,118.47972,CN,25,963600
Tiruppur,11.11541,77.35456,IN,25,963173
Guwahati,26.1844,91.7458,IN,03,962334
Anqiu,36.43417,119.1925,CN,25,962000
Xiangtan,27.85,112.9,CN,11,959303
Linfen,36.08889,111.51889,CN,24,959198
Victoria,22.2875,114.14417,HK,HCW,956800
Zhenjiang,32.21086,119.45508,CN,04,950516
Enugu,6.44132,7.49883,NG,47,950000
Rosario,-32.94682,-60.63932,AR,21,948312
Sulţānah,24.49258,39.58572,SA,05,946697
Xiangxiang,27.73333,112.53333,CN,11,946000
Huludao,40.75243,120.83552,CN,19,944495
Hubballi,15.34776,75.13378,IN,19,943788
Padang,-0.94924,100.35427,ID,24,942938
Kitakyushu,33.85181,130.85034,JP,07,940978
Taiz,13.57952,44.02091,YE,25,940600
Setagaya,35.64188,139.64715,JP,40,940071
Kingston,17.99702,-76.79358,JM,17,937700
Jing’an,31.22,121.41583,CN,23,936500
Baoshan,25.11626,99.16366,CN,29,935618
Chihuahua,28.63528,-106.08889,MX,06,925762
Nay Pyi Taw,19.745,96.12972,MM,18,925000
Eskişehir,39.77667,30.52056,TR,26,921630
Mysuru,12.29791,76.63925,IN,19,920550
Salem,11.65376,78.15538,IN,25,917414
São Luís,-2.52972,-44.30278,BR,13,917237
Seongnam-si,37.43861,127.13778,KR,13,914832
Cartagena,10.39817,-75.49328,CO,35,914552
Antipolo,14.62578,121.12251,PH,40,913712
Columbus,39.96118,-82.99879,US,OH,913175
Sialkot,32.49268,74.53134,PK,04,911817
Charlotte,35.22709,-80.84313,US,NC,911311
Laibin,23.74743,109.22222,CN,16,910282
Warri,5.51737,5.75006,NG,36,910000
Naples,40.85216,14.26811,IT,04,909048
Xiaogan,30.92689,113.92221,CN,12,908266
Wuchuan,21.45713,110.76591,CN,30,907354
Campo Grande,-20.44278,-54.64639,BR,11,906092
Ziyang,30.12108,104.64811,CN,32,905729
Bobo-Dioulasso,11.18064,-4.29489,BF,09,904920
Bahawalpur,29.39779,71.6752,PK,04,903795
Quzhou,28.95944,118.86861,CN,02,902767
Blantyre,-15.78499,35.00854,MW,S,902588
Donetsk,48.023,37.80224,UA,05,901645
Abū Ghurayb,33.30563,44.18477,IQ,07,900000
Qom,34.6401,50.8764,IR,39,900000
Bishkek,42.87,74.59,KG,01,900000
Krasnodar,45.04534,38.98178,RU,38,899541
Natal,-5.795,-35.20944,BR,22,896708
Macheng,31.18013,115.02213,CN,12,893654
Pingxiang,27.61672,113.85353,CN,03,893550
Malang,-7.9797,112.6304,ID,08,889359
Cancún,21.17429,-86.84656,MX,23,888797
Zaoyang,32.12722,112.75417,CN,12,888794
Indianapolis,39.76838,-86.15804,US,IN,887642
Gurugram,28.4601,77.02635,IN,10,886519
Bhubaneswar,20.27241,85.83385,IN,21,885363
Zhoushan,29.98869,122.20488,CN,02,882932
Qiqihar,47.33922,123.96154,CN,08,882364
Mulenvos,-8.86695,13.3344,AO,20,882014
Sulaymaniyah,35.56496,45.4329,IQ,05,878146
Marseille,43.29695,5.38107,FR,93,877215
Bhiwandi,19.30023,73.05881,IN,16,874032
Soshanguve,-25.47288,28.09919,ZA,06,872309
Laiyang,36.97583,120.71361,CN,25,872000
Daye,30.08333,114.95,CN,12,871214
Teresina,-5.08917,-42.80194,BR,20,871126
Ankang,32.68,109.01722,CN,26,870126
Jalandhar,31.32556,75.57917,IN,23,868929
Zhongxiang,31.16611,112.58306,CN,12,868897
Rotterdam,51.9225,4.47917,NL,11,868135
Langfang,39.52079,116.71471,CN,10,868066
Duque de Caxias,-22.78556,-43.31167,BR,21,866347
Viana,-8.90553,13.37499,AO,20,865863
Jiaozuo,35.23925,113.23914,CN,09,865413
Samarinda,-0.49167,117.14583,ID,14,865306
Rohini,28.74322,77.06778,IN,07,860000
Wanxian,30.81601,108.37407,CN,33,859662
Guang’an,30.47413,106.63696,CN,32,858159
Johor Bahru,1.4655,103.7578,MY,01,858118
Arifwala,30.29058,73.06574,PK,04,854462
Pasig City,14.58691,121.0614,PH,NCR,853050
Cheongju-si,36.63722,127.48972,KR,05,852147
Kanayannur,9.96667,76.26667,IN,13,851406
Tegucigalpa,14.0818,-87.20681,HN,08,850848
Bucheon-si,37.49889,126.78306,KR,13,850731
Thanh Hóa,19.8,105.76667,VN,38,850000
Turin,45.07049,7.68682,IT,12,847287
Al Ain City,24.19167,55.76056,AE,01,846747
Libreville,0.39241,9.45356,GA,01,846090
Saratov,51.54048,45.9901,RU,67,844858
Ulan Bator,47.90771,106.88324,MN,20,844818
Weihai,37.50914,122.11356,CN,25,844310
Takeo,10.99081,104.78498,KH,19,843931
Nova Iguaçu,-22.75917,-43.45111,BR,21,843046
Cochabamba,-17.38195,-66.15995,BO,02,841276
Ahvaz,31.31901,48.6842,IR,15,841145
Vientiane,17.96667,102.6,LA,24,840940
São Bernardo do Campo,-23.69389,-46.565,BR,27,840499
Zhabei,31.25861,121.45972,CN,23,840000
Shangyu,30.01556,120.87111,CN,02,839747
Xinyu,27.80429,114.93335,CN,03,839488
Pietermaritzburg,-29.61679,30.39278,ZA,02,839327
Yibin,28.7593,104.63994,CN,32,836340
Naucalpan de Juárez,19.47851,-99.23963,MX,15,834434
Jieshou,33.26338,115.36108,CN,01,834000
Kampung Baru Subang,3.15,101.53333,MY,12,833571
Bouaké,7.69385,-5.03031,CI,90,832371
Taicang,31.44778,121.09389,CN,04,831113
San Francisco,37.77493,-122.41942,US,CA,827526
Sakai,34.58216,135.46653,JP,32,826161
Valencia,39.47391,-0.37966,ES,60,824340
Jinshan,30.83556,121.29373,CN,23,822776
Chenzhou,25.8,113.03333,CN,11,822534
João Pessoa,-7.115,-34.86306,BR,17,817511
Bukavu,-2.49077,28.84281,CD,12,816811
Kraków,50.06143,19.93658,PL,77,816614
Barcelona,10.1384,-64.68769,VE,02,815141
Bangui,4.36122,18.55496,CF,18,812407
Hermosillo,29.08874,-110.96677,MX,26,812229
Bhayandar,19.30157,72.85107,IN,16,809378
Culiacán,24.80209,-107.39421,MX,25,808416
Petaling Jaya,3.10726,101.60671,MY,12,807879
Anqing,30.51365,117.04723,CN,01,804493
Oran,35.69906,-0.63588,DZ,09,803329
Sanshui,23.15486,112.89161,CN,30,803226
Freetown,8.48714,-13.2356,SL,04,802639
San Pedro Sula,15.50585,-88.02588,HN,06,801259
Narela,28.85267,77.09288,IN,07,800000
Xingtai,37.06217,114.49272,CN,10,798770
Niigata,37.92259,139.04125,JP,29,797591
Muscat,23.58413,58.40778,OM,06,797000
Zarqa,32.07275,36.08796,JO,17,792665
Çankaya,39.9179,32.86268,TR,68,792189
Küçükçekmece,40.99104,28.77123,TR,34,792030
Hamamatsu,34.7,137.73333,JP,37,791707
Kolwezi,-10.71484,25.46674,CD,22,790248
Vinh,18.67337,105.69232,VN,40,790000
Thiruvananthapuram,8.4855,76.94924,IN,13,788271
Zhaotong,27.31667,103.71667,CN,29,787845
Panzhihua,26.58509,101.71276,CN,32,787177
Chuzhou,32.32194,118.29778,CN,01,782671
Seattle,47.60621,-122.33207,US,WA,780995
Port Said,31.26531,32.3019,EG,19,780515
Cúcuta,7.90745,-72.5049,CO,21,777106
Homs,34.72405,36.72559,SY,11,775404
Xuancheng,30.9525,118.75528,CN,01,774332
Ibb,13.96667,44.18333,YE,23,771514
Tasikmalaya,-7.3274,108.2207,ID,30,770839
Nampula,-15.11646,39.2666,MZ,06,770379
Bujumbura,-3.38193,29.36142,BI,24,769317
Tyumen,57.15222,65.52722,RU,78,768358
Erzurum,39.90861,41.27694,TR,25,767848
Anshun,26.25,105.93333,CN,18,765313
Dodoma,-6.17221,35.73947,TZ,03,765179
Rajshahi,24.374,88.60114,BD,83,763580
Dera Ismail Khan,31.83129,70.9017,PK,03,763195
Sorocaba,-23.50167,-47.45806,BR,27,762172
Wuzhou,23.48054,111.28848,CN,16,761948
Ipoh,4.5841,101.0829,MY,07,759952
Qinhuangdao,39.94104,119.58936,CN,10,759718
Benghazi,32.11486,20.06859,LY,69,757490
Uberlândia,-18.91861,-48.27722,BR,15,754954
Alīgarh,27.88145,78.07464,IN,36,753207
Shaoyang,27.23818,111.46214,CN,11,753194
Malatya,38.35018,38.31667,TR,44,750491
Winnipeg,49.8844,-97.14704,CA,03,749607
Ōta,35.56126,139.71605,JP,40,748081
Andijon,40.78338,72.35067,UZ,01,747800
Bareilly,28.36678,79.43167,IN,36,745435
Buraydah,26.32599,43.97497,SA,08,745353
Hegang,47.34727,130.29033,CN,08,743307
Morelia,19.70078,-101.18443,MX,16,743275
Riga,56.946,24.10589,LV,25,742572
Amsterdam,52.37403,4.88969,NL,07,741636
Cagayan de Oro,8.48222,124.64722,PH,10,741617
Ma’anshan,31.68579,118.51008,CN,01,741531
Pulandian,39.39528,121.96694,CN,19,741230
Shah Alam,3.08507,101.53281,MY,12,740750
Bağcılar,41.03903,28.85671,TR,34,740069
Shizuishan,38.98082,106.3892,CN,21,739400
Kumamoto,32.80589,130.69181,JP,21,738907
Oyo,7.85367,3.93235,NG,32,736072
Serang,-6.11528,106.15417,ID,33,735651
Torreón,25.54389,-103.41898,MX,07,735340
Deyang,31.13019,104.38198,CN,32,735070
Abeokuta,7.15571,3.34509,NG,16,735000
Al Ḩudaydah,14.79781,42.95452,YE,08,734699
Yangquan,37.8575,113.56333,CN,24,731228
Akure,7.25256,5.19312,NG,48,730000
Denver,39.73915,-104.9847,US,CO,729019
Osasco,-23.5325,-46.79167,BR,27,728615
Kikolo,-8.7815,13.33384,AO,20,728205
Maianga,-8.84693,13.23698,AO,20,727681
Chaohu,31.6,117.86667,CN,01,727162
São José dos Campos,-23.17944,-45.88694,BR,27,727078
Álvaro Obregón,19.35867,-99.20329,MX,09,726664
Aihara,35.6,139.31667,JP,19,725493
Evaton,-26.53333,27.85,ZA,06,725468
Valenzuela,14.7,120.9667,PH,NCR,725173
Muzaffarābād,34.37002,73.47082,PK,06,725000
Okayama,34.65,133.93333,JP,31,724691
San Luis Potosí,22.15234,-100.97135,MX,24,722772
Aguascalientes,21.88262,-102.2843,MX,01,722250
General Santos,6.11278,125.17167,PH,12,722059
Zhumadian,32.98385,114.02586,CN,09,721670
Morādābād,28.83893,78.77684,IN,36,721139
Sagamihara,35.56707,139.24167,JP,19,720780
Mississauga,43.5789,-79.6583,CA,08,717961
Lviv,49.83826,24.02324,UA,15,717273
Namangan,40.9983,71.67257,UZ,06,713220
Zaporizhzhya,47.85167,35.11714,UA,26,710052
Zanzibar,-6.16394,39.19793,TZ,25,709809
Saltillo,25.42595,-100.97963,MX,07,709671
Latakia,35.53125,35.79088,SY,02,709000
Subang Jaya,3.04384,101.58062,MY,12,708296
Warangal,18.0,79.58333,IN,40,704570
Paranaque City,14.48156,121.01749,PH,NCR,703245
Tolyatti,53.5303,49.3461,RU,65,702879
Santo Domingo Oeste,18.5,-70.0,DO,37,701269
Santo Domingo Este,18.48511,-69.84757,DO,37,700000
Dhārāvi,19.05,72.86667,IN,16,700000
Battagram,34.67719,73.02329,PK,03,700000
Suez,29.97371,32.52627,EG,15,699541
Changzhi,35.20889,111.73861,CN,24,699514
Ribeirão Preto,-21.1775,-47.81028,BR,27,698642
Agadir,30.42018,-9.59815,MA,09,698310
Edogawe,35.69225,139.87308,JP,40,697932
Sarajevo,43.84864,18.35644,BA,01,696731
Balikpapan,-1.26753,116.82887,ID,14,695287
Adachi,35.76318,139.80761,JP,40,695043
Changning,31.21739,121.42105,CN,23,694900
Bauchi,10.31032,9.84388,NG,46,693700
Shizuoka,34.98333,138.38333,JP,37,693389
Tunis,36.81897,10.16579,TN,36,693210
Zhangjiakou,40.78341,114.87139,CN,10,692602
Washington,38.89511,-77.03637,US,DC,689545
Nashville,36.16589,-86.78444,US,TN,689447
Fuxin,42.01556,121.65889,CN,19,689050
Ta’if,21.27028,40.41583,SA,14,688693
Changsha,22.38124,112.68492,CN,30,688242
Huangshi,30.24706,115.04814,CN,12,688090
Liaoyang,41.27194,123.17306,CN,19,687890
Hlaingthaya,16.85,96.06667,MM,17,687867
Beira,-19.84361,34.83889,MZ,05,687764
Hongkou,31.25,121.48917,CN,23,687500
Zaragoza,41.65606,-0.87734,ES,52,686986
Sevilla,37.38283,-5.97317,ES,51,686741
Baise,23.89013,106.62684,CN,16,686078
Pontianak,-0.03194,109.325,ID,11,686019
Situbondo,-7.70623,114.00976,ID,08,685967
Agege,6.61563,3.33337,NG,05,683600
Binzhou,37.36667,118.01667,CN,25,682717
Oklahoma City,35.46756,-97.51643,US,OK,681054
Yuncheng,35.02306,110.99278,CN,24,680036
Dezhou,37.44661,116.36706,CN,25,679535
Dushanbe,38.53575,68.77905,TJ,04,679400
Cotonou,6.36536,2.41833,BJ,14,679012
El Paso,31.75872,-106.48693,US,TX,678815
Gorakhpur,26.76628,83.36889,IN,36,674246
Guadalupe,25.67663,-100.25907,MX,19,673616
Hami,42.83393,93.50601,CN,13,673383
Wrocław,51.10286,17.03006,PL,72,672545
Denpasar,-8.65,115.21667,ID,02,670210
Guntur,16.29974,80.45729,IN,02,670073
Katsina,12.99082,7.60177,NG,24,670000
Sanmenxia,34.78081,111.19287,CN,09,669307
E’zhou,30.39607,114.88655,CN,12,668727
Madīnat an Naşr,30.06667,31.3,EG,11,668413
Camama,-8.93611,13.26518,AO,20,667094
Tabuk,28.3998,36.57151,SA,19,667000
Kitwe,-12.80243,28.21323,ZM,08,665961
Bulawayo,-20.15,28.58333,ZW,09,665952
Mudanjiang,44.54804,129.62594,CN,08,665915
Aracaju,-10.91111,-37.07167,BR,28,664908
Joinville,-26.30444,-48.84556,BR,26,664500
Athens,37.98376,23.72784,GR,ESYE31,664046
Zagreb,45.81444,15.97798,HR,21,663592
Leshan,29.56227,103.76386,CN,32,662814
Santo André,-23.66389,-46.53833,BR,27,662373
Vancouver,49.24966,-123.11934,CA,02,662248
Rizhao,35.41414,119.52908,CN,25,661943
Helsinki,60.16952,24.93545,FI,01,658864
Cheonan,36.8065,127.1522,KR,17,658831
Acapulco de Juárez,16.84942,-99.90891,MX,12,658609
Banjarmasin,-3.31987,114.59075,ID,12,657663
Puducherry,11.93381,79.82979,IN,22,657209
Suining,30.50802,105.57332,CN,32,656760
Brampton,43.68341,-79.76633,CA,08,656480
Huangpu,31.2378,121.4781,CN,23,656200
Golfe,-8.86639,13.26173,AO,20,655796
Puyang,35.75641,115.04363,CN,09,655674
Soacha,4.57937,-74.21682,CO,33,655025
Boston,42.35843,-71.05977,US,MA,653833
Tlalnepantla,19.54005,-99.19538,MX,15,653410
Jājmau,26.4304,80.4095,IN,36,652831
Portland,45.52345,-122.67621,US,OR,652503
Calumbo,-9.14692,13.41936,AO,19,652270
Tlaquepaque,20.64121,-103.29342,MX,14,650123
Frankfurt am Main,50.11552,8.68417,DE,05,650000
Macau,22.20056,113.54611,MO,02,649335
Palermo,38.1166,13.3636,IT,15,648260
Izhevsk,56.85225,53.19862,RU,80,648213
Colombo,6.93548,79.84868,LK,36,648034
Maturín,9.74569,-63.18323,VE,16,647459
Amravati,20.93333,77.75,IN,16,647057
Detroit,42.33143,-83.04575,US,MI,645705
Osogbo,7.77104,4.55698,NG,42,645000
Honchō,35.70129,139.98648,JP,04,644668
Bikaner,28.01762,73.31495,IN,24,644406
Jaboatão dos Guararapes,-8.11278,-35.01472,BR,30,644037
Hoji ya Henda,-8.80523,13.2897,AO,20,642050
Las Vegas,36.17497,-115.13722,US,NV,641903
New South Memphis,35.08676,-90.05676,US,TN,641608
Hwaseong-si,37.20682,126.8169,KR,13,640890
Gold Coast,-28.00029,153.43088,AU,04,640778
Łódź,51.77058,19.47395,PL,74,639890
Jeonju,35.82194,127.14889,KR,03,638421
Chongming,31.61852,121.69621,CN,,637921
Al Aḩmadī,29.07694,48.08389,KW,04,637411
Cuenca,-2.8953,-78.9963,EC,02,636996
Chisinau,47.00902,28.85938,MD,57,635994
Likasi,-10.98303,26.7384,CD,14,635768
Jambi City,-1.6,103.61667,ID,05,635101
Hebi,35.73231,114.28616,CN,09,634721
Comilla,23.46186,91.18503,BD,84,634654
Tshikapa,-6.41621,20.79995,CD,18,634529
Chunian,30.96621,73.97908,PK,04,634236
Kochi,9.93988,76.26022,IN,13,633553
Memphis,35.14953,-90.04898,US,TN,633104
Jingmen,31.03361,112.20472,CN,12,632954
Barnaul,53.36199,83.72786,RU,04,632372
Piura,-5.18192,-80.65715,PE,20,630000
Bhilai,21.20919,81.4285,IN,37,627734
Ndola,-12.95867,28.63659,ZM,08,627503
Contagem,-19.93167,-44.05361,BR,15,627123
Ulyanovsk,54.32824,48.38657,RU,81,626540
Djibouti,11.58901,43.14503,DJ,07,626512
Glasgow,55.86515,-4.25763,GB,SCT,626410
Panshan,41.18806,122.04944,CN,19,625040
Louisville,38.25424,-85.75941,US,KY,624444
Irkutsk,52.29566,104.29076,RU,20,623869
Ansan-si,37.32361,126.82194,KR,13,623256
Al Mansurah,31.03637,31.38069,EG,01,621953
Kermanshah,34.31417,47.065,IR,13,621100
Jiaozhou,36.28389,120.00333,CN,25,619266
Düsseldorf,51.22319,6.77927,DE,07,618685
Suizhou,31.71111,113.36306,CN,12,618582
Villa Nueva,14.52512,-90.58544,GT,07,618397
Khabarovsk,48.46204,135.0971,RU,30,618150
Cuiabá,-15.59611,-56.09667,BR,14,618124
Arusha,-3.36667,36.68333,TZ,26,617631
Feira de Santana,-12.26667,-38.96667,BR,05,616272
Las Piñas,14.45056,120.98278,PH,NCR,615549
Chizhou,30.66134,117.47783,CN,01,615274
Coyoacán,19.3467,-99.16174,MX,09,614447
Stuttgart,48.78232,9.17702,DE,01,612663
Ya'an,29.98521,102.999,CN,32,612056
Cuttack,20.46497,85.87927,IN,21,610189
Borivli,19.23496,72.85976,IN,16,609617
Chiclayo,-6.77008,-79.85495,PE,14,609400
Yaroslavl,57.62987,39.87368,RU,88,608722
Gothenburg,57.70716,11.96679,SE,28,608462
Kawaguchi,35.80521,139.71072,JP,34,607373
Bukit Rahman Putra,3.21727,101.5608,MY,12,607000
Jhang Sadr,31.26981,72.31687,PK,04,606533
Ha'il,27.52188,41.69073,SA,13,605930
Bhavnagar,21.76287,72.15331,IN,09,605882
Benoni,-26.18848,28.32078,ZA,06,605344
Vladivostok,43.10562,131.87353,RU,59,604901
Tuxtla,16.75357,-93.11578,MX,05,604147
Kryvyy Rih,47.90572,33.39404,UA,04,603904
Sanming,26.24861,117.61861,CN,07,602166
Islamabad,33.72148,73.04329,PK,08,601600
Sāngli,16.85438,74.56417,IN,16,601214
Jamnagar,22.47292,70.06673,IN,09,600943
Lubango,-14.91717,13.4925,AO,09,600751
Pokhara,28.26689,83.96851,NP,4,600051
Shuangyashan,46.67686,131.13273,CN,08,600000
Borama,9.93611,43.18278,SO,21,597842
Pallabi,23.825,90.37,BD,81,597574
Luancheng,37.88452,114.64629,CN,10,597130
Makhachkala,42.97782,47.50027,RU,17,596356
Anyang-si,37.3925,126.92694,KR,13,595644
Huambo,-12.77611,15.73917,AO,08,595304
Samarkand,39.65456,66.96445,UZ,10,595200
Mengzi,23.36779,103.38212,CN,29,595100
Kagoshima,31.56667,130.55,JP,18,595049
Mukalla,14.54248,49.12424,YE,04,594951
Rasht,37.27611,49.58862,IR,08,594590
Mar del Plata,-38.00042,-57.5562,AR,01,593337
Essen,51.45657,7.01228,DE,07,593085
Al Maḩallah al Kubrá,30.97063,31.1669,EG,05,592573
Málaga,36.72016,-4.42034,ES,51,592346
Shekhupura,31.71287,73.98556,PK,04,591424
Yingkou,40.66472,122.23176,CN,19,591159
Zhangzhou,24.51333,117.65556,CN,07,589831
Reynosa,26.08005,-98.28456,MX,28,589466
Thuận An,10.9239,106.71428,VN,79,588616
Dortmund,51.51494,7.466,DE,07,588462
Suginami,36.2013,140.28406,JP,14,588354
Baltimore,39.29038,-76.61219,US,MD,585708
Itabashi,35.74893,139.71497,JP,40,584483
New Kingston,18.00747,-76.78319,JM,08,583958
Pelentong,1.5243,103.824,MY,01,583640
Cimahi,-6.87222,107.5425,ID,30,581994
Londrina,-23.31028,-51.16278,BR,18,581382
Bucaramanga,7.125,-73.11895,CO,26,581130
Genoa,44.40478,8.94439,IT,08,580097
Fengcheng,40.45361,124.07167,CN,19,580000
Hachiōji,35.65583,139.32389,JP,40,579355
Malacca,2.196,102.2405,MY,04,579000
Nha Trang,12.24507,109.19432,VN,56,579000
Kerman,30.28321,57.07879,IR,29,577514
Orūmīyeh,37.55274,45.07605,IR,01,577307
Bahçelievler,41.00231,28.8598,TR,34,576799
Tanta,30.78847,31.00192,EG,05,576648
Jammu,32.73528,74.86167,IN,12,576198
Iskandar Puteri,1.39324,103.62322,MY,01,575977
Calamba,14.21167,121.16528,PH,40,575046
Tlalpan,19.29513,-99.16206,MX,09,574577
Herāt,34.34817,62.19967,AF,11,574300
Dongsheng,39.81609,109.97763,CN,20,574242
Gujrat,32.5742,74.07542,PK,04,574240
Tomsk,56.50049,84.98216,RU,75,574002
Umraniye,41.01643,29.12476,TR,34,573265
Shihezi,44.3023,86.03694,CN,13,572772
South Boston,42.33343,-71.04949,US,MA,571281
Nakuru,-0.30719,36.07225,KE,39,570674
Hamilton,43.25011,-79.84963,CA,08,569353
Irbid,32.55556,35.85,JO,18,569068
Manchester,53.48095,-2.23743,GB,ENG,568996
Kota Bharu,6.12361,102.24333,MY,03,568900
Surrey,49.10635,-122.82509,CA,02,568322
Meknes,33.89352,-5.54727,MA,03,568295
Puente Alto,-33.61169,-70.57577,CL,12,568106
Nyala,12.04888,24.88069,SD,49,565734
Dresden,51.05089,13.73832,DE,13,564904
Orenburg,51.76712,55.09883,RU,55,564773
Albuquerque,35.08449,-106.65114,US,NM,564559
Bokāro,23.66934,86.15161,IN,38,564319
Asmara,15.33805,38.93184,ER,05,563930
Sukkur,27.70323,68.85889,PK,05,563851
Milwaukee,43.0389,-87.90647,US,WI,563531
Chợ Lớn,10.75,106.65,VN,79,561000
Wenchang,19.55158,110.80279,CN,31,560894
Ile-Ife,7.4824,4.56032,NG,42,560000
Gombe,10.28969,11.16729,NG,55,560000
Hamhŭng,39.91833,127.53639,KP,03,559056
Kemerovo,55.35417,86.10435,RU,29,558973
Nasiriyah,31.05799,46.25726,IQ,09,558400
Bloemfontein,-29.12107,26.214,ZA,03,556637
Sheffield,53.38297,-1.4659,GB,ENG,556500
Santiago de Cuba,20.02287,-75.82171,CU,15,555865
Cuautitlán Izcalli,19.64388,-99.21598,MX,15,555163
Benguela,-12.57674,13.40268,AO,01,555124
Chuxiong,25.03639,101.54556,CN,29,555081
Balbala,11.56194,43.10666,DJ,07,554350
Yanzhou,35.55278,116.82861,CN,25,553200
Huaihua,27.56337,110.00404,CN,11,552622
Muntinlupa,14.39028,121.0475,PH,40,552225
Bình Thạnh,10.811,106.706,VN,79,552164
Zahedan,29.4963,60.8629,IR,04,551980
Banqiao,25.01427,121.46719,TW,03,551221
Nanded,19.16023,77.31497,IN,16,550564
Kozhikode,11.24802,75.7804,IN,13,550440
Ulanqab,40.993,113.133,CN,20,550231
Cabinda,-5.56198,12.19476,AO,03,550000
Ajegunle,6.45197,3.33115,NG,05,550000
Pristina,42.67272,21.16688,XK,10097360,550000
Jiamusi,46.79711,130.31118,CN,08,549549
Korla,41.76055,86.15231,CN,13,549324
Kolhāpur,16.69563,74.23167,IN,16,549236
Porto Velho,-8.76194,-63.90389,BR,24,548952
San Miguel de Tucumán,-26.81601,-65.21051,AR,24,548866
Kuantan,3.8077,103.326,MY,06,548014
Sevastopol,44.60795,33.52134,UA,20,547820
Nellore,14.44992,79.98697,IN,02,547621
Mirpur Model Thana,23.80931,90.36093,BD,81,546503
Bremen,53.07582,8.80717,DE,03,546501
Wanning,18.79931,110.3841,CN,31,545992
Owerri,5.48363,7.03325,NG,28,545000
Kota Kuala Muda,5.58822,100.37085,MY,02,544984
Sungai Petani,5.647,100.48772,MY,02,544851
Xinzhou,38.40917,112.73333,CN,24,544683
Kotō,32.77856,130.74537,JP,21,543730
Kalaburagi,17.33583,76.83757,IN,19,543147
Tucson,32.22174,-110.92648,US,AZ,542629
Selayang Baru Utara,3.2549,101.6668,MY,12,542409
Vilnius,54.68916,25.2798,LT,65,542366
Ajmer,26.4521,74.63867,IN,24,542321
Pingdu,36.78444,119.94639,CN,25,542234
Fresno,36.74773,-119.77237,US,CA,542107
Mbeya,-8.9,33.45,TZ,09,541603
Juiz de Fora,-21.76417,-43.35028,BR,15,540756
Calabar,4.95893,8.32695,NG,22,540000
Oujda,34.68139,-1.90858,MA,02,539711
Novokuznetsk,53.75752,87.13599,RU,29,539616
Ryazan’,54.62696,39.70415,RU,62,538962
Ji’an,27.11716,114.97927,CN,03,538699
Sahiwal,31.97386,72.33109,PK,04,538344
Sahiwal,30.66595,73.10186,PK,04,538344
Mersin,36.81196,34.63886,TR,32,537842
Nilüfer,40.21401,28.91567,TR,16,536365
Leeds,53.79648,-1.54785,GB,ENG,536280
Poznań,52.40692,16.92993,PL,86,536151
Aqsu,41.18418,80.27921,CN,13,535657
Ebute Ikorodu,6.60086,3.48818,NG,05,535619
Ananindeua,-1.36556,-48.37222,BR,16,535547
Tanggu,39.02111,117.64694,CN,28,535298
Pasir Gudang,1.462,103.9053,MY,01,534659
Astrakhan,46.34968,48.04076,RU,07,533925
Okara,30.81029,73.45155,PK,04,533693
Nansana,0.36389,32.52861,UG,C,532800
Kimhae,35.23417,128.88111,KR,20,531966
Ar Raqqah,35.95283,39.00788,SY,04,531952
Québec,46.81228,-71.21454,CA,10,531902
Cuauhtémoc,19.44506,-99.14612,MX,09,531831
Shangluo,33.86667,109.93056,CN,26,531696
Himeji,34.81667,134.7,JP,13,530495
Duyun,26.26667,107.51667,CN,18,529688
Ibagué,4.43573,-75.20289,CO,28,529635
Antwerp,51.22047,4.40026,BE,VLG,529247
Assiut,27.18096,31.18368,EG,17,528669
Hamadān,34.79922,48.51456,IR,09,528256
Qionghai,19.2425,110.46417,CN,31,528238
Aparecida de Goiânia,-16.82333,-49.24389,BR,29,527796
Cangzhou,38.31124,116.85334,CN,10,527681
Mohammadpur,24.89843,88.52844,BD,83,527571
Surakarta,-7.55611,110.83167,ID,07,526870
San Salvador,13.68935,-89.18718,SV,10,525990
Beihai,21.48349,109.11549,CN,16,525329
Van,38.49457,43.38323,TR,65,525016
Sacramento,38.58157,-121.4944,US,CA,524943
Thủ Đức,10.84863,106.77209,VN,79,524670
Üsküdar,41.02274,29.01366,TR,34,524452
Penza,53.19568,45.01075,RU,57,523553
Mazār-e Sharīf,36.70904,67.11087,AF,30,523300
Kandahār,31.61332,65.71013,AF,23,523300
Hengshui,37.73908,115.68348,CN,10,522147
Dehradun,30.32443,78.03392,IN,39,522081
Erode,11.3428,77.72741,IN,25,521891
Lyon,45.74906,4.84789,FR,84,520774
Salta,-24.80645,-65.41999,AR,17,520683
Serra,-20.12861,-40.30778,BR,08,520653
Esenler,41.0435,28.87619,TR,34,520235
Daxing’anling,52.33385,124.71242,CN,08,520000
Qui Nhon,13.77648,109.22367,VN,52,519208
Al Fayyum,29.30995,30.8418,EG,04,519047
Durgapur,23.51583,87.30801,IN,28,518872
Utsunomiya,36.56667,139.88333,JP,38,518757
Victoria de Durango,24.02032,-104.65756,MX,10,518709
Belford Roxo,-22.76417,-43.39944,BR,21,518384
Lisbon,38.72509,-9.1498,PT,14,517802
Rahim Yar Khan,28.41987,70.30345,PK,04,517000
Ulhasnagar,19.21667,73.15,IN,16,516584
Guangyuan,32.44201,105.823,CN,32,516424
Loni,28.75143,77.29023,IN,36,516082
Siliguri,26.71004,88.42851,IN,28,515574
Nuremberg,49.45421,11.07752,DE,02,515543
Niterói,-22.88333,-43.10361,BR,21,515317
Ujjain,23.18239,75.77643,IN,35,515215
Hannover,52.37052,9.73322,DE,06,515140
Edinburgh,55.95206,-3.19648,GB,SCT,514990
Macapá,0.03889,-51.06639,BR,03,512902
Xianning,29.84347,114.32201,CN,12,512517
Toulouse,43.60426,1.44367,FR,76,511684
Thembisa,-25.99636,28.2268,ZA,06,511655
Carrefour,18.53333,-72.4,HT,11,511345
Matsuyama,33.83916,132.76574,JP,05,511192
Bilimora,20.76957,72.96134,IN,09,510879
Kasur,31.11866,74.45025,PK,04,510875
Atlanta,33.749,-84.38798,US,GA,510823
Heroica Matamoros,25.87972,-97.50417,MX,28,510739
Makati City,14.55027,121.03269,PH,NCR,510383
Buda,47.5,19.03333,HU,05,510108
Tonghua,41.71972,125.92639,CN,05,510000
"Mianzhu, Deyang, Sichuan",31.33786,104.22057,CN,32,510000
Naberezhnyye Chelny,55.73718,52.41961,RU,73,509870
Lipetsk,52.5876,39.55151,RU,43,509735
Kikwit,-5.04098,18.81619,CD,20,509367
Florianópolis,-27.59667,-48.54917,BR,26,508826
Banan,29.37861,106.54,CN,33,508703
Newcastle,-32.92953,151.7801,AU,02,508437
Tuen Mun,22.39175,113.97157,HK,NTM,507900
Zhangye,38.93417,100.45167,CN,15,507433
Kirov,58.59809,49.65783,RU,33,507155
Kashgar,39.46718,75.98675,CN,13,506640
Mukim Pulai,1.53333,103.66667,MY,01,505661
Najrān,17.49326,44.12766,SA,16,505652
Karol Bāgh,28.65136,77.19072,IN,07,505241
Zhoukou,33.63333,114.63333,CN,09,505171
Leipzig,51.33962,12.37129,DE,13,504971
Pingliang,35.53917,106.68611,CN,15,504848
Kalininskiy,59.99675,30.3899,RU,66,504641
Duisburg,51.43247,6.76516,DE,07,504358
Āsansol,23.68333,86.98333,IN,28,504271
Arāk,34.09493,49.69809,IR,34,503647
Maipú,-33.51421,-70.7651,CL,12,503635
Homyel',52.4345,30.9754,BY,02,501193
Aktobe,50.27969,57.20718,KZ,04,500757
Kota Kinabalu,5.9749,116.0724,MY,16,500421
Talatona,-8.91783,13.18562,AO,20,500000
Kampung Larkin Lama,1.5024,103.744,MY,01,500000
Kota Damansara,3.15454,101.58022,MY,12,500000
Jalalpur Pirwala,29.5051,71.22202,PK,04,500000
Mangaluru,12.91723,74.85603,IN,19,499487
Zhucheng,35.99472,119.3975,CN,25,499285
Santa Marta,11.23855,-74.19427,CO,38,499192
Matsudo,35.77995,139.90144,JP,04,498575
Hāthazāri,22.50515,91.81339,BD,84,498179
Lapu-Lapu City,10.31028,123.94944,PH,07,497813
Karagandy,49.80187,73.10211,KZ,12,497777
Loudi,27.73444,111.99444,CN,11,497171
Liverpool,53.41058,-2.97794,GB,ENG,496770
Ichikawa,35.73413,139.9065,JP,04,496676
Bāndarban,22.19534,92.21946,BD,84,495272
Sha Tin,22.38333,114.18333,HK,NST,495200
Dera Ghazi Khan,30.04587,70.64029,PK,04,494464
Higashiosaka,34.66667,135.58333,JP,32,493940
Pindi Bhattian,31.89844,73.27339,PK,04,493222
Cheboksary,56.13218,47.246,RU,16,492331
Pohang,36.02917,129.36481,KR,14,492041
Shanwei,22.78199,115.3475,CN,30,491766
Montería,8.75081,-75.87823,CO,12,490935
Ruiru,-1.14665,36.96087,KE,22,490120
Valledupar,10.46538,-73.2531,CO,10,490075
Belagavi,15.85212,74.50447,IN,19,490045
Ajman,25.40177,55.47878,AE,02,490035
Jianshui,24.2774,101.224,CN,29,490000
Sancaktepe,41.00244,29.23187,TR,34,489848
Port Sudan,19.61745,37.21644,SD,36,489725
Toluca,19.28786,-99.65324,MX,15,489333
Ciudad López Mateos,19.55793,-99.25675,MX,15,489160
Al Khuşūş,30.15293,31.31501,EG,12,488904
Jeju City,33.50972,126.52194,KR,01,488844
Gdańsk,54.35227,18.64912,PL,82,487371
Miami,25.77427,-80.19366,US,FL,487014
Omaha,41.25626,-95.94043,US,NE,486051
Nishinomiya,34.71562,135.33199,JP,13,485587
Masina,-4.38361,15.39139,CD,06,485167
Sahāranpur,29.9679,77.54522,IN,36,484873
Vellore,12.9184,79.13255,IN,25,484690
Kurashiki,34.58333,133.76667,JP,31,483576
Campos dos Goytacazes,-21.75227,-41.33044,BR,21,483540
Angeles City,15.15,120.58333,PH,03,483452
Bhātpāra,22.86643,88.40113,IN,28,483129
Jijiga,9.35,42.8,ET,52,483000
Tula,54.19609,37.61822,RU,76,482873
Najaf,32.02594,44.34625,IQ,17,482576
Raleigh,35.7721,-78.63861,US,NC,482295
Imus,14.42972,120.93667,PH,40,481949
Xichang,27.89642,102.26341,CN,32,481796
Malegaon,20.54966,74.53462,IN,16,481228
São José do Rio Preto,-20.81972,-49.37944,BR,27,480393
Caxias do Sul,-29.16806,-51.17944,BR,23,479599
Karabağlar,38.382,27.132,TR,35,479338
Okene,7.55122,6.23589,NG,41,479178
Uijeongbu-si,37.7415,127.0474,KR,13,479141
Bristol,51.45523,-2.59665,GB,ENG,479024
East London,-33.01529,27.91162,ZA,05,478676
Chéngguān Qū,29.63842,91.04441,CN,14,478275
Yazd,31.89722,54.3675,IR,40,477905
Hargeysa,9.56,44.065,SO,20,477876
Ōita,33.23333,131.6,JP,30,477715
Jincheng,35.50222,112.83278,CN,24,476945
Modīnagar,28.83059,77.57295,IN,36,475843
Taoyuan,24.99368,121.29696,TW,04,475798
Eldoret,0.52036,35.26993,KE,52,475716
Kansas City,39.09973,-94.57857,US,MO,475378
Yan’an,36.59889,109.49167,CN,26,475234
Kaliningrad,54.70639,20.51102,RU,23,475056
Skopje,41.99646,21.43141,MK,F6,474889
Kupang,-10.17083,123.60694,ID,18,474801
Vereeniging,-26.67313,27.92615,ZA,06,474681
The Hague,52.07667,4.29861,NL,11,474292
Long Beach,33.76696,-118.18923,US,CA,474140
Gaya,24.79686,85.00385,IN,34,474093
Iloilo,10.69694,122.56444,PH,06,473728
Xiulin,29.71667,112.4,CN,12,473707
Jingdezhen,29.2947,117.20789,CN,03,473561
Murcia,37.98704,-1.13004,ES,31,471982
Mesa,33.42227,-111.82264,US,AZ,471825
Halifax,44.64269,-63.57688,CA,07,471559
Morogoro,-6.82102,37.66122,TZ,10,471409
Marikina City,14.6481,121.1133,PH,NCR,471323
Kenitra,34.26101,-6.5802,MA,04,470949
Seeb,23.67027,58.18911,OM,06,470878
Jiaojiang,28.69844,121.47331,CN,02,470804
Cilegon,-6.0144,106.0542,ID,33,470378
Mykolayiv,46.97625,31.99296,UA,16,470011
Fukuyama,34.48333,133.36667,JP,11,468812
Staten Island,40.56233,-74.13986,US,NY,468730
Nanping,26.645,118.17361,CN,07,467875
Pereira,4.81428,-75.69488,CO,24,467269
Ciudad Apodaca,25.78143,-100.18911,MX,19,467157
São João de Meriti,-22.80389,-43.37222,BR,21,466536
Ambattur,13.09818,80.16152,IN,25,466205
Kanazawa,36.6,136.61667,JP,15,466029
Gonder,12.6,37.46667,ET,46,466000
Mandaluyong City,14.5832,121.0409,PH,NCR,465902
Mixco,14.63077,-90.60711,GT,07,465773
Longshan,42.88545,125.1367,CN,05,465249
Ikare,7.52591,5.75342,NG,48,465000
Nova Vida,-8.90552,13.22213,AO,20,464985
Vũng Tàu,10.34599,107.08426,VN,79,464860
Maracay,10.24972,-67.59475,VE,04,464700
Tamale,9.40079,-0.8393,GH,06,464316
Heyuan,23.73333,114.68333,CN,30,463907
Dĩ An,10.90682,106.7694,VN,79,463023
Kira,0.4,32.63333,UG,C,462900
Esna,25.29336,32.55402,EG,23,462787
Huangshan,29.71139,118.3125,CN,01,460786
Ḩamāh,35.13179,36.75783,SY,10,460602
Jalgaon,21.00292,75.56602,IN,16,460228
Kurnool,15.82887,78.03602,IN,02,460184
Yola,9.20839,12.48146,NG,35,460000
Rạch Giá,10.01245,105.08091,VN,91,459860
Amagasaki,34.71667,135.41667,JP,13,459593
Manado,1.48218,124.84892,ID,31,458582
Santo Domingo de los Colorados,-0.25368,-79.17628,EC,26,458580
Ţarţūs,34.88902,35.88659,SY,14,458327
Mek'ele,13.49667,39.47528,ET,53,457900
Nazrēt,8.55,39.26667,ET,51,456900
Colorado Springs,38.83388,-104.82136,US,CO,456568
Huancayo,-12.06866,-75.21027,PE,12,456250
Al Hillah,32.46367,44.41963,IQ,06,455700
Mbandaka,0.04865,18.26034,CD,02,455011
Malanje,-9.54015,16.34096,AO,12,455000
Namp’o,38.7375,125.40778,KP,14,455000
Ciudad General Escobedo,25.79663,-100.31767,MX,19,454967
Bacolod City,10.66667,122.95,PH,06,454898
Virginia Beach,36.85293,-75.97799,US,VA,454808
Wafangdian,39.61833,122.00806,CN,19,454338
Mansilingan,10.63111,122.97889,PH,06,454150
Kahama,-3.83333,32.6,TZ,15,453654
Hsinchu,24.80361,120.96861,TW,04,453536
Katsushika,35.73333,139.85,JP,40,453093
Rāmgundam,18.80084,79.45206,IN,40,452261
Batman,37.88738,41.13221,TR,76,452157
Yongji,34.86611,110.44028,CN,24,452000
Lishui,28.46042,119.91029,CN,02,451418
Udaipur,24.58584,73.71346,IN,24,451100
Warder,6.97444,45.34083,ET,52,450400
Wenshan City,23.36306,104.25047,CN,29,450000
Eslamshahr,35.55222,51.23504,IR,26,450000
Juba,4.85165,31.58247,SS,01,450000
Muratpaşa,36.89157,30.76498,TR,07,450000
Bắc Giang,21.27307,106.1946,VN,24,450000
Şanlıurfa,37.16708,38.79392,TR,63,449549
Kursk,51.72689,36.18457,RU,41,448733
Maheshtala,22.50862,88.25322,IN,28,448317
Nam Định,20.43389,106.17729,VN,37,448225
Constantine,36.365,6.61472,DZ,04,448028
Patiāla,30.33625,76.3922,IN,23,446246
Boksburg,-26.21197,28.25958,ZA,06,445168
Basuo,19.10267,108.66565,CN,31,444458
Campina Grande,-7.23056,-35.88111,BR,17,443911
Ensenada,31.87149,-116.60071,MX,02,443807
Elazığ,38.67431,39.22321,TR,23,443363
Jundiaí,-23.18639,-46.88417,BR,27,443221
Xochimilco,19.25465,-99.10356,MX,09,442178
Shyamnagar,22.83333,88.36667,IN,28,441956
Dasmariñas,14.32944,120.93667,PH,40,441876
Zhangjiajie,29.12944,110.47833,CN,11,441804
Mataram,-8.58333,116.11667,ID,17,441147
Korhogo,9.45803,-5.62961,CI,87,440926
Piracicaba,-22.72528,-47.64917,BR,27,440835
Beipiao,41.79194,120.77917,CN,19,439998
Fujisawa,35.34926,139.47666,JP,19,439728
Bissau,11.86357,-15.59767,GW,11,439704
Sandakan,5.8402,118.1179,MY,16,439050
Mawlamyine,16.49051,97.62825,MM,13,438861
Laval,45.56995,-73.692,CA,10,438366
Palma,39.56939,2.65024,ES,07,438234
Montes Claros,-16.735,-43.86167,BR,15,437601
Jiexiu,37.02444,111.9125,CN,24,437000
Sunch’ŏn,39.43167,125.93278,KP,15,437000
Sultangazi,41.10652,28.86847,TR,34,436935
Uyo,5.05127,7.9335,NG,21,436606
Bei’an,48.26667,126.6,CN,08,436444
Davangere,14.46693,75.92694,IN,19,435128
Ado-Ekiti,7.62329,5.22087,NG,54,435000
Manizales,5.0668,-75.50684,CO,37,434403
Masan,35.12725,126.83149,KR,18,434371
Buôn Ma Thuột,12.66747,108.03775,VN,66,434256
Stavropol,45.03442,41.9642,RU,70,433931
Shuozhou,39.31583,112.4225,CN,24,433700
Kashiwa,35.86224,139.97732,JP,04,433436
Ogbomoso,8.13373,4.24014,NG,32,433030
Tel Aviv,32.08088,34.78057,IL,05,432892
Goma,-1.67409,29.22845,CD,11,432587
Buenaventura,3.58333,-77.0,CO,29,432385
Welkom,-27.97742,26.73506,ZA,03,431944
Sham Shui Po,22.33023,114.15945,HK,KSS,431090
Machida,35.54028,139.45083,JP,40,431079
Venustiano Carranza,19.44361,-99.10499,MX,09,430978
Zagazig,30.58768,31.502,EG,14,430445
Vinnytsya,49.2322,28.46871,UA,23,430091
Ismailia,30.60427,32.27225,EG,07,429465
Ningde,26.66167,119.52278,CN,07,429260
Akola,20.70957,76.9981,IN,16,428857
Kima Kieza,-8.83411,13.29517,AO,20,428855
Cusco,-13.53188,-71.96701,PE,08,428450
Jiuquan,39.74318,98.51736,CN,15,428346
Veracruz,19.18095,-96.1429,MX,30,428323
East Jerusalem,31.78336,35.23388,PS,WE,428304
Bryansk,53.27096,34.32143,RU,10,427236
Maltepe,40.93567,29.15507,TR,34,427040
Sumgayit,40.58972,49.66861,AZ,54,427000
Tando Bago,24.78914,68.96535,PK,05,426535
Kuala Terengganu,5.3302,103.1408,MY,13,426500
Toyota,35.08333,137.15,JP,01,426162
Matadi,-5.83861,13.46306,CD,08,425662
Al Kharj,24.15541,47.33457,SA,10,425300
Wong Tai Sin,22.35,114.18333,HK,KWT,425235
Minna,9.61524,6.54776,NG,31,425000
Mandaluyong,14.57837,121.03522,PH,NCR,425000
Xalapa de Enríquez,19.53124,-96.91589,MX,30,424755
Rajpur Sonarpur,22.4382,88.43205,IN,28,424368
Bratislava,48.14816,17.10674,SK,02,423737
Taman Petaling,3.19916,101.64983,MY,14,423062
Shinagawa,33.63627,133.00572,JP,05,422488
Al Ḩasakah,36.50237,40.74772,SY,01,422445
Luxor,25.69893,32.6421,EG,28,422407
London,42.98339,-81.23304,CA,08,422324
Beining,41.59556,121.79278,CN,19,422289
Awasa,7.06205,38.47635,ET,SI,422200
Chimoio,-19.11639,33.48333,MZ,10,422046
Tando Allahyar,25.4605,68.71745,PK,05,421923
Daloa,6.87735,-6.45022,CI,96,421871
Barra da Tijuca,-22.99835,-43.36545,BR,21,421438
Dingxi,35.57088,104.62303,CN,15,420614
Laohekou,32.38583,111.66778,CN,12,420495
Bamenda,5.9597,10.14597,CM,07,420445
Tver,56.85836,35.90057,RU,77,420065
Thái Nguyên,21.59422,105.84817,VN,19,420000
Boa Vista,2.81972,-60.67333,BR,25,419652
Rio Branco,-9.97472,-67.81,BR,01,419452
Oakland,37.80437,-122.2708,US,CA,419267
Christchurch,-43.53333,172.63333,NZ,E9,419200
Korba,22.3458,82.69633,IN,37,419146
Takamatsu,34.33333,134.05,JP,17,418994
Kowloon City,22.33047,114.19222,HK,KKC,418732
Santos,-23.96083,-46.33361,BR,27,418608
Tirana,41.32744,19.81866,AL,50,418495
Petrolina,-9.39861,-40.50083,BR,30,418444
Mauá,-23.66778,-46.46139,BR,27,418261
San Juan,18.46633,-66.10572,PR,127,418140
Alor Setar,6.12104,100.36014,MY,02,417800
Tongchuan,34.8988,108.95056,CN,26,417740
Pasay,14.53748,121.00144,PH,NCR,416522
Nuevo Laredo,27.47629,-99.51639,MX,28,416055
Toyama,36.7,137.21667,JP,42,415844
Tétouan,35.57845,-5.36837,MA,01,415810
Zürich,47.36667,8.55,CH,ZH,415367
Beylikdüzü,40.982,28.6399,TR,34,415290
Việt Trì,21.32274,105.40198,VN,25,415280
Azcapotzalco,19.48698,-99.18594,MX,09,414711
Tampa,27.94752,-82.45843,US,FL,414547
Bunamwaya,0.25344,32.55723,UG,C,413400
Magnitogorsk,53.39808,59.0066,RU,13,413351
Tulsa,36.15398,-95.99277,US,OK,413066
Jhānsi,25.45887,78.57994,IN,36,412927
Tseung Kwan O,22.32789,114.24992,HK,NSK,412900
Ciudad Bolívar,8.12366,-63.54694,VE,06,412619
Kampung Kangkar Teberau,1.532,103.7549,MY,01,412373
Koumassi,5.29716,-3.96753,CI,93,412282
San Nicolás de los Garza,25.74167,-100.30222,MX,19,412199
Guyuan,36.00667,106.28083,CN,21,411854
Wandsbek,53.58334,10.08305,DE,04,411422
Minneapolis,44.97997,-93.26384,US,MN,410939
Jayapura,-2.53371,140.71813,ID,36,410852
Thoothukudi,8.76735,78.13425,IN,25,410760
Ardabīl,38.2498,48.2933,IR,32,410753
Ballari,15.14205,76.92398,IN,19,410445
Chaoyang,41.57028,120.45861,CN,19,410005
Gaza,31.50161,34.46672,PS,GZ,410000
Maringá,-23.42528,-51.93861,BR,18,409657
Yokosuka,35.28361,139.66722,JP,19,409478
Kom Ombo,24.47669,32.94626,EG,16,409311
Saltivka,50.02207,36.34901,UA,07,409300
Nagasaki,32.75,129.88333,JP,27,409118
Gujangbagh,37.10927,79.93433,CN,13,408894
Tonalá,20.62263,-103.24168,MX,14,408759
Panama City,8.9936,-79.51973,PA,08,408168
Uvira,-3.39534,29.13779,CD,12,407092
Lengshuijiang,27.68806,111.42944,CN,11,407000
Hirakata,34.81352,135.64914,JP,32,406331
Ivanovo,56.99988,40.97257,RU,21,406113
Cumaná,10.4639,-64.17859,VE,19,405626
Newcastle,-27.75796,29.9318,ZA,02,404838
Gumi,36.1136,128.336,KR,14,404691
Jixi,45.29322,130.96217,CN,08,403759
Diadema,-23.68611,-46.62278,BR,27,403579
Kuching,1.55,110.33333,MY,11,402738
Gifu,35.42291,136.76039,JP,09,402557
Caruaru,-8.28333,-35.97611,BR,30,402290
Tongling,30.95,117.78333,CN,01,402062
Tarlac City,15.48017,120.59794,PH,03,401892
Toyonaka,34.78244,135.46932,JP,32,401558
Kassala,15.45099,36.39998,SD,52,401477
Miyazaki,31.91667,131.41667,JP,25,401339
Lekki,6.44632,3.47717,NG,05,401272
Antofagasta,-23.65094,-70.39752,CL,03,401096
Wah Cantt,33.77094,72.75116,PK,04,400733
Bhāgalpur,25.24446,86.97183,IN,34,400146
Agartala,23.83605,91.27939,IN,26,400004
Dayrah,25.27143,55.30207,AE,03,400000
West Jerusalem,31.78199,35.21961,IL,06,400000
Bida,9.08044,6.0099,NG,31,400000
Bunia,1.55941,30.25224,CD,17,399282
Antakya,36.20655,36.15722,TR,31,399045
Quận Mười,10.76823,106.66632,VN,79,399000
Sunshine Coast,-26.65682,153.07955,AU,04,398840
Lüshun,38.8,121.26667,CN,19,398579
Kisumu,-0.10221,34.76171,KE,26,397957
Luhansk,48.56814,39.30553,UA,14,397677
Bengkulu,-3.80044,102.26554,ID,03,397321
Barinas,8.62064,-70.23105,VE,05,397279
Vitória da Conquista,-14.86611,-40.83944,BR,05,396613
Wichita,37.69224,-97.33754,US,KS,396119
Al Hoceïma,35.25165,-3.93723,MA,01,395644
Szczecin,53.42894,14.55302,PL,87,395513
Delmas,18.54478,-72.30036,HT,11,395260
Vila Velha,-20.32972,-40.2925,BR,08,394930
Bologna,44.49381,11.33875,IT,05,394843
Sejong,36.59245,127.29223,KR,22,394630
Cazenga,-8.83796,13.28399,AO,20,394170
Samsun,41.27976,36.3361,TR,55,394050
Tallinn,59.43696,24.75353,EE,01,394024
Tanga,-5.06893,39.09875,TZ,18,393429
El Obeid,13.18421,30.21669,SD,56,393311
Lobito,-12.3644,13.53601,AO,01,393079
Saurimo,-9.66078,20.39155,AO,18,393000
Bauru,-22.31472,-49.06056,BR,27,392947
Bello,6.33732,-75.55795,CO,02,392939
Pasto,1.21456,-77.27846,CO,20,392930
Gaomi,36.38333,119.75278,CN,25,391986
Santa Fe,-31.64881,-60.70868,AR,21,391164
San-Pédro,4.74851,-6.6363,CI,76,390654
Makurdi,7.73375,8.52139,NG,26,390000
Palu,-0.90833,119.87083,ID,21,389959
Takoradi,4.89816,-1.76029,GH,09,389114
Samut Prakan,13.5976,100.5972,TH,42,388920
Arlington,32.73569,-97.10807,US,TX,388125
Khamis Mushait,18.3,42.73333,SA,11,387553
Ambato,-1.24908,-78.61675,EC,19,387309
Carapicuíba,-23.52272,-46.835,BR,27,386984
Ojo de Agua,19.68028,-99.01,MX,15,386290
Windhoek,-22.55941,17.08323,NA,21,386219
Abomey-Calavi,6.44852,2.35566,BJ,09,385755
Bochum,51.48165,7.21648,DE,07,385729
Suita,34.76143,135.51567,JP,32,385567
Benito Juárez,19.3727,-99.1564,MX,09,385439
Sector 3,44.4234,26.16874,RO,10,385439
Chak Jhumra,31.56808,73.18317,PK,04,385169
Kahramanmaraş,37.5847,36.92641,TR,46,384953
Chongzuo,22.38161,107.3683,CN,16,384905
Grajaú,-23.76979,-46.67112,BR,27,384873
Okazaki,34.95,137.16667,JP,01,384654
Xico,19.27032,-98.95088,MX,15,384327
Iztacalco,19.39528,-99.09778,MX,09,384326
Kākināda,16.96036,82.23809,IN,02,384182
Betim,-19.96778,-44.19833,BR,15,384000
Las Palmas de Gran Canaria,28.10178,-15.41573,ES,53,383516
Cotabato,7.22361,124.24639,PH,14,383383
Bawshar,23.57769,58.39982,OM,06,383257
Latur,18.39721,76.56784,IN,16,382940
Tanzhou,22.25503,113.46692,CN,30,382445
Wellington,-41.28664,174.77557,NZ,G2,381900
Mazatlán,23.22163,-106.41885,MX,25,381583
Nizhny Tagil,57.91944,59.965,RU,71,381116
Irapuato,20.671,-101.35577,MX,11,380941
Ichinomiya,35.3,136.8,JP,01,380073
Aswān,24.09082,32.89942,EG,16,379774
Brno,49.19522,16.60796,CZ,78,379466
Iaşi,47.16667,27.6,RO,23,378954
Krugersdorp,-26.08577,27.77515,ZA,06,378821
Pānihāti,22.69089,88.37404,IN,28,378705
Shibganj,25.00146,89.32266,BD,83,378701
Caucaia,-3.73611,-38.65306,BR,06,378406
Iquitos,-3.74814,-73.2529,PE,16,377609
Toyohashi,34.76667,137.38333,JP,01,377453
Pétionville,18.5125,-72.28528,HT,11,376834
Utrecht,52.09083,5.12222,NL,09,376435
Rajamahendravaram,17.00517,81.77784,IN,02,376333
Cariacica,-20.26389,-40.42,BR,08,376200
Yogyakarta,-7.80139,110.36472,ID,10,375699
Dhule,20.9013,74.77737,IN,16,375559
Minato,34.2152,135.1501,JP,43,375339
Puchong,3.0,101.61667,MY,12,375181
Ondo,7.09316,4.83528,NG,48,375000
Rohtak,28.89447,76.58917,IN,10,374292
Bhawana,31.56884,72.64917,PK,04,373841
Rustenburg,-25.66756,27.24208,ZA,10,373695
Bakersfield,35.37329,-119.01871,US,CA,373640
Xuanhua,40.61205,115.06463,CN,10,373422
Emalahleni,-25.87133,29.23323,ZA,07,373403
Bafoussam,5.47775,10.41759,CM,08,373268
Thủ Dầu Một,10.9804,106.6519,VN,79,373105
Takasaki,36.33333,139.01667,JP,10,372973
Seremban,2.7297,101.9381,MY,05,372917
Miguel Hidalgo,19.43411,-99.20024,MX,09,372889
Nagano,36.65,138.18333,JP,26,372760
Tawau,4.24482,117.89115,MY,16,372615
Cardiff,51.48,-3.18,GB,WLS,372089
Dachang,31.30873,121.41526,CN,23,371856
Đống Đa,21.013,105.825,VN,01,371606
Chitungwiza,-18.01274,31.07555,ZW,10,371246
Fenghuang,27.93557,109.59961,CN,11,370000
Umuahia,5.52491,7.49461,NG,45,370000
Puerto La Cruz,10.21382,-64.6328,VE,02,370000
Uşak,38.67351,29.4058,TR,64,369433
Bharatpur,27.68027,84.43647,NP,3,369377
Itaquaquecetuba,-23.48611,-46.34833,BR,27,369275
Natore,24.41112,88.98673,BD,83,369138
6th of October City,29.81667,31.05,EG,08,368650
Leicester,52.6386,-1.13169,GB,ENG,368600
Desna,50.52207,30.68228,UA,12,368500
Cascavel,-24.95583,-53.45528,BR,18,368195
Sector 6,44.43579,26.01649,RO,10,367760
Canberra,-35.28346,149.12807,AU,01,367752
Avellaneda,-34.66018,-58.36744,AR,01,367554
Praia Grande,-24.00583,-46.40278,BR,27,367400
Nara-shi,34.68505,135.80485,JP,28,367353
Florence,43.77925,11.24626,IT,16,367150
Ahilyanagar,19.09457,74.73843,IN,16,367140
Kollam,8.88113,76.58469,IN,13,367107
Huanggang,30.45143,114.87035,CN,12,366769
Bradford,53.79391,-1.75206,GB,ENG,366187
Sukabumi,-6.91806,106.92667,ID,30,365735
Bilāspur,22.08005,82.15543,IN,37,365579
Malabon,14.67333,120.93972,PH,NCR,365525
Franca,-20.53861,-47.40083,BR,27,365494
Cleveland,41.4995,-81.69541,US,OH,365379
Iseyin,7.97022,3.59626,NG,32,365300
Etobicoke,43.64415,-79.56985,CA,08,365000
Yenagoa,4.92675,6.26764,NG,52,365000
Gboko,7.32275,9.00108,NG,26,365000
Samba,-8.88001,13.19617,AO,20,364986
Olinda,-8.00889,-34.85528,BR,30,364717
Pyeongtaek,36.99472,127.08889,KR,13,364694
Petare,10.47679,-66.80786,VE,15,364684
Bến Cát,11.15,106.6,VN,79,364578
Alanya,36.54375,31.99982,TR,07,364180
Larkana,27.55898,68.21204,PK,05,364033
Al Qadarif,14.03493,35.38344,SD,39,363945
Hrodna,53.6758,23.82887,BY,03,363718
Cibinong,-6.48167,106.85417,ID,30,363424
Nawabshah,26.23939,68.40369,PK,05,363138
New Orleans,29.95465,-90.07507,US,LA,362701
Keelung,25.13089,121.74094,TW,04,362487
Malmö,55.60587,13.00073,SE,27,362133
Jizhou,37.55054,115.56871,CN,10,362013
Manukau City,-36.99282,174.87986,NZ,E7,362000
Maradi,13.5,7.10174,NE,04,361702
Burewala,30.16667,72.65,PK,04,361664
Ataşehir,40.9833,29.1167,TR,34,361615
Blumenau,-26.91944,-49.06611,BR,26,361261
Nanqiao,30.91611,121.44944,CN,23,361185
Mingora,34.7795,72.36265,PK,03,361112
Santarém,-2.44306,-54.70833,BR,16,360871
Wuppertal,51.25627,7.14816,DE,07,360797
Ulan-Ude,51.82648,107.59979,RU,11,360278
Huocheng,44.05305,80.87173,CN,13,360000
Ijebu Ode,6.81944,3.91731,NG,16,360000
Maseru,-29.31667,27.48333,LS,14,359753
Bhilwara,25.34707,74.64081,IN,24,359483
Aurora,39.72943,-104.83192,US,CO,359407
Vitebsk,55.1904,30.2049,BY,07,358927
Sultanbeyli,40.96072,29.27067,TR,34,358201
Taraz,42.89799,71.37334,KZ,17,358153
Yangsan,35.34199,129.03358,KR,20,358074
Dniprovskyi,50.45366,30.60146,UA,12,357900
San Jose del Monte,14.81389,121.04528,PH,03,357828
Abū al-Kahṣīb,30.4431,47.87802,IQ,02,357771
Gwangmyeong,37.47722,126.86639,KR,13,357545
Zanjan,36.67642,48.49628,IR,36,357471
Neiva,2.93001,-75.27973,CO,16,357392
Iwaki,37.05,140.88333,JP,08,357309
Vladimir,56.13854,40.39976,RU,83,357024
Tete,-16.15639,33.58667,MZ,08,357000
Bacoor,14.45896,120.93851,PH,40,356974
Uberaba,-19.74833,-47.93194,BR,15,356781
Wakayama,34.23333,135.16667,JP,43,356729
Brahmapur,19.31151,84.7929,IN,21,356598
Fengshan,22.62659,120.36126,TW,02,356463
Ulanhot,46.08333,122.08333,CN,20,356035
Fatih,41.0225,28.94083,TR,34,356025
Misratah,32.37535,15.09254,LY,72,355657
Cuíto,-12.38333,16.93333,AO,02,355423
Benito Juarez,19.3984,-99.15766,MX,09,355017
Kyzylorda,44.85278,65.50917,KZ,14,354800
Sinjhoro,26.03008,68.80867,PK,05,354709
Kawagoe,35.90861,139.48528,JP,34,354571
Takatsuki,34.84833,135.61678,JP,32,354468
Muzaffarpur,26.12259,85.39055,IN,34,354462
Tapachula,14.90541,-92.25891,MX,05,353706
Lhoka,29.24301,91.77239,CN,14,353700
Villahermosa,17.98625,-92.93928,MX,27,353577
Setapak,3.207,101.727,MY,12,353268
Mahilyow,53.90876,30.34044,BY,06,352896
Bandar Abbas,27.1865,56.2808,IR,11,352173
Pravyi Bereh,47.11498,37.58519,UA,05,352088
Yunusobod,41.37139,69.27944,UZ,13,352000
Ras Al Khaimah,25.78953,55.9432,AE,05,351943
Cabimas,10.39907,-71.45206,VE,23,351736
Kendari,-3.9778,122.51507,ID,22,351085
Honolulu,21.30694,-157.85833,US,HI,350964
Anaheim,33.83529,-117.9145,US,CA,350742
Tarsus,36.91766,34.89277,TR,32,350732
Pengze,29.89885,116.54572,CN,03,350000
Bahir Dar,11.59364,37.39077,ET,46,350000
Punāsa,22.23507,76.39335,IN,35,350000
Al Maḩmūdīyah,33.06221,44.36564,IQ,07,350000
Diepsloot,-25.93312,28.01213,ZA,06,350000
Xilin Hot,43.96667,116.03333,CN,20,349953
Xilinhot,43.93889,116.07021,CN,20,349953
São José dos Pinhais,-25.5302,-49.20836,BR,18,349880
Quelimane,-17.87861,36.88833,MZ,09,349842
Arkhangel’sk,64.5461,40.55183,RU,06,349742
Muzaffarnagar,29.47091,77.70332,IN,36,349706
Hulunbuir,49.21141,119.75582,CN,20,349400
Dumai,1.66711,101.44316,ID,37,349389
Shinjuku,35.69115,139.70854,JP,40,349385
Sikasso,11.31755,-5.66654,ML,06,349324
Sanandaj,35.31495,46.99883,IR,16,349176
Chita,52.04311,113.49171,RU,93,349005
San Pedro,14.3595,121.0473,PH,40,348968
Alicante,38.34517,-0.48149,ES,60,348901
Bimbo,4.25671,18.41583,CF,17,348802
Kalemyo,23.19014,94.06405,MM,10,348573
Belfast,54.59682,-5.92541,GB,NIR,348005
Long Bien,21.03333,105.9,VN,01,347829
Camagüey,21.38083,-77.91694,CU,05,347562
Bilbao,43.26271,-2.92528,ES,59,347342
Ambon,-3.69583,128.18333,ID,28,347288
Brest,52.10894,23.71749,BY,01,347138
Ribeirão das Neves,-19.76694,-44.08667,BR,15,346971
Chifeng,42.26833,118.96361,CN,20,346654
Central Coast,-33.42979,151.37144,AU,02,346596
Corrientes,-27.46784,-58.8344,AR,06,346334
Hŭngnam,39.84198,127.63206,KP,03,346082
Avadi,13.1147,80.10981,IN,25,345996
Yunlong,34.25281,117.25167,CN,04,345393
Koshigaya,35.89035,139.78916,JP,34,345353
Coventry,52.40656,-1.51217,GB,ENG,345324
Belgorod,50.60343,36.58091,RU,09,345289
Toamasina,-18.1492,49.40234,MG,31,345107
Logan City,-27.63917,153.10944,AU,04,345098
Ōtsu,35.0,135.86667,JP,35,345070
Kosti,13.1629,32.66347,SD,41,345068
Qitaihe,45.768,130.9953,CN,08,345033
Doha,25.28545,51.53096,QA,01,344939
Kadapa,14.47995,78.82346,IN,02,344893
Nakano,35.70449,139.66946,JP,40,344880
Cirebon,-6.7063,108.557,ID,30,344851
Turmero,10.22856,-67.47421,VE,04,344700
Tokorozawa,35.79916,139.46903,JP,34,344194
Cabanatuan City,15.48586,120.96648,PH,03,343672
Pizhou,34.31139,117.95028,CN,04,343421
Darnytsya,50.41596,30.69534,UA,12,343384
Dire Dawa,9.59306,41.86611,ET,48,343000
Annaba,36.9,7.76667,DZ,37,342703
Nice,43.70313,7.26608,FR,93,342669
Iligan,8.2289,124.24344,PH,10,342618
Soledad,10.91843,-74.76459,CO,04,342556
Temara,33.92866,-6.90656,MA,04,342345
Shiqi,22.51682,113.38521,CN,30,342306
Paulista,-7.94083,-34.87306,BR,30,342167
Obalende,6.44694,3.41528,NG,05,342000
Kukatpally,17.48486,78.41376,IN,40,341709
Laixi,36.85917,120.52694,CN,25,341470
Dihok,36.86608,42.9879,IQ,08,340900
Kaluga,54.53063,36.27,RU,25,340851
Bắc Từ Liêm,21.06532,105.74661,VN,01,340605
Celaya,20.52181,-100.81399,MX,11,340387
Serekunda,13.43833,-16.67806,GM,01,340000
Kafrul,23.78822,90.37359,BD,81,339734
Karşıyaka,38.45772,27.1142,TR,35,339624
Ḩadā’iq al Qubbah,30.08843,31.28351,EG,11,339612
Makiyivka,48.04782,37.92576,UA,05,338968
West Raleigh,35.78682,-78.66389,US,NC,338759
Cuernavaca,18.9261,-99.23075,MX,17,338650
Markham,43.86682,-79.2663,CA,08,338503
São Vicente,-23.96306,-46.39194,BR,27,338326
Kaesŏng,37.97083,126.55444,KP,19,338155
Tungi,23.89154,90.40232,BD,81,337579
Krasnogvargeisky,59.97305,30.47607,RU,66,337091
Randburg,-26.0941,28.00123,ZA,06,337053
Safi,32.29939,-9.23718,MA,07,336883
Simferopol,44.95719,34.11079,UA,11,336460
Lublin,51.25058,22.57009,PL,75,336339
Pelotas,-31.76997,-52.34101,BR,23,336150
San José,9.93388,-84.08489,CR,08,335007
Orlando,28.53834,-81.37924,US,FL,334854
Viña del Mar,-33.02457,-71.55183,CL,01,334248
Qazvin,36.26877,50.0041,IR,38,333635
Asahikawa,43.77063,142.36489,JP,12,333530
Kāmārhāti,22.67111,88.37472,IN,28,332965
Tepic,21.50733,-104.89332,MX,18,332863
Wŏnju,37.35139,127.94528,KR,06,332849
Wad Medani,14.40118,33.51989,SD,38,332714
Quận Mười Một,10.76383,106.64355,VN,79,332536
Nukus,42.45861,59.60576,UZ,09,332500
Konak,38.4,27.1,TR,35,332277
Maebashi,36.4,139.08333,JP,10,332149
Kita,35.75264,139.73348,JP,40,332140
Ciudad Victoria,23.74061,-99.14364,MX,28,332100
Soledad de Graciano Sánchez,22.18912,-100.93792,MX,24,332072
Kochi,33.55,133.53333,JP,20,332059
Bielefeld,52.03333,8.53333,DE,07,331906
Blida,36.47004,2.8277,DZ,20,331779
Kwai Chung,22.36828,114.13877,HK,NKT,331600
Mandaue City,10.32361,123.92222,PH,07,331320
Ganja,40.68157,46.36134,AZ,20,330663
Khorramshahr,30.44079,48.18428,IR,15,330606
Bonn,50.73438,7.09549,DE,07,330579
Mathura,27.5035,77.67215,IN,36,330511
Hechi,24.69285,108.08376,CN,16,330131
Bydgoszcz,53.1235,18.00762,PL,73,330038
Smolensk,54.77826,32.05088,RU,69,330025
Oral,51.24601,51.42558,KZ,07,330000
Khorramabad,33.48778,48.35583,IR,23,329825
Soyapango,13.71024,-89.13989,SV,10,329708
Tongshan,34.18045,117.15707,CN,04,329661
Guédiawaye,14.77446,-17.40212,SN,01,329659
Plovdiv,42.15387,24.75001,BG,51,329489
Ciudad Obregón,27.48642,-109.94079,MX,26,329404
Wŏnsan,39.15278,127.44361,KP,09,329207
Brent,51.55306,-0.3023,GB,ENG,329100
Pavlodar,52.27601,76.96881,KZ,11,329002
Chānda,19.95076,79.29523,IN,16,328351
Canoas,-29.91778,-51.18361,BR,23,328291
Kōriyama,37.4,140.38333,JP,08,327692
Sochi,43.59699,39.72477,RU,38,327608
Aksaray,38.37255,34.02537,TR,75,327575
Vijayapura,16.82442,75.71537,IN,19,327427
Chipata,-13.63333,32.65,ZM,03,327059
Chongjin,41.79556,129.77583,KP,17,327000
Yanji,42.88825,129.50241,CN,05,326957
Roodepoort,-26.1625,27.8725,ZA,06,326416
Pucallpa,-8.37915,-74.55387,PE,25,326040
Mogi das Cruzes,-23.52278,-46.18833,BR,27,325746
Córdoba,37.89155,-4.77275,ES,51,325708
Birkenhead,53.39337,-3.01479,GB,ENG,325264
Nantes,47.21725,-1.55336,FR,52,325070
Ilesa,7.62789,4.74161,NG,42,325000
Pekalongan,-6.8886,109.6753,ID,07,324564
Bhatara,23.8,90.45,BD,81,324300
Espoo,60.2052,24.6522,FI,01,323910
Kikuyu,-1.24627,36.66291,KE,22,323881
Kluang,2.03046,103.31689,MY,01,323762
Lincang,23.87972,100.09455,CN,29,323708
Nottingham,52.9536,-1.15047,GB,ENG,323632
Ramiros,-9.06259,13.0456,AO,20,323576
Al ‘Amārah,31.83561,47.14483,IQ,14,323302
Volzhsky,48.78583,44.77973,RU,84,323293
Vaughan,43.8361,-79.49827,CA,08,323103
Xingyi,25.09617,104.90639,CN,18,322890
Shivamogga,13.93157,75.56791,IN,19,322650
Alwar,27.56246,76.625,IN,24,322568
Uíge,-7.60874,15.06131,AO,15,322531
Taubaté,-23.02639,-45.55528,BR,27,322397
Ixtapaluca,19.31556,-98.88284,MX,15,322271
Osh,40.52828,72.7985,KG,08,322164
Portoviejo,-1.05764,-80.45145,EC,14,321800
Villavicencio,4.13238,-73.62564,CO,19,321717
Man’gyŏngdae-ri,38.99182,125.65871,KP,12,321690
Camaçari,-12.6975,-38.32417,BR,05,321636
San Miguelito,9.05032,-79.47068,PA,08,321501
Shāhjānpur,27.88165,79.90918,IN,36,320434
Lexington,37.98869,-84.47772,US,KY,320347
Tantou,22.75121,113.83496,CN,30,320304
Suzano,-23.5425,-46.31083,BR,27,320261
Anápolis,-16.32667,-48.95278,BR,29,319587
Kaech’ŏn,39.70056,125.89333,KP,15,319554
Jūnāgadh,21.51966,70.45981,IN,09,319462
Islington,51.53622,-0.10304,GB,ENG,319143
Holguín,20.88722,-76.26306,CU,12,319102
Ust-Kamenogorsk,49.97143,82.60586,KZ,15,319067
Tsuen Wan,22.37137,114.11329,HK,NTW,318916
Zinder,13.80716,8.9881,NE,07,318874
Saransk,54.18485,45.17166,RU,46,318841
Al Diwaniyah,31.99289,44.92552,IQ,04,318801
Varna,43.21912,27.91024,BG,61,318737
Hafizabad,32.07095,73.68802,PK,04,318621
Marne La Vallée,48.83584,2.64241,FR,11,318325
Palangkaraya,-2.20833,113.91667,ID,13,318247
Damanhur,31.03408,30.46823,EG,03,318207
Chiniot,31.72091,72.97836,PK,04,318165
Popayán,2.43823,-76.61316,CO,09,318059
Reading,51.45625,-0.97113,GB,ENG,318014
Geita,-2.8725,32.2325,TZ,28,318006
Constanţa,44.18073,28.63432,RO,14,317832
New Delhi,28.62137,77.2148,IN,07,317797
Thessaloníki,40.64072,22.93493,GR,ESYE12,317778
Thiès,14.78944,-16.92602,SN,07,317763
Naha,26.213,127.67851,JP,47,317625
Riverside,33.95335,-117.39616,US,CA,317261
Baicheng,45.61751,122.83302,CN,05,316970
Chimbote,-9.07508,-78.59373,PE,02,316966
Bari,41.12066,16.86982,IT,13,316491
Barueri,-23.51056,-46.87611,BR,27,316473
Corpus Christi,27.80058,-97.39638,US,TX,316239
Thrissur,10.51667,76.21667,IN,13,315957
Cherepovets,59.13333,37.9,RU,85,315738
Eloy Alfaro,-2.16919,-79.83987,EC,10,315724
Hamburg-Nord,53.58935,9.984,DE,04,315514
Al-Kut,32.5128,45.81817,IQ,16,315162
Muar,2.0442,102.5689,MY,01,314776
Şişli,41.06046,28.98717,TR,34,314684
Lexington-Fayette,38.0498,-84.45855,US,KY,314488
Maroua,10.59095,14.31593,CM,12,314122
Kingston upon Hull,53.7446,-0.33525,GB,ENG,314018
Preston,53.76282,-2.70452,GB,ENG,313332
Lianshan,40.76432,120.85327,CN,19,313247
Denizli,37.77417,29.0875,TR,20,313238
Ikeja,6.59651,3.34205,NG,05,313196
New Cairo,30.03,31.47,EG,11,313139
Al Qāhirah al Jadīdah,30.04214,31.44446,EG,00,313139
Vitória,-20.31944,-40.33778,BR,08,312656
Palmira,3.53944,-76.30361,CO,29,312519
Vologda,59.2239,39.88398,RU,85,312420
Iligan City,8.25,124.4,PH,12,312323
Catania,37.49223,15.07041,IT,15,311584
Jardim Angela,-23.71636,-46.76872,BR,27,311432
Nizāmābād,18.67154,78.0988,IN,40,311152
Cincinnati,39.12711,-84.51439,US,OH,311097
Percut,3.6253,98.864,ID,26,311063
Coatzacoalcos,18.14905,-94.4447,MX,30,310698
Santa Ana,33.74557,-117.86783,US,CA,310227
Sariwŏn-si,38.50722,125.75583,KP,07,310100
Botshabelo,-29.26737,26.72595,ZA,03,309714
Butuan,8.94917,125.54361,PH,13,309709
Shahrīār,35.65884,51.05775,IR,26,309607
Qods,35.7214,51.109,IR,26,309605
Gia Lâm,21.02,105.939,VN,01,309353
Kurgan,55.44905,65.34344,RU,40,309285
Tampico,22.28519,-97.87777,MX,28,309003
Akowonjo,6.61012,3.30968,NG,05,308900
Cabuyao,14.2726,121.1262,PH,40,308745
Tabora,-5.01622,32.82663,TZ,17,308741
Kasugai,35.24762,136.97229,JP,01,308681
An Nhơn,13.88579,109.10823,VN,52,308396
Alimosho,6.60656,3.30235,NG,05,308290
Ciudad Benito Juárez,25.6466,-100.09142,MX,19,308285
Münster,51.96236,7.62571,DE,07,308258
Mannheim,49.4891,8.46694,DE,01,307960
Karawang,-6.30525,107.3197,ID,30,307880
Akita,39.71667,140.11667,JP,02,307672
Tumkūr,13.34136,77.1022,IN,19,307359
Chinju,35.19278,128.08472,KR,20,307242
Parbhani,19.26855,76.77081,IN,16,307170
Hisar,29.15394,75.72294,IN,10,307024
Iksan,35.94389,126.95444,KR,03,307000
Fīrozābād,27.15092,78.39781,IN,36,306409
Palmas,-10.16745,-48.32766,BR,31,306296
Vladikavkaz,43.04101,44.66986,RU,68,306258
Port-de-Paix,19.93984,-72.83037,HT,03,306217
Damietta,31.41648,31.81332,EG,20,305920
Posadas,-27.39184,-55.92379,AR,14,305874
Parauapebas,-6.0675,-49.90222,BR,16,305771
Brakpan,-26.23656,28.36938,ZA,06,305692
Stockton,37.9577,-121.29078,US,CA,305658
Juazeiro do Norte,-7.21306,-39.31528,BR,06,305531
Yokkaichi,34.96667,136.61667,JP,23,305424
Kulti,23.73166,86.84372,IN,28,305405
Tláhuac,19.28689,-99.00507,MX,09,305076
Sapele,5.89405,5.67666,NG,36,305000
Kashan,33.98237,51.42769,IR,28,304487
Kāshān,34.00228,51.43879,IR,28,304487
Pittsburgh,40.44062,-79.99589,US,PA,304391
Armenia,4.53656,-75.67263,CO,23,304314
Santa Catarina,25.67325,-100.45813,MX,19,304052
Sumbawanga,-7.96667,31.61667,TZ,24,303986
Orël,52.96879,36.0791,RU,56,303696
Akashi,34.65524,135.00687,JP,13,303601
Hai Bà Trưng,21.01341,105.84772,VN,01,303586
Kurume,33.31667,130.51667,JP,07,303579
Graz,47.06733,15.44197,AT,06,303270
Saint Paul,44.94441,-93.09327,US,MN,303176
Saltivskyi,49.99897,36.31605,UA,07,302600
Nghi Sơn,19.32746,105.82145,VN,38,302210
Karnāl,29.69197,76.98448,IN,10,302140
Changyi,36.85361,119.39083,CN,25,302072
Ciudad del Este,-25.5036,-54.65067,PY,01,301815
Rosetta,31.39951,30.41718,EG,03,301795
Barddhamān,23.25572,87.85691,IN,28,301725
Toshima,35.76126,139.74491,JP,40,301599
Kediri,-7.81667,112.01667,ID,08,301424
Solwezi,-12.1688,26.38938,ZM,06,301370
Hamburg-Mitte,53.55,10.01667,DE,04,301231
Augsburg,48.37154,10.89851,DE,02,301105
South Dublin,53.29026,-6.34151,IE,L,301075
Valladolid,41.65541,-4.72353,ES,55,300618
Miri,4.39928,113.99163,MY,11,300543
Xinyi,34.38424,118.34617,CN,04,300511
Mardan,34.19794,72.04965,PK,03,300424
Surgut,61.25757,73.41775,RU,32,300367
Swansea,51.62079,-3.94323,GB,WLS,300352
San Pablo,14.0683,121.3256,PH,40,300166
Newcastle upon Tyne,54.97328,-1.61396,GB,ENG,300125
Gundupālaiyam,11.94096,79.80294,IN,22,300104
Várzea Grande,-15.64667,-56.1325,BR,14,300078
Gatineau,45.47723,-75.70164,CA,10,300045
Yangshuo,24.78081,110.48967,CN,16,300000
Biñan,14.34267,121.08071,PH,40,300000
Malir Cantonment,24.94343,67.20591,PK,05,300000
Winejok,9.01222,27.57081,SS,05,300000
Batikent,39.96833,32.73083,TR,68,300000
Mérida,8.57899,-71.16922,VE,14,300000
Linqu,36.51556,118.53972,CN,25,299646
Uruapan,19.41677,-102.05842,MX,16,299523
Pātan,27.67658,85.31417,NP,3,299283
Fergana,40.38421,71.78432,UZ,03,299200
Bahía Blanca,-38.7176,-62.26545,AR,01,299101
Kaiyuan,23.69767,103.30372,CN,29,299000
Santol,15.16222,120.5675,PH,03,298976
Kaolack,14.15197,-16.07259,SN,10,298904
Jember,-8.17211,113.69953,ID,08,298585
Aomori,40.81667,140.73333,JP,03,298394
Bārāsat,22.72154,88.48198,IN,28,298127
Mulugu,18.191,79.943,IN,40,297671
Foz do Iguaçu,-25.54778,-54.58806,BR,18,297352
Bihār Sharīf,25.20084,85.52389,IN,34,297268
Tegal,-6.8694,109.1402,ID,07,297173
Grozny,43.31195,45.68895,RU,12,297137
Boma,-5.85098,13.05364,CD,08,297009
Bāli,22.64859,88.34115,IN,28,296973
Pu'er,22.78863,100.97481,CN,29,296565
Rāmpur,28.81014,79.02699,IN,36,296418
Darbhanga,26.15216,85.89707,IN,34,296039
Panipat,29.38747,76.96825,IN,10,295970
Mwene,-9.81697,22.87023,CD,22,295683
Białystok,53.13333,23.16433,PL,81,295683
São José,-27.61528,-48.6275,BR,26,295658
Rufisque,14.71542,-17.27334,SN,01,295459
Murmansk,68.96778,33.09922,RU,49,295374
Tirupati,13.63551,79.41989,IN,02,295323
Southend-on-Sea,51.53782,0.71433,GB,ENG,295310
Petrópolis,-22.505,-43.17861,BR,21,294926
Guarujá,-23.99306,-46.25639,BR,27,294871
Itajaí,-26.90778,-48.66194,BR,26,294850
Lincoln,40.8,-96.66696,US,NE,294757
Phu Quoc,10.22409,103.97156,VN,91,294419
Baiyin,36.54696,104.17023,CN,15,294400
Fukushima,37.75,140.46667,JP,08,294237
Bergen,60.39299,5.32415,NO,46,294029
Greater Noida,28.49615,77.53601,IN,36,293908
Noida,28.58,77.33,IN,36,293908
Tambov,52.73632,41.44102,RU,72,293661
Vigo,42.23282,-8.72264,ES,58,293642
Aizawl,23.72894,92.71791,IN,31,293416
Banjarbaru,-3.4406,114.8365,ID,12,293332
Thanh Xuân,20.99472,105.79977,VN,01,293292
Al Hufūf,25.36467,49.58764,SA,06,293179
Cholula,19.06406,-98.30352,MX,21,292881
Gandhinagar,23.21667,72.68333,IN,09,292797
Semey,50.42064,80.25025,KZ,12510143,292780
Cầu Giấy,21.03228,105.80073,VN,01,292536
Dindigul,10.36896,77.98036,IN,25,292512
Ponta Grossa,-25.095,-50.16194,BR,18,292177
Kamoke,31.97526,74.22304,PK,04,292023
Limeira,-22.56472,-47.40167,BR,27,291869
Thanjavur,10.78523,79.13909,IN,25,291067
Kariega,-33.75562,25.40074,ZA,05,291052
Adıyaman,37.76441,38.27629,TR,02,290883
Al Mubarraz,25.40768,49.59028,SA,06,290802
Resistencia,-27.46363,-58.98665,AR,03,290793
Morioka,39.7,141.15,JP,16,290700
Atyrau,47.1048,51.88427,KZ,06,290700
Sector 2,44.4528,26.13321,RO,10,290507
Xiuying,20.00073,110.29359,CN,31,290000
San Cristóbal,7.76593,-72.23576,VE,20,289852
Cileungsir,-6.39472,106.95917,ID,30,289833
Karīmnagar,18.43915,79.12856,IN,40,289821
Victoria,48.4359,-123.35155,CA,02,289625
Anchorage,61.21806,-149.90028,US,AK,289600
Dewas,22.96585,76.05526,IN,35,289550
Batna,35.55597,6.17414,DZ,03,289504
Kaunas,54.90156,23.90909,LT,57,289380
Sonīpat,28.99478,77.01937,IN,10,289333
Machala,-3.25886,-79.95876,EC,08,289141
Wiesbaden,50.08601,8.24435,DE,05,288850
Meads,38.41258,-82.70905,US,KY,288649
Kabwe,-14.4469,28.44644,ZM,02,288598
Sinŭiju,40.10056,124.39806,KP,11,288112
Meguro,35.6322,139.70174,JP,40,288088
Sector 4,44.37571,26.12085,RO,10,287828
Sumida,35.73289,139.82085,JP,40,287766
Ibaraki,34.81641,135.56828,JP,32,287730
Bắc Ninh,21.18608,106.07631,VN,24,287658
Ichalkaranji,16.69117,74.46054,IN,16,287353
Marienthal,53.56667,10.08333,DE,04,287101
Phú Mỹ,10.63333,107.06667,VN,79,287055
Ceilândia,-15.8091,-48.13096,BR,07,287023
Katowice,50.2597,19.02173,PL,83,286960
Adapazarı,40.78056,30.40333,TR,54,286787
Cluj-Napoca,46.76667,23.6,RO,13,286598
Gunpo,37.3675,126.94694,KR,13,286485
Songea,-10.68333,35.65,TZ,14,286285
Butembo,0.14164,29.29117,CD,11,286242
Tacna,-18.01465,-70.25362,PE,23,286240
Tin Shui Wai,22.45679,114.00234,HK,NYL,286232
Long Xuyên,10.38639,105.43518,VN,91,286140
Savar,23.84858,90.25002,BD,81,286008
Bathinda,30.20747,74.93893,IN,23,285788
Henderson,36.0397,-114.98194,US,NV,285667
Jālna,19.84102,75.88636,IN,16,285577
Sekondi,4.93422,-1.71454,GH,09,285506
Kyengera,0.29517,32.50159,UG,C,285400
Greensboro,36.07264,-79.79198,US,NC,285342
Haifa,32.81303,34.99928,IL,04,285316
Århus,56.15674,10.21076,DK,18,285273
Dengzhou,32.68273,112.08873,CN,09,285032
Artux,39.70842,76.17971,CN,13,285000
Chuncheon,37.87472,127.73417,KR,06,284855
Alto Barinas,8.5931,-70.2261,VE,05,284289
Mbour,14.42196,-16.96375,SN,07,284189
Brighton,50.82838,-0.13947,GB,ENG,283870
Karlsruhe,49.00937,8.40444,DE,01,283799
Port Moresby,-9.47723,147.15089,PG,20,283733
Minya,28.09193,30.75813,EG,10,283605
Plano,33.01984,-96.69889,US,TX,283558
Marabá,-5.38146,-49.13232,BR,16,283542
Ichihara,35.51667,140.08333,JP,04,283531
Qibao,31.15267,121.35688,CN,23,283352
Kirāri Sulemānnagar,28.69736,77.0648,IN,07,283211
Cainta,14.5786,121.1222,PH,40,283172
Satna,24.57726,80.82719,IN,35,282977
Geelong,-38.14711,144.36069,AU,07,282809
Chernihiv,51.50541,31.28656,UA,02,282747
Xinyuan,43.42649,83.24959,CN,13,282718
Chapecó,-27.09639,-52.61833,BR,26,282648
Ba Vì,21.08333,105.38333,VN,01,282600
Valparaíso,-33.036,-71.62963,CL,01,282448
Ica,-14.07538,-75.73422,PE,11,282407
Purnia,25.77895,87.47422,IN,34,282248
Newark,40.73566,-74.17237,US,NJ,281944
Itagüí,6.18461,-75.59913,CO,02,281853
Nicolás Romero,19.64177,-99.3068,MX,15,281799
Gebze,40.80276,29.43068,TR,41,281436
Lichinga,-13.31278,35.24056,MZ,07,281341
Narsingdi,23.92298,90.71768,BD,81,281080
Zeytinburnu,40.99441,28.90417,TR,34,280896
Sfax,34.74056,10.76028,TN,32,280566
Zumpango,19.7967,-99.09946,MX,15,280455
Merkezefendi,37.80544,29.04236,TR,20,280341
Madison,43.07305,-89.40123,US,WI,280305
Bukhara,39.77026,64.43069,UZ,02,280187
Wollongong,-34.424,150.89345,AU,02,280153
Volta Redonda,-22.52306,-44.10417,BR,21,279971
Ostrava,49.83465,18.28204,CZ,85,279791
St. Louis,38.62727,-90.19789,US,MO,279695
Poltava,49.58925,34.55367,UA,18,279593
Sumaré,-22.82194,-47.26694,BR,27,279545
Efon-Alaaye,7.65649,4.92235,NG,54,279319
Binjai,3.6001,98.4854,ID,26,279302
Pematangsiantar,2.9595,99.0687,ID,26,279198
Petrozavodsk,61.78491,34.34691,RU,28,279190
Enshi,30.3,109.48333,CN,12,279185
Taganrog,47.23627,38.9053,RU,61,279056
Santa Teresa del Tuy,10.23291,-66.66474,VE,15,278890
Quảng Ngãi,15.12047,108.79232,VN,51,278496
Qarshi,38.86056,65.78905,UZ,08,278300
Tanghe,32.68545,112.83234,CN,09,278055
Coacalco,19.62923,-99.10689,MX,15,277959
Sincelejo,9.3045,-75.3905,CO,27,277773
Khomeynī Shahr,32.6856,51.53609,IR,28,277334
Kostroma,57.76638,40.92828,RU,37,277280
Imphal,24.80805,93.9442,IN,17,277196
Gagnoa,6.13193,-5.9506,CI,95,277044
Ulu Bedok,1.33333,103.93333,SG,00,276990
Bedok New Town,1.32639,103.94167,SG,04,276990
Owo,7.1962,5.58681,NG,48,276574
Suncheon,34.9505,127.48784,KR,16,276375
Fangchenggang,21.76945,108.35661,CN,16,276315
Komsomolsk-on-Amur,50.55034,137.00995,RU,30,275908
Abbottabad,34.1463,73.21168,PK,03,275890
Kaili,26.58583,107.97972,CN,18,275745
Hakodate,41.77583,140.73667,JP,12,275730
Yamoussoukro,6.82055,-5.27674,CI,81,275686
Bab Ezzouar,36.72615,3.18291,DZ,01,275630
Strasbourg,48.58392,7.74553,FR,44,274845
Saugor,23.83877,78.73874,IN,35,274556
Neihu,25.0815,121.58809,TW,04,274538
Tsu,34.73333,136.51667,JP,23,274537
Xingning,24.1483,115.72272,CN,30,274499
Linxia Chengguanzhen,35.60028,103.20639,CN,15,274466
Khmelnytskyi,49.41835,26.97936,UA,09,274452
Kushinagar,26.74134,83.88689,IN,36,274403
Saddiqabad,28.3091,70.12652,PK,04,274210
Loja,-3.99313,-79.20422,EC,12,274112
Tai Po,22.45007,114.16877,HK,NTP,274100
Isfara,40.12649,70.62526,TJ,03,274000
Luena,-11.78333,19.91667,AO,14,273675
Taboão da Serra,-23.62611,-46.79167,BR,27,273542
Istaravshan,39.9142,69.00328,TJ,03,273500
Turpan,42.94769,89.17886,CN,13,273385
Rourkela,22.22496,84.86414,IN,21,273317
Yao,34.61667,135.6,JP,32,273213
Banī Suwayf,29.07441,31.09785,EG,18,273151
Imperatriz,-5.52639,-47.49167,BR,13,273110
Nagar Naluākot,24.15608,90.7728,BD,81,273000
Guantánamo,20.14444,-75.20917,CU,10,272801
Baguio,16.41639,120.59306,PH,15,272714
Ar Rayyān,25.29194,51.42444,QA,06,272465
Polokwane,-23.90449,29.46885,ZA,09,272461
Ljubljana,46.05108,14.50513,SI,61,272220
Jalālābād,34.42647,70.45153,AF,18,271900
Deir ez-Zor,35.33588,40.14084,SY,07,271800
Gijón,43.53573,-5.66152,ES,34,271780
Santa Maria,-29.68417,-53.80694,BR,23,271735
Parnamirim,-5.91556,-35.26278,BR,22,271713
Hafar Al-Batin,28.43279,45.97077,SA,06,271642
Kakogawachō-honmachi,34.76943,134.82905,JP,13,271634
Sector 5,44.38808,26.07144,RO,10,271575
Quận Sáu,10.7468,106.64903,VN,79,271050
Capao Redondo,-23.66877,-46.78051,BR,27,270767
Mỹ Tho,10.36004,106.35996,VN,82,270700
Mito,36.35,140.45,JP,14,270685
Derby,52.92277,-1.47663,GB,ENG,270468
Dessie,11.13333,39.63333,ET,46,270400
Hạ Long,20.95045,107.07336,VN,22,270054
Gelsenkirchen,51.50508,7.09654,DE,07,270028
Longling County,24.58663,98.68934,CN,29,270000
Cherkasy,49.44452,32.05738,UA,01,269836
Malolos,14.8443,120.81039,PH,03,269809
Southampton,50.90395,-1.40428,GB,ENG,269781
Kapar,3.13333,101.38333,MY,12,269627
Çorum,40.54889,34.95333,TR,19,269595
Ghulja,43.91515,81.32151,CN,13,269158
Eimsbüttel,53.57416,9.95679,DE,04,269118
Merlo,-34.66536,-58.72744,AR,01,268961
Yeosu,34.76062,127.66215,KR,16,268823
Durg,21.19147,81.27619,IN,37,268806
Fuling,29.70997,107.39391,CN,33,268658
Mokpo,34.81282,126.39181,KR,16,268402
Birgañj,27.01736,84.88047,NP,2,268273
Yoshkar-Ola,56.63877,47.89078,RU,45,268272
Russeifa,32.01778,36.04639,JO,17,268237
Banda Aceh,5.54167,95.33333,ID,01,267962
Shibīn al Kawm,30.55258,31.00904,EG,09,267945
Mirpur Khas,25.5276,69.01255,PK,05,267833
Sengkang New Town,1.39167,103.89444,SG,02,267600
Floridablanca,7.06222,-73.08644,CO,26,267591
Tokushima,34.06667,134.56667,JP,39,267345
Sterlitamak,53.63793,55.9533,RU,08,267231
Anantapur,14.67784,77.60813,IN,02,267161
Gyeongsan-si,35.82333,128.73778,KR,14,266951
Sohag,26.55695,31.69478,EG,24,266944
Nagaoka,37.45,138.85,JP,29,266936
Sapopemba,-23.59556,-46.52472,BR,27,266715
Saint-Marc,19.11136,-72.70078,HT,06,266642
Governador Valadares,-18.85111,-41.94944,BR,15,266561
Eixample,41.38896,2.16179,ES,56,266477
São Carlos,-22.0175,-47.89083,BR,27,266427
Bagerhat,22.65657,89.79123,BD,82,266388
Az-Zuhūr,31.26504,32.26405,EG,19,266381
Hà Tĩnh,18.34282,105.90569,VN,42,266321
Saskatoon,52.13238,-106.66892,CA,11,266141
Chengzhong,30.94454,113.55284,CN,12,265886
Djelfa,34.67279,3.263,DZ,22,265833
Chula Vista,32.64005,-117.0842,US,CA,265757
Shimonoseki,33.95548,130.93713,JP,45,265684
Toledo,41.66394,-83.55521,US,OH,265638
Kibaha,-6.76667,38.91667,TZ,02,265360
Hulan Ergi,47.20417,123.63333,CN,08,265344
Tampines Estate,1.35806,103.94028,SG,00,265340
Bordeaux,44.84124,-0.58046,FR,75,265328
Aachen,50.77664,6.08342,DE,07,265208
Gent,51.05,3.71667,BE,VLG,265086
Gravataí,-29.94218,-50.99278,BR,23,265074
Cité Soleil,18.58028,-72.33806,HT,11,265072
Mantampay,8.16667,124.21667,PH,10,265032
Ratlām,23.33033,75.04032,IN,35,264914
Nogales,31.30862,-110.94217,MX,26,264782
El Daein,11.46186,26.12583,SD,60,264734
Donghai,22.94593,115.64204,CN,30,264709
Dezful,32.38114,48.40581,IR,15,264709
Gunsan,35.97861,126.71139,KR,03,264656
Mossoró,-5.1875,-37.34417,BR,22,264577
Macaé,-22.38484,-41.78324,BR,21,264439
Rānipet,12.92471,79.33331,IN,25,264330
Brāhmanbāria,23.97464,91.11228,BD,84,264326
Porto-Novo,6.49646,2.60359,BJ,16,264320
Chernivtsi,48.29045,25.93241,UA,03,264298
Jersey City,40.72816,-74.07764,US,NJ,264290
Manta,-0.94937,-80.73137,EC,14,264281
Reno,39.52963,-119.8138,US,NV,264165
Bégoua,4.45437,18.53475,CF,17,264067
Riobamba,-1.66506,-78.65887,EC,06,264048
Sivas,39.74833,37.01611,TR,58,264022
Dourados,-22.22111,-54.80556,BR,11,264017
Rondonópolis,-16.47083,-54.63556,BR,14,263708
Wolverhampton,52.58547,-2.12296,GB,ENG,263700
Huayin,34.56528,110.06639,CN,26,263352
Pasarkemis,-6.17028,106.53028,ID,30,263289
Fanling,22.49487,114.13949,HK,NNO,263200
Chiayi City,23.47917,120.44889,TW,04,263188
Dongtai,32.85231,120.30947,CN,04,262873
Fuchū,35.67452,139.48216,JP,40,262790
Jurong Town,1.33417,103.72278,SG,05,262730
Marāgheh,37.39206,46.23909,IR,33,262604
Marāgheh,35.82916,59.63324,IR,42,262604
Quilmes,-34.72065,-58.25454,AR,01,262379
Fukui-shi,36.06443,136.22257,JP,06,262328
Lal Bahadur Nagar,17.34769,78.55757,IN,40,261987
Mönchengladbach,51.18539,6.44172,DE,07,261742
Bagong Silang,14.7783,121.04487,PH,NCR,261729
Zhytomyr,50.26235,28.67913,UA,27,261624
Karamay,45.58473,84.88724,CN,13,261445
Sacomã,-23.63083,-46.59817,BR,27,261436
Arrah,25.55629,84.66335,IN,34,261430
Tongliao,43.6125,122.26528,CN,20,261110
Bariadi,-2.8,33.98333,TZ,31,260927
Antsirabe,-19.86586,47.03333,MG,12,260907
Chandler,33.30616,-111.84125,US,AZ,260828
Yei,4.09444,30.67639,SS,01,260720
Chilanzar,41.28194,69.18111,UZ,13,260700
Tampere,61.49911,23.78712,FI,06,260646
Mahajanga,-15.71667,46.31667,MG,41,260556
Minato City,35.6581,139.7515,JP,40,260486
Fort Wayne,41.1306,-85.12886,US,IN,260326
Plymouth,50.37153,-4.14305,GB,ENG,260203
Nianbo,36.48,102.41639,CN,06,260184
Baranagar,22.64132,88.37727,IN,28,260072
Skardu,35.29787,75.63372,PK,07,260000
Marawi City,8.0034,124.28395,PH,14,259993
Tampines New Town,1.34917,103.94972,SG,00,259900
Embu das Artes,-23.64889,-46.85222,BR,27,259788
Qo‘qon,40.52861,70.9425,UZ,03,259700
Jardim Sao Luis,-23.68073,-46.7394,BR,27,259377
Tacloban,11.24333,125.00472,PH,08,259353
São José de Ribamar,-2.55572,-44.05992,BR,13,259164
Changle,36.70583,118.8275,CN,25,259161
Gajuwaka,17.7,83.21667,IN,02,258944
Jining,41.0275,113.10583,CN,20,258757
North Shore,-36.8,174.75,NZ,E7,258697
Rishon LeTsiyyon,31.97102,34.78939,IL,02,258535
Hiratsuka,35.32785,139.33735,JP,19,258422
Stoke-on-Trent,53.00415,-2.18538,GB,ENG,258366
Buffalo,42.88645,-78.87837,US,NY,258071
Verona,45.43854,10.9938,IT,20,258031
Ðà Lạt,11.94646,108.44193,VN,68,258014
San Salvador de Jujuy,-24.1928,-65.29342,AR,10,257970
Durham,35.99403,-78.89862,US,NC,257636
Etāwah,26.77615,79.02133,IN,36,257448
Gasteiz / Vitoria,42.84998,-2.67268,ES,59,257407
Rugao,32.37035,120.57649,CN,04,257400
Gómez Palacio,25.56871,-103.4996,MX,10,257352
St. Petersburg,27.77086,-82.67927,US,FL,257083
L'Hospitalet de Llobregat,41.35967,2.10028,ES,56,257038
Gdynia,54.51889,18.53188,PL,82,257000
Cilacap,-7.72639,109.00944,ID,07,256996
Irvine,33.66946,-117.82311,US,CA,256927
Kitchener,43.42537,-80.5112,CA,08,256885
Suicheng,33.8963,117.93307,CN,04,256665
Nada,19.52134,109.57895,CN,31,256652
Latina,40.38897,-3.74569,ES,29,256644
Los Mochis,25.79097,-108.99825,MX,25,256613
Bratsk,56.1325,101.61417,RU,20,256600
Pachuca de Soto,20.11697,-98.73329,MX,13,256584
Chingola,-12.52897,27.88382,ZM,08,256560
Sumy,50.91741,34.79906,UA,21,256474
Milton Keynes,52.04172,-0.75583,GB,ENG,256385
Indaiatuba,-23.08842,-47.2119,BR,27,256223
Laredo,27.50641,-99.50754,US,TX,256153
Juazeiro,-9.41167,-40.49861,BR,05,256122
Vila Flor,-8.98007,13.30781,AO,20,256066
Germiston,-26.23481,28.17665,ZA,06,255863
Ñuñoa,-33.44735,-70.58279,CL,12,255823
Parakou,9.33716,2.63031,BJ,10,255478
Isiro,2.77391,27.61603,CD,16,255409
Sari,36.56332,53.06009,IR,35,255396
Tarakan,3.31332,117.59152,ID,42,255310
Kenema,7.87687,-11.19025,SL,01,255110
Oaxaca,17.06025,-96.72544,MX,20,255029
Mossamedes,-15.19611,12.15222,AO,13,255000
Al Madīnah,30.96324,47.26998,IQ,02,255000
Hobart,-42.87936,147.32941,AU,06,254930
Ikot Ekpene,5.18194,7.71481,NG,21,254806
Woodlands,1.43801,103.78877,SG,03,254440
Hanam,37.54,127.20556,KR,13,254415
Mueang Nonthaburi,13.86075,100.51477,TH,38,254375
Muridke,31.80258,74.25772,PK,04,254291
Saint-Louis,16.01793,-16.48962,SN,14,254171
Batu Caves,3.238,101.682,MY,12,254083
Novo Hamburgo,-29.67833,-51.13056,BR,23,253841
Jurong West,1.35028,103.72278,SG,00,253840
Singkawang,0.90925,108.98463,ID,11,253812
Cox’s Bāzār,21.43973,92.00955,BD,84,253788
Carabanchel,40.39094,-3.7242,ES,29,253678
Cotia,-23.60389,-46.91917,BR,27,253608
Petaẖ Tiqva,32.08707,34.88747,IL,02,253529
Marg‘ilon,40.47237,71.72463,UZ,03,253500
Ambarnath,19.2,73.16667,IN,16,253475
Godomè,6.38948,2.34581,BJ,09,253262
Naihāti,22.89396,88.41521,IN,28,253221
Braşov,45.64861,25.60613,RO,09,253200
Xuân Lộc,10.93333,107.23333,VN,75,253140
Richards Bay,-28.78301,32.03768,ZA,02,252968
Qina,26.16418,32.72671,EG,23,252883
Bharatpur,27.21731,77.49009,IN,24,252838
Vantaa,60.29414,25.04099,FI,01,252724
Porto,41.1485,-8.61097,PT,17,252687
Kiel,54.32133,10.13489,DE,10,252668
El Fasher,13.62793,25.34936,SD,55,252609
Thiès Nones,14.78333,-16.96667,SN,07,252320
Suihua,46.64814,126.96656,CN,08,252245
Los Teques,10.34954,-67.04266,VE,15,252242
Santiago del Estero,-27.80047,-64.26285,AR,22,252192
Sétif,36.19112,5.41373,DZ,12,252127
Begusarai,25.41853,86.13389,IN,34,252008
Borūjerd,33.8973,48.7516,IR,23,251958
Qarchak,35.42873,51.57757,IR,26,251834
Afyonkarahisar,38.75667,30.54333,TR,03,251799
İskenderun,36.58718,36.17347,TR,31,251682
Santiago de Surco,-12.13588,-77.00742,PE,15,251648
Maracanaú,-3.87667,-38.62556,BR,06,251613
Ota,6.68867,3.23202,NG,16,251546
Thika,-1.03326,37.06933,KE,05,251407
San Fernando,15.03425,120.68445,PH,03,251248
Menongue,-14.6585,17.69099,AO,CBG,251178
Ḩayy Khildā,31.99202,35.84002,JO,16,251000
Jacareí,-23.30528,-45.96583,BR,27,250952
Jimma,7.67344,36.83441,ET,51,250900
Timişoara,45.75372,21.22571,RO,36,250849
Santa Clara,22.40711,-79.96581,CU,16,250512
Iwo,7.63527,4.18156,NG,42,250443
A Coruña,43.37135,-8.396,ES,58,250438
Libertad,8.94417,125.50194,PH,13,250353
Altona,53.55,9.93333,DE,04,250192
La Paz,24.14231,-110.31316,MX,03,250141
Kelar,34.62805,45.31852,IQ,05,250000
Colonia del Valle,19.38611,-99.16204,MX,09,250000
Niš,43.32472,21.90333,RS,SE,250000
Singa,13.1483,33.93117,SD,58,250000
San Bernardo,-33.59217,-70.6996,CL,12,249858
Sōka,35.83643,139.79957,JP,34,249645
Mzuzu,-11.46556,34.02071,MW,N,249564
Navotas,14.66667,120.95,PH,NCR,249463
Tiruvottiyūr,13.15823,80.30181,IN,25,249446
Cidade Ademar,-23.67379,-46.65681,BR,27,249218
Burnaby,49.26636,-122.95263,CA,02,249125
Lubbock,33.57786,-101.85517,US,TX,249042
Thị Trấn Đông Triều,21.08242,106.5138,VN,22,248896
Thuqbah,26.26022,50.20486,SA,06,248888
Yamagata,38.23333,140.36667,JP,44,248772
Tehuacán,18.46422,-97.39735,MX,21,248716
Guarenas,10.47027,-66.61934,VE,15,248588
Laferrere,-34.75049,-58.58464,AR,01,248362
Montpellier,43.61093,3.87635,FR,76,248252
Jimeta,9.27949,12.45819,NG,35,248148
Częstochowa,50.79646,19.12409,PL,83,248125
Gāndhīdhām,23.08333,70.13333,IN,09,247992
Beibei,29.82739,106.43645,CN,33,247702
Insein,16.88874,96.10257,MM,17,247675
City of Westminster,51.4975,-0.1357,GB,ENG,247614
Gilbert,33.35283,-111.78903,US,AZ,247542
Chemnitz,50.8357,12.92922,DE,13,247220
Paraná,-31.73271,-60.52897,AR,08,247139
San Miguel,13.48261,-88.18211,SV,09,247126
Shijie,23.09546,113.79195,CN,30,246960
Chitato,-7.3,20.73333,AO,17,246880
Orsk,51.23206,58.48802,RU,55,246836
Vanderbijlpark,-26.71171,27.83795,ZA,06,246754
Coro,11.40769,-69.67822,VE,11,246657
Americana,-22.73917,-47.33139,BR,27,246655
Gaborone,-24.65451,25.90859,BW,14,246325
Al ‘Āshir min Ramaḑān,30.29636,31.74633,EG,14,246148
Mau,25.94167,83.56111,IN,36,246050
Puerto Montt,-41.4693,-72.94237,CL,14,245902
Northampton,52.25,-0.88333,GB,ENG,245899
Juliaca,-15.5,-70.13333,PE,21,245675
Fuji,35.16667,138.68333,JP,37,245392
Gyeongju,35.84278,129.21167,KR,14,245365
Águas Lindas de Goiás,-15.76194,-48.28167,BR,29,245352
Sinfra,6.62103,-5.91144,CI,92,245226
Syktyvkar,61.66393,50.8163,RU,34,245083
Gorgān,36.8427,54.44391,IR,37,244937
Nizhnevartovsk,60.9344,76.5531,RU,32,244937
Shahkot,31.5709,73.48531,PK,04,244868
Groningen,53.21917,6.56667,NL,04,244807
Biratnagar,26.45505,87.27007,NP,1,244750
Braunschweig,52.26594,10.52673,DE,06,244715
Valera,9.31778,-70.60361,VE,21,244708
Sīkar,27.61206,75.13996,IN,24,244497
Bago,17.33521,96.48135,MM,16,244376
Magdeburg,52.13129,11.63189,DE,14,244329
Baruta,10.43424,-66.87558,VE,15,244216
Puente de Vallecas,40.39354,-3.662,ES,29,244151
Magé,-22.65278,-43.04056,BR,21,244142
Trabzon,41.005,39.72694,TR,61,244083
Tri-Cities,46.2454,-119.19617,US,WA,244036
Jessore,23.16971,89.21371,BD,82,243987
Manisa,38.61202,27.42647,TR,45,243971
Arapiraca,-9.7525,-36.66111,BR,02,243906
Rivne,50.62036,26.23695,UA,19,243873
Padangsidempuan,1.37952,99.27146,ID,26,243843
Probolinggo,-7.7543,113.2159,ID,08,243746
Sabzevar,36.2126,57.68191,IR,42,243700
Musaffah,24.35893,54.48267,AE,01,243341
Brasilandia,-23.44859,-46.68839,BR,27,243273
Sasebo,33.16834,129.72502,JP,27,243223
Angarsk,52.55968,103.91413,RU,20,243158
Mar’ino,55.65,37.71667,RU,48,243000
Ramagundam,18.755,79.474,IN,40,242979
Hāpur,28.72985,77.78068,IN,36,242920
Chigasaki,35.33638,139.40434,JP,19,242798
Toli-Toli,1.04018,120.81764,ID,21,242783
Chōfu,35.65924,139.54837,JP,40,242614
Berbera,10.43959,45.01432,SO,20,242344
Jiyuan,35.08912,112.58815,CN,09,242143
Yamato,35.47276,139.45101,JP,19,242065
Man,7.41251,-7.55383,CI,78,241969
Bahawalnagar,29.99835,73.25272,PK,04,241873
Bahawalnagar,30.55083,73.39083,PK,04,241873
Novorossiysk,44.73188,37.76176,RU,38,241856
Tsukuba,36.08333,140.11667,JP,14,241656
Arica,-18.47552,-70.30058,CL,16,241653
Peñalolén,-33.46836,-70.53411,CL,12,241599
Rio Verde,-17.79806,-50.92806,BR,29,241494
Hải Dương,20.94099,106.33302,VN,31,241373
Winston-Salem,36.09986,-80.24422,US,NC,241218
Farrukhābād,27.39134,79.5793,IN,36,241152
Matsumoto,36.23333,137.96667,JP,26,241145
Alappuzha,9.49004,76.3264,IN,13,240991
Itapevi,-23.54889,-46.93417,BR,27,240961
Katihar,25.53852,87.57044,IN,34,240838
Buenaventura,3.8801,-77.03116,CO,29,240387
Ciudad Ojeda,10.20161,-71.3148,VE,23,240283
Gucun,31.34933,121.39341,CN,23,240185
Glendale,33.53865,-112.18599,US,AZ,240126
Navegantes,-12.58997,13.39123,AO,01,240075
Bunkyo,35.5331,139.4217,JP,19,240069
Itaboraí,-22.74444,-42.85944,BR,21,240040
Klang,3.03667,101.44333,MY,12,240016
Almendares,23.11012,-82.42322,CU,02,240000
Golestān,35.5183,51.1819,IR,26,240000
Vyhurivshchyna-Troyeshchyna,50.51137,30.60251,UA,12,240000
Khimki,55.9001,37.42848,RU,47,239967
Horlivka,48.29986,38.01709,UA,05,239828
Nacala,-14.56257,40.68538,MZ,06,239808
Obolon,50.5132,30.5055,UA,12,239500
Nalchik,43.49806,43.61889,RU,22,239300
Hachinohe,40.5,141.5,JP,03,239046
Sete Lagoas,-19.46583,-44.24667,BR,15,238909
Osan,37.15222,127.07056,KR,13,238788
Fuencarral,40.5,-3.68333,ES,29,238765
Lille,50.63391,3.05512,FR,32,238695
Neyagawa,34.76615,135.62759,JP,32,238549
Ormoc,11.00639,124.6075,PH,08,238545
Cabo Frio,-22.88717,-42.02622,BR,21,238438
Magdalena Contreras,19.33212,-99.21118,MX,09,238431
Nāgarpur,24.05783,89.87696,BD,81,238422
Kasulu,-4.57667,30.1025,TZ,05,238321
Ngaoundéré,7.32765,13.58472,CM,10,238196
Ivano-Frankivsk,48.92312,24.71248,UA,06,238196
Balıkesir,39.64917,27.88611,TR,10,238151
Temuco,-38.73628,-72.59738,CL,04,238129
Norfolk,36.84681,-76.28522,US,VA,238005
Krefeld,51.33645,6.55381,DE,07,237984
Halle (Saale),51.48158,11.97947,DE,14,237865
Sri Ganganagar,29.92009,73.87496,IN,24,237780
Marília,-22.21389,-49.94583,BR,27,237627
Amarapura,21.90709,96.04894,MM,08,237618
Kilamba,-8.84861,13.275,AO,20,237528
Āmol,36.46961,52.35072,IR,35,237528
Freiburg,47.9959,7.85222,DE,01,237460
Athlone,-33.96722,18.50214,ZA,11,237414
Batangas,13.7567,121.0584,PH,40,237370
Al Jubayl,27.0174,49.62251,SA,06,237274
Tŏkch’ŏn,39.75261,126.25798,KP,15,237133
Oldham,53.54051,-2.1183,GB,ENG,237110
Pathein,16.77919,94.73212,MM,03,237089
Hialeah,25.8576,-80.27811,US,FL,237069
Kunri,25.17874,69.56572,PK,05,237063
Sylhet,24.89904,91.87198,BD,86,237000
Paarl,-33.73378,18.97523,ZA,11,236910
Garland,32.91262,-96.63888,US,TX,236897
Podgorica,42.44124,19.26309,ME,16,236852
Scottsdale,33.50921,-111.89903,US,AZ,236839
Hortolândia,-22.85833,-47.22,BR,27,236641
Irving,32.81402,-96.94889,US,TX,236607
Centurion,-25.85891,28.18577,ZA,06,236580
Pākdasht,35.47854,51.6834,IR,26,236319
Kajang,2.99424,101.78875,MY,12,236240
Campo Limpo,-23.63634,-46.76565,BR,27,236162
Yuci,37.68028,112.73194,CN,24,235929
Sant Martí,41.41814,2.19933,ES,56,235719
Eindhoven,51.44083,5.47778,NL,06,235691
Boise,43.6135,-116.20345,US,ID,235684
Rewa,24.53256,81.29234,IN,35,235654
Yakutsk,62.03114,129.72288,RU,63,235600
Bole,44.89334,82.06993,CN,13,235585
Muzaffargarh,30.07258,71.19379,PK,04,235541
Chesapeake,36.81904,-76.27494,US,VA,235429
Uluberiya,22.4756,88.09898,IN,28,235345
Ipatinga,-19.46833,-42.53667,BR,15,235311
Dali,25.58474,100.21229,CN,29,235305
Najafābād,32.63464,51.36525,IR,28,235281
Thành Phố Bà Rịa,10.49626,107.1685,VN,79,235192
Georgetown,6.80448,-58.15527,GY,12,235017
Kismayo,-0.35817,42.54536,SO,09,234852
North Las Vegas,36.19886,-115.1175,US,NV,234807
Elche,38.26218,-0.70107,ES,60,234765
Presidente Prudente,-22.12556,-51.38889,BR,27,234706
Sivakasi,9.44999,77.79797,IN,25,234704
Kindu,-2.94373,25.92237,CD,10,234651
Digri,25.15657,69.11098,PK,05,234578
Nizhnekamsk,55.63794,51.81502,RU,73,234297
Karur,10.95771,78.08095,IN,25,234191
Lubuklinggau,-3.2945,102.8614,ID,32,234166
Craiova,44.31667,23.8,RO,17,234140
Rāichūr,16.20546,77.35567,IN,19,234073
Pallāvaram,12.96796,80.15025,IN,25,233984
Danlí,14.03333,-86.58333,HN,07,233789
Yongkang,23.02444,120.25556,TW,04,233730
Bo,7.96472,-11.73833,SL,03,233684
Granada,37.18817,-3.60667,ES,51,233532
Ooty,11.4134,76.69521,IN,25,233426
Saga,33.23333,130.3,JP,33,233301
Magugpo Poblacion,7.4475,125.8046,PH,11,233254
Dzerzhinsk,56.24422,43.45543,RU,51,233126
Pemba,-12.97395,40.51775,MZ,01,232932
Geoje,34.81379,128.70556,KR,20,232921
Teluk Intan,4.02219,101.02083,MY,07,232800
Singida,-4.81629,34.74358,TZ,16,232459
Kigoma,-4.87694,29.62667,TZ,05,232388
Colombo,-25.29167,-49.22417,BR,18,232212
Fremont,37.54827,-121.98857,US,CA,232206
Kampong Baharu Cheras Batu Sebelas,3.05,101.76667,MY,12,232100
Viamão,-30.08111,-51.02333,BR,23,231996
Jiayuguan,39.81121,98.28618,CN,15,231853
Abadan,30.3392,48.3043,IR,15,231476
Taytay,14.55883,121.13285,PH,40,231460
Phổ Yên,21.41978,105.8899,VN,19,231363
Neuquén,-38.95078,-68.0592,AR,15,231198
Divinópolis,-20.14355,-44.89065,BR,15,231091
Türkmenabat,39.07328,63.57861,TM,04,230861
Shibuya,35.6589,139.70665,JP,40,230609
Sơn Tây,21.14053,105.50686,VN,01,230577
Ninh Hòa,12.49187,109.12495,VN,56,230566
Pasir Mas,6.04934,102.13987,MY,03,230424
Purwokerto,-7.42139,109.23444,ID,07,230235
José C. Paz,-34.51541,-58.76813,AR,01,230208
Marka,1.71594,44.77166,SO,14,230100
Pāli,25.77276,73.32335,IN,24,230075
Ḩalwān,29.84144,31.30084,EG,11,230000
Atani,6.01277,6.74768,NG,25,230000
Mariupol,47.09514,37.54131,UA,05,230000
Changzheng,31.23913,121.36779,CN,23,229925
Kasukabe,35.98308,139.74966,JP,34,229792
Paris 15 Vaugirard,48.8412,2.3003,FR,11,229713
Windsor,42.30008,-83.01654,CA,08,229660
Hosūr,12.73647,77.83264,IN,25,229528
Spokane,47.65966,-117.42908,US,WA,229447
Tripoli,34.43352,35.84415,LB,09,229398
Longueuil,45.5152,-73.46818,CA,10,229330
Ordu,40.97782,37.89047,TR,52,229214
San Fernando de Apure,7.88963,-67.47181,VE,03,229197
Croix-des-Bouquets,18.57677,-72.22625,HT,11,229127
Lucena,13.93139,121.61722,PH,40,228758
Yishun New Town,1.43333,103.83111,SG,03,228730
Vizianagaram,18.11692,83.41148,IN,02,228720
Jinchang,38.50062,102.19379,CN,15,228561
Phan Thiết,10.92889,108.10208,VN,68,228536
Şabyā,17.1495,42.62537,SA,17,228375
Netanya,32.33294,34.85917,IL,02,228204
Ciudad Lineal,40.44505,-3.65132,ES,29,228171
Meycauayan,14.73694,120.96083,PH,03,228023
Bexley,51.44162,0.14866,GB,ENG,228000
Aliayabiagba,6.45,3.33333,NG,05,228000
Nassau,25.05823,-77.34306,BS,23,227940
San Lorenzo,-25.33968,-57.50879,PY,06,227876
Rennes,48.11109,-1.67431,FR,53,227830
Mohammedia,33.68607,-7.38298,MA,06,227799
Guatire,10.474,-66.54241,VE,15,227666
Tanjung Pinang,0.91667,104.45833,ID,40,227663
Hougang New Town,1.35667,103.89083,SG,00,227560
Baton Rouge,30.44332,-91.18747,US,LA,227470
Criciúma,-28.6775,-49.36972,BR,26,227438
Sosnowiec,50.28682,19.10385,PL,83,227295
Diez de Octubre,23.0881,-82.3597,CU,02,227293
Turkistan,43.29458,68.25685,KZ,10,227098
Klerksdorp,-26.85213,26.66672,ZA,10,227039
Upper West Side,40.78705,-73.97542,US,NY,226989
Staryy Oskol,51.3025,37.84613,RU,09,226977
Ageo,35.97145,139.61382,JP,34,226940
Gusau,12.17024,6.66412,NG,57,226857
Neue Neustadt,52.15,11.63333,DE,14,226851
Kamyanske,48.51716,34.60617,UA,04,226845
Ashdod,31.79213,34.64966,IL,01,226838
Radom,51.40253,21.14714,PL,78,226794
Paya Terubong,5.37278,100.27972,MY,09,226712
Richmond,37.55376,-77.46026,US,VA,226610
Chang-hua,24.07327,120.56276,TW,04,226564
Changhua,24.0692,120.5512,TW,04,226564
Điện Bàn,15.88853,108.25447,VN,48,226564
Takarazuka,34.79936,135.35697,JP,13,226432
Nzérékoré,7.75624,-8.8179,GN,N,226426
Regina,50.45008,-104.6178,CA,11,226404
Cà Mau,9.17682,105.15242,VN,96,226372
Shrīrāmpur,22.75278,88.34222,IN,28,226317
Fendou,46.64142,124.86283,CN,08,226298
Pangkalpinang,-2.12914,106.11377,ID,35,226297
Huanggang,23.67704,116.99961,CN,30,225956
Quthbullapur,17.50107,78.45818,IN,40,225816
Mubi,10.26858,13.26701,NG,35,225705
Varāmīn,35.3242,51.6457,IR,26,225628
Sector 1,44.49239,26.04831,RO,10,225453
Batu,-7.87,112.52833,ID,08,225408
Somerset West,-34.08401,18.82113,ZA,11,225289
Luton,51.87967,-0.41748,GB,ENG,225262
Ternopil,49.55404,25.59067,UA,22,225238
Bitung,1.44059,125.12824,ID,31,225134
Mymensingh,24.75636,90.40646,BD,H,225126
Blagoveshchensk,50.27593,127.52637,RU,05,225091
Nadiād,22.69385,72.86157,IN,09,225071
Kumba,4.6363,9.4469,CM,09,225046
Košice,48.71441,21.25802,SK,03,225044
Kremenchuk,49.06253,33.40484,UA,18,224997
Jingling,30.65,113.1,CN,12,224871
Nāgercoil,8.17899,77.43227,IN,25,224849
Sucre,-19.03332,-65.26274,BO,01,224838
Mutare,-18.9707,32.67086,ZW,01,224802
Ōta,36.3,139.36667,JP,10,224358
Karāwalnagar,28.72712,77.27047,IN,07,224281
Puerto Vallarta,20.617,-105.23018,MX,14,224166
Minamirinkan,35.49527,139.44279,JP,19,224015
Cork,51.89797,-8.47061,IE,M,224004
Atsugi,35.44272,139.36931,JP,19,223960
Heihe,50.24413,127.49016,CN,08,223832
Mango,22.8275,86.21639,IN,38,223805
Sinop,-11.86417,-55.5025,BR,14,223780
Paramaribo,5.86638,-55.16682,SR,16,223757
Klungkung,-8.53333,115.4,ID,02,223720
Narayanganj,23.61352,90.50298,BD,81,223622
NIA Valencia,7.90639,125.09417,PH,10,223620
Tongchuanshi,35.07474,109.08495,CN,26,223603
Concepción,-36.82699,-73.04977,CL,06,223574
Ramadi,33.42056,43.30778,IQ,01,223500
Paradise,36.09719,-115.14666,US,NV,223167
Tacoma,47.25288,-122.44429,US,WA,222906
Mainz,49.98185,8.28008,DE,08,222889
Velikiy Novgorod,58.52131,31.27104,RU,52,222868
Sungai Buloh,3.21,101.561,MY,12,222858
Puerto Princesa,9.73917,118.73528,PH,41,222673
Palhoça,-27.64528,-48.66778,BR,26,222598
Xintai,35.90056,117.75194,CN,25,222459
El Tigre,8.88902,-64.2527,VE,02,222450
Haeju,38.04056,125.71472,KP,06,222396
Formosa,-26.18489,-58.17313,AR,09,222226
Ikire,7.36983,4.1863,NG,42,222160
La Ceiba,15.75971,-86.78221,HN,01,222055
Tilburg,51.55551,5.0913,NL,06,221947
Ba Dinh,21.03652,105.82684,VN,01,221893
Murwāra,23.83776,80.39405,IN,35,221883
Moshi,-3.35,37.33333,TZ,06,221733
Kanchipuram,12.83515,79.70006,IN,25,221715
Sousse,35.82539,10.63699,TN,23,221715
Tuluá,4.08466,-76.19536,CO,29,221684
Soyo,-6.1349,12.36894,AO,16,221555
Sóc Trăng,9.59995,105.97193,VN,92,221430
Kankan,10.38542,-9.30568,GN,K,221428
Shakhty,47.71916,40.21603,RU,61,221312
Mbarara,-0.60467,30.64851,UG,W,221300
Luziânia,-16.2525,-47.95028,BR,29,221262
Olongapo,14.82917,120.28278,PH,03,221178
Ibarra,0.34881,-78.12462,EC,11,221149
Banja Luka,44.77879,17.20629,BA,02,221106
Rufisque est,14.7162,-17.27283,SN,01,221066
Neyshābūr,36.21329,58.79575,IR,42,220929
Sāveh,35.0213,50.3566,IR,34,220762
Wuxue,29.85058,115.5525,CN,12,220661
Shevchenkivskyi,50.02021,36.22468,UA,07,220660
Chí Linh,21.06667,106.31667,VN,31,220421
Campeche,19.84073,-90.51676,MX,04,220389
Quận Ba,10.77494,106.68628,VN,79,220375
Singrauli,24.19973,82.67535,IN,35,220257
Fuencarral-El Pardo,40.4984,-3.7314,ES,29,220085
Shevchenkivskyi,50.46408,30.46576,UA,12,220077
Mirzāpur,25.1449,82.56534,IN,36,220029
Oviedo,43.36029,-5.84476,ES,34,220027
Bandar Seri Alam,1.50434,103.87525,MY,01,220000
Sorong,-0.87956,131.26104,ID,PD,219958
Messina,38.19394,15.55256,IT,15,219948
Dehiwala-Mount Lavinia,6.84019,79.87116,LK,36,219827
Kropyvnytskyi,48.50834,32.26618,UA,10,219676
Kharagpur,22.33971,87.32501,IN,28,219665
Kabinda,-6.13791,24.48179,CD,21,219396
Jacobabad,28.28187,68.43761,PK,05,219315
Tunduma,-9.3,32.76667,TZ,32,219309
Binangonan,14.4646,121.1929,PH,40,219204
Oberhausen,51.47805,6.8625,DE,07,219176
Chon Buri,13.3622,100.98345,TH,46,219164
Santa Luzia,-19.76972,-43.85139,BR,15,219132
Prokop’yevsk,53.91518,86.71891,RU,29,219000
Samambaia,-15.88231,-48.10428,BR,07,218840
Erfurt,50.97734,11.03536,DE,15,218793
Esmeraldas,0.9592,-79.65397,EC,09,218727
Terrassa,41.56667,2.01667,ES,56,218535
Barking,51.53333,0.08333,GB,ENG,218534
Wuhai,39.68442,106.81583,CN,20,218427
Valparaíso de Goiás,-16.06583,-47.97861,BR,29,218416
Khuzdar,27.81193,66.61096,PK,02,218112
Koutiala,12.38723,-5.46507,ML,06,218031
Eluru,16.71311,81.10437,IN,02,218020
Rāniganj,17.42841,78.49361,IN,40,217910
San Pedro de Macorís,18.4539,-69.30864,DO,24,217899
Galaţi,45.43687,28.05028,RO,18,217851
Badalona,41.45004,2.24741,ES,56,217741
Mokotów,52.1934,21.03487,PL,78,217683
Taiping,4.85,100.73333,MY,07,217647
Yintai,35.11524,109.09702,CN,26,217509
Yamuna Nagar,30.12796,77.28371,IN,10,217071
Cabo de Santo Agostinho,-8.28773,-35.02925,BR,30,216969
Arakawa,35.73825,139.78047,JP,40,216900
Jamaica,40.69149,-73.80569,US,NY,216866
Buenavista,19.60833,-99.16944,MX,15,216776
Gilgit,35.91869,74.31245,PK,07,216760
Rybinsk,58.04562,38.83811,RU,88,216724
Santa Rosa,14.31222,121.11139,PH,40,216650
Sobral,-3.68611,-40.34972,BR,06,216519
Trondheim,63.43049,10.39506,NO,21,216518
Raurkela Industrial Township,22.19994,84.86176,IN,21,216410
Porlamar,10.95771,-63.86971,VE,17,216234
San Bernardino,34.10834,-117.28977,US,CA,216108
Ciudad Acuña,29.32322,-100.95217,MX,07,216099
Oulu,65.01236,25.46816,FI,17,216066
Bidar,17.90802,77.51524,IN,19,216020
Vykhino-Zhulebino,55.70196,37.81178,RU,48,216000
Lutsk,50.75784,25.35024,UA,24,215986
La Ceiba,15.76667,-86.83333,HN,01,215973
San Cristóbal de las Casas,16.73006,-92.63825,MX,05,215874
Zelenograd,55.9825,37.18139,RU,48,215727
Archway,51.56733,-0.13415,GB,ENG,215667
Wangsa Maju,3.20056,101.73972,MY,14,215600
Salt Lake City,40.76078,-111.89105,US,UT,215548
Biysk,52.53423,85.19661,RU,04,215430
Novi Sad,45.25167,19.83694,RS,VO,215400
Jinzhou,39.1,121.71667,CN,19,215386
Jiutepec,18.88139,-99.17778,MX,17,215357
Longgang,22.72289,114.26326,CN,30,215273
Monclova,26.90687,-101.42056,MX,07,215271
Tân An,10.53589,106.41366,VN,80,215250
Ma On Shan,22.40613,114.24079,HK,NST,215200
Commonwealth,14.6969,121.08006,PH,NCR,215034
Huntsville,34.7304,-86.58594,US,AL,215006
Jabaquara,-23.65055,-46.64591,BR,27,214958
Ziguinchor,12.56801,-16.27326,SN,12,214874
Passo Fundo,-28.26278,-52.40667,BR,23,214811
Kŭlob,37.91459,69.78454,TJ,02,214700
Citeureup,-6.48556,106.88194,ID,30,214668
Centralniy,59.93111,30.36072,RU,66,214625
Sa Dec,10.29085,105.75635,VN,82,214610
Kure,34.23222,132.56658,JP,11,214592
Shagamu,6.8485,3.64633,NG,16,214558
Bnei Brak,32.08074,34.8338,IL,05,214444
Khouribga,32.88108,-6.9063,MA,05,214241
Yingtan,28.23333,117.0,CN,03,214229
Des Moines,41.60054,-93.60911,US,IA,214133
Çiğli,38.49645,27.07029,TR,35,214065
Marcory,5.31198,-3.99363,CI,93,214061
Gojra,31.14926,72.68323,PK,04,214000
Cartagena,37.60197,-0.98397,ES,31,213943
Quevedo,-1.02881,-79.46264,EC,13,213842
Oakville,43.45011,-79.68292,CA,08,213759
Pasuruan,-7.6453,112.9075,ID,08,213469
Naz̧arābād,35.95411,50.60607,IR,44,213388
Munger,25.37459,86.47455,IN,34,213303
Jerez de la Frontera,36.68645,-6.13606,ES,51,212879
El Jadida,33.25682,-8.50882,MA,06,212863
Zitong,30.1782,105.82991,CN,33,212819
Loa Janan,-0.58295,117.09503,ID,14,212816
Târgu Mureş,46.54245,24.55747,RO,27,212752
Fontana,34.09223,-117.43505,US,CA,212704
Rancagua,-34.1691,-70.74053,CL,08,212695
Zhubei,24.83833,121.00778,TW,04,212695
Mallawī,27.73264,30.84129,EG,10,212628
Cape Coast,5.10535,-1.2466,GH,04,212426
Bukit Mertajam,5.36301,100.4667,MY,09,212329
Lipa City,13.9411,121.1631,PH,40,212287
Lanús,-34.70757,-58.39132,AR,01,212252
Lübeck,53.86893,10.68729,DE,10,212207
Luojiang,31.30497,104.50484,CN,32,212186
Sepang,2.6931,101.7498,MY,12,212050
Cobán,15.47025,-90.37455,GT,01,212047
Maricá,-22.91944,-42.81861,BR,21,211986
Cao Lãnh,10.46017,105.63294,VN,82,211912
Isesaki,36.31667,139.2,JP,10,211850
Sabadell,41.54329,2.10942,ES,56,211734
Jaraguá,-23.44077,-46.73774,BR,27,211610
Taito,35.70749,139.7788,JP,40,211444
Nandyāl,15.47799,78.4836,IN,02,211424
Santa Cruz de Tenerife,28.46824,-16.25462,ES,53,211359
Panchkula,30.69461,76.8504,IN,10,211355
Modesto,37.6391,-120.99688,US,CA,211266
Panabo,7.30806,125.68417,PH,11,211242
Lijiang,26.86879,100.22072,CN,29,211151
Konibodom,40.29414,70.43122,TJ,03,211100
Hailar,49.2,119.7,CN,20,211066
Itaquera,-23.53194,-46.44417,BR,27,210960
Kabankalan,9.9839,122.81423,PH,06,210893
Burhānpur,21.30868,76.23026,IN,35,210886
Abha,18.21639,42.50528,SA,11,210886
Ternate,0.79065,127.38424,ID,29,210836
Burgas,42.50651,27.46886,BG,39,210646
Pskov,57.81922,28.33181,RU,60,210501
Morvi,22.81731,70.8377,IN,09,210451
Daliang,22.84067,113.2503,CN,30,210411
Quilicura,-33.36799,-70.71388,CL,12,210410
Beni Mellal,32.33725,-6.34983,MA,05,210397
Ashuganj City,24.04016,91.0117,BD,84,210356
Sidi Bel Abbes,35.18994,-0.63085,DZ,30,210146
Arroyo Naranjo,23.03811,-82.37703,CU,02,210053
Jebel Ali,25.00255,55.10811,AE,03,210000
Bogra,24.85098,89.37108,BD,83,210000
Kostanay,53.21435,63.62463,KZ,13,210000
Richmond,49.17003,-123.13683,CA,02,209937
Rochester,43.15478,-77.61556,US,NY,209802
Banjar,-7.1955,107.4313,ID,30,209791
Novi Beograd,44.80556,20.42417,RS,SE,209763
Kanggye,40.96946,126.58523,KP,01,209530
Chungju,36.97666,127.9287,KR,05,209483
Anand,22.55251,72.9552,IN,09,209410
São Leopoldo,-29.76028,-51.14722,BR,23,209229
Bade,24.92981,121.28372,TW,04,209148
Oruro,-17.97153,-67.0932,BO,05,208684
Bachuan,29.84863,106.05046,CN,33,208520
La Romana,18.42332,-68.96635,DO,12,208437
Araçatuba,-21.20889,-50.43278,BR,27,208415
Shashamane,7.2,38.6,ET,51,208400
Hangu,39.24889,117.78917,CN,28,208369
Ongole,15.50357,80.04454,IN,02,208344
Pamplona,42.81687,-1.64323,ES,32,208243
Maryvale,33.50199,-112.17765,US,AZ,208189
Gangneung,37.75266,128.87239,KR,06,208161
Portsmouth,50.79899,-1.09125,GB,ENG,208100
Gandajika,-6.74504,23.95328,CD,21,208051
Gunan,29.0231,106.648,CN,33,208010
Phan Rang-Tháp Chàm,11.56432,108.98858,VN,56,207998
Ciputat,-6.2375,106.69556,ID,30,207858
Kasangati,0.43803,32.60246,UG,C,207800
Arlington,38.88101,-77.10428,US,VA,207627
Bishoftu,8.75225,38.97846,ET,51,207400
Nishi-Tokyo-shi,35.72526,139.5383,JP,40,207388
Changam-ch’on,40.60611,128.78194,KP,03,207299
Bila Tserkva,49.7994,30.1165,UA,13,207273
Oxnard,34.1975,-119.17705,US,CA,207254
Ciampea,-6.55472,106.70083,ID,30,207212
Hurghada,27.25738,33.81291,EG,02,207132
Móstoles,40.32234,-3.86496,ES,29,207095
Columbus,32.46098,-84.98771,US,GA,206922
Mantilla,23.06794,-82.34143,CU,02,206918
Dosquebradas,4.83916,-75.66727,CO,24,206693
Toledo,10.3773,123.6386,PH,07,206692
Turku,60.45148,22.26869,FI,02,206655
Worcester,42.26259,-71.80229,US,MA,206518
Pagadian,7.8257,123.437,PH,09,206483
Epworth,-17.89,31.1475,ZW,10,206365
San Felipe,10.3401,-68.74297,VE,22,206270
Dinajpur,25.62745,88.63779,BD,87,206234
Hosapete,15.26954,76.3871,IN,19,206167
Việt Yên,21.26667,106.13333,VN,24,205900
Ifakara,-8.13333,36.68333,TZ,10,205843
Sumbe,-11.20605,13.84371,AO,06,205832
Ségou,13.44032,-6.25947,ML,05,205787
Kon Tum,14.35451,108.00759,VN,51,205762
Latacunga,-0.93424,-78.6152,EC,07,205624
Nāngloi Jāt,28.67957,77.06799,IN,07,205596
Kishiwada,34.46667,135.36667,JP,32,205561
Yunjinghong,22.01479,100.79843,CN,29,205523
Mdantsane,-32.93324,27.77656,ZA,05,205504
Bobruysk,53.14676,29.20548,BY,06,205502
Gorontalo,0.5375,123.0625,ID,34,205390
Itaim Paulista,-23.50308,-46.38566,BR,27,205295
Qā’em Shahr,36.46671,52.86762,IR,35,204953
Shikarpur,27.95558,68.63823,PK,05,204938
Gongheyong,22.75923,113.79452,CN,30,204881
Linz,48.30639,14.28611,AT,04,204846
Dhangaḍhi̇̄,28.70159,80.58991,NP,7,204788
Nanchuan,29.15201,107.10335,CN,33,204775
Córdoba,18.8842,-96.92559,MX,30,204721
Bishan,29.59491,106.22476,CN,33,204702
Biskra,34.85038,5.72805,DZ,19,204661
Xizhi,25.06615,121.65985,TW,03,204619
Yanghang,31.37022,121.43742,CN,23,204564
Gaoping,30.77576,106.10294,CN,32,204368
Trieste,45.64953,13.77678,IT,06,204338
Mpanda,-6.34379,31.06951,TZ,29,204338
Moreno Valley,33.93752,-117.23059,US,CA,204198
Secunderabad,17.50427,78.54263,IN,40,204182
Punggol,1.41444,103.90694,SG,02,204150
Sodo,6.86,37.76159,ET,56,204100
Nossa Senhora do Socorro,-10.855,-37.12611,BR,28,204081
Zliten,32.46739,14.56874,LY,72,203790
Padua,45.40797,11.88586,IT,20,203725
Karnaphuli,22.69056,92.23472,BD,84,203697
Las Tunas,20.96135,-76.95192,CU,13,203684
Matsue,35.48333,133.05,JP,36,203616
Bayamón,18.39856,-66.15572,PR,021,203499
Gimpo-si,37.62361,126.71417,KR,13,203391
Lauro de Freitas,-12.89444,-38.32722,BR,05,203331
Deoghar,24.48983,86.69902,IN,38,203123
Fianarantsoa,-21.45267,47.08569,MG,21,203105
Vasyl'evsky Ostrov,59.94091,30.25377,RU,66,203058
Chāndpur,23.22714,90.65433,BD,84,203000
Atsiaman,5.69775,-0.32824,GH,01,202932
Bandundu Province,-3.31687,17.38063,CD,20,202904
Osmaniye,37.07417,36.24778,TR,91,202837
Bābol,36.55102,52.6786,IR,35,202796
Cabo San Lucas,22.89088,-109.91238,MX,03,202694
Little Rock,34.74648,-92.28959,US,AR,202591
Çorlu,41.16069,27.80093,TR,59,202578
Madiun,-7.6298,111.5239,ID,08,202544
Iringa,-7.76667,35.7,TZ,04,202490
Debrecen,47.53167,21.62444,HU,10,202402
Chāpra,25.78031,84.74709,IN,34,202352
Motijheel,23.72772,90.41919,BD,81,202308
Barishal,22.70497,90.37013,BD,85,202242
Richmond Hill,43.87111,-79.43725,CA,08,202022
Fayetteville,35.05266,-78.87836,US,NC,201963
Al Khums,32.64861,14.26191,LY,82,201943
Huntington Beach,33.6603,-117.99923,US,CA,201899
Favoriten,48.16116,16.38233,AT,09,201882
Koronadal,6.50306,124.84694,PH,12,201844
Geneva,46.20222,6.14569,CH,GE,201741
Tallahassee,30.43826,-84.28073,US,FL,201731
Swindon,51.55797,-1.78116,GB,ENG,201669
Rengasdengklok,-6.15917,107.29806,ID,30,201463
Rio Claro,-22.41139,-47.56139,BR,27,201418
Cajamarca,-7.16378,-78.50027,PE,06,201329
Townsville,-19.26639,146.80569,AU,04,201313
Thanh Khê,16.0706,108.19102,VN,48,201240
La Pintana,-33.58331,-70.63419,CL,12,201178
Daşoguz,41.83625,59.96661,TM,03,201142
Yonkers,40.9304,-73.89789,US,NY,201116
Glendale,34.14251,-118.25508,US,CA,201020
Dadu,26.73033,67.7769,PK,05,201017
Arba Minch,6.03333,37.55,ET,56,201000
Petropavl,54.87343,69.15065,KZ,16,200920
Lhokseumawe,5.1801,97.1507,ID,01,200876
Cypress,29.96911,-95.69717,US,TX,200839
Khandwa,21.82427,76.35086,IN,35,200738
Aurora,41.76058,-88.32007,US,IL,200661
Puri,19.79825,85.82494,IN,21,200564
Morena,26.49892,77.99534,IN,35,200482
Nicosia,35.17284,33.35397,CY,04,200452
Brescia,45.53558,10.21472,IT,09,200423
Nasīm Shahr,35.56504,51.16332,IR,26,200393
Nasimshahr,35.56528,51.1583,IR,26,200393
Ugep,5.80865,8.08098,NG,22,200276
Kamina,-8.73508,24.99798,CD,15,200184
Yanbu,24.08954,38.0618,SA,05,200161
Nagareyama,35.8563,139.90266,JP,04,200136
Charleroi,50.41136,4.44448,BE,WAL,200132
Lạng Sơn,21.85264,106.76101,VN,20,200108
Talhar,24.88454,68.81437,PK,05,200014
São José,-28.21344,-49.16383,BR,26,200000
Nyingchi,29.64885,94.35509,CN,14,200000
Yuen Long San Hui,22.43333,114.03333,HK,NYL,200000
Yuen Long,22.44518,114.02621,HK,NYL,200000
Sumedang,-6.85861,107.91639,ID,30,200000
Gyānpur,25.33268,82.46637,IN,36,200000
Az Zāwīyah,32.7571,12.72764,LY,68,200000
Salé Al Jadida,33.99722,-6.74047,MA,04,200000
Bandar Sunway,3.0693,101.6074,MY,12,200000
Bandar Utama,3.14818,101.61407,MY,14,200000
Bukit Jalil,3.04913,101.68036,MY,14,200000
Chakwama,11.55965,9.66407,NG,39,200000
Qadirpur Ran,30.29184,71.67164,PK,04,200000
Dajal,29.55769,70.37614,PK,04,200000
Severnyy,55.93583,37.54889,RU,48,200000
El Dibir,11.76667,51.21667,SO,03,200000
Beiliu,22.70722,110.34917,CN,16,199769
Sirjan,29.45137,55.6809,IR,29,199704
Iquique,-20.21326,-70.15027,CL,15,199587
Thuận Thanh,21.046,106.079,VN,24,199577
Balakovo,52.02639,47.79671,RU,67,199572
Armavir,44.99849,41.11472,RU,38,199548
Jaraguá do Sul,-26.48611,-49.06667,BR,26,199519
Yachiyo,35.73531,140.12445,JP,04,199498
Saidpur,25.77769,88.89169,BD,87,199422
Quận Bốn,10.76684,106.70574,VN,79,199329
Arīsh,31.13159,33.79844,EG,27,199243
Rawang,3.3213,101.5767,MY,12,199095
Dudley,52.5,-2.08333,GB,ENG,199059
Mushin,6.52799,3.35411,NG,05,199000
Yuzhno-Sakhalinsk,46.9543,142.73559,RU,64,198973
Hagen,51.36081,7.47168,DE,07,198972
Salatiga,-7.33194,110.49278,ID,07,198971
Rio Grande,-32.035,-52.09861,BR,23,198935
Guacara,10.22609,-67.877,VE,07,198883
Khūy,38.5503,44.9521,IR,01,198845
Gliwice,50.29761,18.67658,PL,83,198835
Changji,44.00782,87.30461,CN,13,198776
Kodaira,35.72603,139.48508,JP,40,198739
Plano Piloto,-15.79411,-47.8825,BR,07,198697
Amarillo,35.222,-101.8313,US,TX,198645
Bulandshahr,28.40392,77.85773,IN,36,198612
Lusail,25.4175,51.5075,QA,13,198600
Aberdeen,57.14369,-2.09814,GB,SCT,198590
Taranto,40.46438,17.24707,IT,13,198585
Capiatá,-25.3552,-57.44545,PY,06,198553
Zango,-9.01212,13.38437,AO,20,198538
Naivasha,-0.71383,36.43261,KE,39,198444
Cachoeiro de Itapemirim,-20.84889,-41.11278,BR,08,198342
Rzeszów,50.04132,21.99901,PL,80,198317
Rostock,54.0887,12.14049,DE,12,198293
Parma,44.79935,10.32618,IT,05,198292
Sibu,2.3,111.81667,MY,11,198239
Arnavutköy,41.18355,28.7402,TR,34,198165
Itami,34.78427,135.40126,JP,13,198138
Mentougou,39.93819,116.09307,CN,22,197772
Bhind,26.56671,78.78728,IN,35,197585
Akron,41.08144,-81.51901,US,OH,197542
Talca,-35.4232,-71.64974,CL,11,197479
Kassel,51.31667,9.5,DE,05,197230
Ciudad Madero,22.2475,-97.83665,MX,28,197216
Sawangan,-6.40278,106.77444,ID,30,197170
Gemena,3.25651,19.77234,CD,28,197159
Bhālswa Jahangirpur,28.73558,77.16682,IN,07,197148
Lushui,25.8232,98.85853,CN,29,197000
Bīrjand,32.86628,59.22114,IR,41,196982
Toruń,53.01375,18.59814,PL,73,196935
Almería,36.83814,-2.45974,ES,51,196851
Jijiang,29.28993,106.25001,CN,33,196787
Ahmadpur East,29.14269,71.25771,PK,04,196718
Huánuco,-9.92882,-76.23989,PE,10,196627
Higashihiroshima,34.40861,132.73682,JP,11,196608
İzmit,40.76499,29.92928,TR,41,196571
Reims,49.26526,4.02853,FR,44,196565
Hanfeng,31.16946,108.4031,CN,33,196528
Vancouver,45.63873,-122.66149,US,WA,196442
Birmingham,33.52066,-86.80249,US,AL,196357
Itabuna,-14.78556,-39.28028,BR,05,196344
Laayoune,27.1418,-13.18797,EH,,196331
Khammam,17.24767,80.14368,IN,40,196283
H̱olon,32.01034,34.77918,IL,05,196282
Middelburg,-25.77507,29.46482,ZA,07,196263
Icheon-si,37.27917,127.4425,KR,13,196230
Khirdalan,40.44808,49.75502,AZ,01,196200
Phra Pradaeng,13.65855,100.53362,TH,42,196129
Moundou,8.57437,16.07722,TD,08,196124
Sambhal,28.58498,78.56959,IN,36,196109
Bhiwāni,28.79304,76.13968,IN,10,196057
Engels,51.48389,46.10528,RU,67,196011
Ciudad Lázaro Cárdenas,17.96256,-102.19887,MX,16,196003
Mocuba,-16.8375,36.98556,MZ,09,196001
Hetauda,27.42839,85.03219,NP,3,195951
Durrës,41.32355,19.45469,AL,42,195920
Suzuka,34.88333,136.58333,JP,23,195670
Hub,25.02555,66.88534,PK,02,195661
La Plata,-34.92126,-57.95442,AR,01,195443
Janakpur,26.72882,85.92628,NP,2,195438
Kamirenjaku,35.69423,139.55495,JP,40,195391
Panvel,18.98878,73.11013,IN,16,195373
Peicheng,34.73611,116.92472,CN,04,195363
Maharagama,6.848,79.9265,LK,36,195355
Montgomery,32.36681,-86.29997,US,AL,195287
Liège,50.63373,5.56749,BE,WAL,195278
Kumagaya,36.13497,139.39004,JP,34,195277
Guri-si,37.5986,127.1394,KR,13,195236
Ambāla,30.36099,76.79782,IN,10,195153
Grand Rapids,42.96336,-85.66809,US,MI,195097
Prato,43.8805,11.09699,IT,16,195089
Kumarapalayam,11.44495,77.71102,IN,25,195071
Butwāl,27.69121,83.45251,NP,5,195054
Dhirkot,34.03917,73.57694,PK,06,195000
Kayes,14.44776,-11.44393,ML,03,194716
Bontang,0.1324,117.4854,ID,14,194606
Kafr ash Shaykh,31.11174,30.93991,EG,21,194569
Tébessa,35.40417,8.12417,DZ,33,194461
Kuala Kubu Baharu,3.5638,101.6581,MY,12,194387
Karuri,-1.17641,36.7564,KE,22,194342
Karuri,-0.7,37.18333,KE,38,194342
Manéah,9.73333,-13.41667,GN,D,194297
Severodvinsk,64.55825,39.82971,RU,06,194292
Kowloon City Centre,22.32979,114.18889,HK,KKC,194290
Matuga,-4.168,39.57068,KE,28,194252
Düzce,40.83889,31.16389,TR,93,194097
Nnewi,6.01962,6.91729,NG,25,193987
Yamaguchi,34.18333,131.46667,JP,45,193966
Alcalá de Henares,40.48205,-3.35996,ES,29,193751
Başakşehir,41.106,28.791,TR,34,193750
Ezhou,30.4,114.83333,CN,12,193652
Zhengding,38.14501,114.56556,CN,10,193524
Būkān,36.521,46.2089,IR,01,193501
Taguatinga,-15.83326,-48.05506,BR,07,193367
Braga,41.5514,-8.42311,PT,04,193324
Garhi Khairo,28.05717,67.97898,PK,05,193297
Luanshya,-13.13667,28.41661,ZM,08,193293
Padalarang,-6.83778,107.47278,ID,30,193114
Bang Khae,13.69301,100.40755,TH,40,193002
Bago City,10.53333,122.83333,PH,06,192993
Yongchuan,29.35376,105.89392,CN,33,192954
Uji,34.89044,135.80325,JP,22,192925
Machilīpatnam,16.18747,81.13888,IN,02,192827
Hepu,21.65921,109.20011,CN,16,192813
Aihui,49.97946,127.48119,CN,08,192764
Hyesan,41.40167,128.17778,KP,13,192680
Bayamo,20.37368,-76.64272,CU,09,192632
Kielce,50.87033,20.62752,PL,84,192468
Pār Naogaon,24.80418,88.94875,BD,83,192464
Fuding,27.32734,120.21399,CN,07,192352
Castanhal,-1.29389,-47.92639,BR,16,192256
Cidade Tiradentes,-23.58481,-46.40084,BR,27,192177
Zabrze,50.32492,18.78576,PL,83,192177
Hamilton,-37.78333,175.28333,NZ,G1,192100
Bojnūrd,37.47473,57.32903,IR,43,192041
Surulere,6.50153,3.35808,NG,05,191920
Humen,22.81899,113.67306,CN,30,191891
Benfica,-8.94432,13.16431,AO,20,191828
Hat Yai,7.00836,100.47668,TH,68,191696
Haicheng,40.85158,122.74754,CN,19,191651
Curug,-6.26583,106.55639,ID,33,191406
Barrancabermeja,7.06528,-73.85472,CO,26,191403
Zlatoust,55.17182,59.65471,RU,13,191366
Mukono,0.35333,32.75528,UG,C,191300
Angren,41.01667,70.14361,UZ,14,191300
Ciudad del Carmen,18.64592,-91.82991,MX,04,191238
Khairpur Mir’s,27.52948,68.75915,PK,05,191044
Business Bay,25.18544,55.26969,AE,03,191000
Khujand,40.28256,69.62216,TJ,03,191000
Peoria,33.5806,-112.23738,US,AZ,190985
Ashaiman,5.69951,-0.03484,GH,01,190972
Tanjungbalai,2.96667,99.8,ID,26,190935
Providence,41.82399,-71.41283,US,RI,190934
Mahesāna,23.59864,72.38472,IN,09,190753
Knoxville,35.96064,-83.92074,US,TN,190740
Rangel,-8.82644,13.26285,AO,20,190569
Fuenlabrada,40.28419,-3.79415,ES,29,190496
Hino,35.67306,139.40028,JP,40,190435
Jhelum,32.93448,73.73102,PK,04,190425
Mahbūbnagar,16.74385,77.98597,IN,40,190400
Pak Kret,13.91179,100.49774,TH,38,190272
Cẩm Phả,21.01004,107.27345,VN,22,190232
Al Fallūjah,33.34913,43.78599,IQ,01,190159
Jinshanlu,47.8505,88.13286,CN,13,190064
Ise-Ekiti,7.46478,5.42333,NG,54,190063
Nova Friburgo,-22.28194,-42.53111,BR,21,189939
Guarapuava,-25.39048,-51.46541,BR,18,189630
Kofu,35.66667,138.56667,JP,46,189591
Numazu,35.1,138.86667,JP,37,189486
Santa Bárbara d'Oeste,-22.75361,-47.41361,BR,27,189456
Jōetsu,37.14828,138.23642,JP,29,189430
Planaltina,-15.61791,-47.64874,BR,07,189412
Sunrise Manor,36.21108,-115.07306,US,NV,189372
Sambalpur,21.46527,83.97573,IN,21,189366
Syzran,53.1585,48.4681,RU,65,189338
Danshui,25.17196,121.4429,TW,03,189271
Bytom,50.34802,18.93282,PL,83,189186
Mwene-Ditu,-7.00906,23.45278,CD,21,189177
Ilhéus,-14.79909,-39.03228,BR,05,189149
Panalanoy,11.25111,125.00639,PH,08,189090
Ciudad de Las Heras,-32.85094,-68.83602,AR,13,189067
Guixi,30.33355,107.34545,CN,33,188980
Odawara,35.25556,139.15972,JP,19,188856
Labuan Bajo,-8.4964,119.8877,ID,18,188724
Anjō,34.95828,137.08054,JP,01,188693
Boyeros,23.0072,-82.4017,CU,02,188593
George,-33.963,22.46173,ZA,11,188580
Tottori-shi,35.5,134.23333,JP,41,188465
Leganés,40.32718,-3.7635,ES,29,188425
Acarigua,9.55451,-69.19564,VE,18,188278
Hosa’ina,7.54978,37.85374,ET,55,188200
Sai Mai,13.92068,100.64552,TH,40,188123
Yawnghwe,20.65973,96.93376,MM,11,188083
Mabalacat City,15.22303,120.57117,PH,03,188050
Riohacha,11.54444,-72.90722,CO,17,188014
Laizhou,37.18073,119.94217,CN,25,188000
Grand Prairie,32.74596,-96.99778,US,TX,187809
Sorsogon,12.97389,123.99333,PH,05,187670
Ait Melloul,30.34164,-9.50356,MA,09,187652
Sutton,51.35,-0.2,GB,ENG,187600
Shreveport,32.52515,-93.75018,US,LA,187593
Choa Chu Kang New Town,1.3825,103.74972,SG,03,187550
Getafe,40.30571,-3.73295,ES,29,187525
Quận Năm,10.75567,106.66745,VN,79,187510
Bhusawal,21.04365,75.78506,IN,16,187421
Miraflores,-12.11331,-77.03274,PE,15,187401
Alvorada,-30.00018,-51.07632,BR,23,187315
Chilpancingo,17.55228,-99.50124,MX,12,187251
Donaustadt,48.2333,16.46002,AT,09,187007
Pinar del Río,22.41649,-83.69657,CU,01,186990
Huixing,29.68403,106.61486,CN,33,186972
Kırıkkale,39.84528,33.50639,TR,79,186960
Batumi,41.64077,41.6306,GE,04,186949
Burlington,43.38621,-79.83713,CA,08,186948
Pābna,24.00644,89.2372,BD,83,186781
Brownsville,25.90175,-97.49748,US,TX,186738
Changyuan,29.40499,105.58827,CN,33,186653
Cienfuegos,22.14681,-80.4481,CU,08,186644
Beersheba,31.25181,34.7913,IL,01,186600
El Oued,33.35608,6.86319,DZ,43,186525
Overland Park,38.98223,-94.67079,US,KS,186515
Raebareli,26.2309,81.23315,IN,36,186433
Shangri-La,27.82511,99.70779,CN,29,186400
Springs,-26.25,28.4,ZA,06,186394
Newport News,36.98038,-76.42975,US,VA,186247
Yangcheng,29.99968,106.25604,CN,33,186242
Mopti,14.4843,-4.18296,ML,04,186187
Khuraybat as Sūq,31.87913,35.92098,JO,16,186158
Zawiya,32.75222,12.72778,LY,68,186123
Zamora de Hidalgo,19.98404,-102.28634,MX,16,186102
Haridwar,29.94791,78.16025,IN,39,186079
Ad-Damazin,11.7891,34.3592,SD,42,186051
Dunhuang,40.16667,94.68333,CN,15,186027
Jing’an,22.21072,113.29218,CN,30,186000
Le Havre,49.49346,0.10785,FR,28,185972
Verhunskyi,48.58573,39.37158,UA,14,185593
Phusro,23.75644,86.0051,IN,38,185555
Donostia / San Sebastián,43.31283,-1.97499,ES,59,185357
Poza Rica de Hidalgo,20.53315,-97.45946,MX,30,185242
Bilbeis,30.42039,31.56223,EG,14,185237
Roxas City,11.58528,122.75111,PH,06,185236
Paris 20 Ménilmontant,48.8646,2.3984,FR,11,185140
Kütahya,39.42417,29.98333,TR,43,185008
Palopo,-2.9925,120.19694,ID,38,184961
Potsdam,52.39886,13.06566,DE,11,184754
Modena,44.64783,10.92539,IT,05,184732
Bolu,40.73583,31.60611,TR,14,184682
Toyokawa,34.81667,137.4,JP,01,184661
Adoni,15.62788,77.27495,IN,02,184625
Izumi,34.48333,135.43333,JP,32,184615
Santa Anita - Los Ficus,-12.05048,-76.97335,PE,15,184614
Paltan,23.73625,90.41426,BD,81,184492
Ivory Park,-25.9957,28.1971,ZA,06,184383
Al Qāmishlī,37.05215,41.23142,SY,01,184231
Abakan,53.7154,91.42593,RU,31,184168
Pemalang,-6.89193,109.38263,ID,07,184149
Breda,51.58656,4.77596,NL,06,184126
Langsa,4.4683,97.9683,ID,01,184016
Vĩnh Châu,9.32439,105.98006,VN,92,183918
Baishan,41.93853,126.41965,CN,05,183880
Sūjāngarh,27.7,74.46667,IN,24,183808
Linhares,-19.39111,-40.07222,BR,08,183797
Tachikawa,35.7091,139.41891,JP,40,183581
Cergy-Pontoise,49.03894,2.07805,FR,11,183430
Unaizah,26.1,44.0,SA,08,183319
Mobile,30.69436,-88.04305,US,AL,183289
St Helens,53.45,-2.73333,GB,ENG,183200
Fort Lauderdale,26.12231,-80.14338,US,FL,183146
Lembang,-6.81167,107.6175,ID,30,183130
Paris 18 Buttes-Montmartre,48.8925,2.3444,FR,11,183127
Sants-Montjuïc,41.37263,2.1546,ES,56,183120
Oradea,47.0458,21.91833,RO,05,183105
Araguaína,-7.19111,-48.20722,BR,31,183024
Saarbrücken,49.23262,7.00982,DE,09,182971
Bunda,-2.02153,33.87109,TZ,08,182970
Skikda,36.87617,6.90921,DZ,31,182903
Kyivskyi,50.04475,36.28883,UA,07,182900
Tirmiz,37.22417,67.27833,UZ,12,182800
Singosari,-7.8924,112.6658,ID,08,182656
Porto Seguro,-16.44972,-39.06472,BR,05,182630
Cúa,10.16245,-66.88248,VE,15,182558
Sirsa,29.53489,75.02898,IN,10,182534
Kamensk-Ural’skiy,56.40626,61.93347,RU,71,182500
Cidade Dutra,-23.72576,-46.7024,BR,27,182459
Reggio Calabria,38.11047,15.66129,IT,03,182455
Dinapur Nizamat,25.63847,85.05118,IN,34,182429
Santa Clarita,34.39166,-118.54259,US,CA,182371
Carletonville,-26.36094,27.39767,ZA,06,182304
Dubréka,9.79111,-13.52333,GN,D,182296
Metro,-5.11306,105.30667,ID,15,182293
Banhā,30.45977,31.1842,EG,12,182254
Bahraigh,27.57429,81.59474,IN,36,182218
Ash Shaţrah,31.40906,46.1727,IQ,09,182175
Quarto Oggiaro,45.51314,9.14343,IT,09,182118
Tsing Yi Town,22.35,114.1,HK,NKT,182100
Monywa,22.10856,95.13583,MM,10,182011
Dessalines,19.26177,-72.51611,HT,06,181903
Mwala,-1.35255,37.45482,KE,31,181896
Kāraikkudi,10.06615,78.76784,IN,25,181851
Araure,9.58144,-69.23851,VE,18,181820
Barra Mansa,-22.54417,-44.17139,BR,21,181679
Sultan Pur Majra,28.68966,77.07648,IN,07,181554
Zhenping,33.03457,112.22763,CN,09,181528
Anda,46.44867,125.30161,CN,08,181271
Paris 13 Gobelins,48.8322,2.3561,FR,11,181271
Petropavlovsk-Kamchatsky,53.06393,158.62751,RU,92,181216
Wādī as Sīr,31.9545,35.81831,JO,16,181212
Fardīs,35.7555,50.9967,IR,26,181174
Chattanooga,35.04563,-85.30968,US,TN,181099
Guna,24.64691,77.3113,IN,35,180935
Odense,55.39594,10.38831,DK,21,180863
Sacaba,-17.39799,-66.03825,BO,02,180726
Quetzaltenango,14.84462,-91.52316,GT,13,180706
Chandannagar,22.86225,88.36796,IN,28,180623
Baharampur,24.10473,88.25155,IN,28,180547
Ploieşti,44.95,26.01667,RO,30,180540
Berazategui,-34.76531,-58.21278,AR,01,180523
Shahuwadi,16.90993,73.94654,IN,16,180322
Madanapalle,13.5503,78.50288,IN,02,180180
Tangail,24.24984,89.91655,BD,81,180144
Shulin,24.99085,121.42199,TW,03,180044
Edirne,41.67719,26.55597,TR,22,180002
Nepean,45.33619,-75.7225,CA,08,180000
Pingwu County,32.40732,104.52738,CN,32,180000
Kyaukpyu,19.42793,93.55134,MM,01,180000
Yasenevo,55.60686,37.51991,RU,48,180000
Phúc Yên,21.23695,105.70483,VN,25,180000
Shivpuri,25.42378,77.66223,IN,35,179977
Yangju,37.83311,127.06169,KR,13,179923
Borshchahivka,50.4316,30.3899,UA,12,179900
Praga Południe,52.24424,21.08545,PL,78,179836
Pirituba,-23.48982,-46.7322,BR,27,179724
Kasama,-10.21289,31.18084,ZM,05,179636
Surendranagar,22.72706,71.64856,IN,09,179628
Alexandra,-26.10528,28.09884,ZA,06,179624
Obuase,6.20228,-1.66796,GH,02,179604
Desnyanskyi,51.50631,31.3168,UA,02,179600
Novozavodskyi,51.4893,31.25634,UA,02,179600
Ibirité,-20.02194,-44.05889,BR,15,179582
Tsentralnyi,47.09833,37.54838,UA,05,179582
Legaspi,13.14125,123.74073,PH,05,179481
Phú Quốc,10.28715,104.01047,VN,91,179480
Podolsk,55.42419,37.55472,RU,47,179400
Purwakarta,-6.55694,107.44333,ID,30,179233
Jizzax,40.13351,67.82956,UZ,15,179200
Ferraz de Vasconcelos,-23.54083,-46.36861,BR,27,179198
Ila Orangun,8.01714,4.90421,NG,42,179192
Thị Trấn Đại Từ,21.63384,105.63766,VN,19,179192
Neyveli,11.60877,79.4994,IN,25,179150
Angra dos Reis,-23.00667,-44.31806,BR,21,179120
Qianjiang,30.421,112.8919,CN,12,179079
Hamm,51.68033,7.82089,DE,07,178967
Si Racha,13.17283,100.93159,TH,46,178916
Tiaret,35.37103,1.31699,DZ,13,178915
La Rioja,-29.41328,-66.85637,AR,12,178872
Silchar,24.82733,92.79787,IN,03,178865
Amadora,38.75382,-9.23083,PT,14,178858
Cuautitlán,19.67052,-99.17989,MX,15,178847
Ipswich,52.05917,1.15545,GB,ENG,178835
Njeru,0.44166,33.17917,UG,C,178800
Toliara,-23.35,43.66667,MG,51,178725
Paris 19 Buttes-Chaumont,48.8817,2.3822,FR,11,178691
Saki,8.66762,3.39393,NG,32,178677
Chlef,36.16525,1.33452,DZ,41,178616
Fontanar,23.02389,-82.408,CU,02,178601
Seogwipo,33.25333,126.56181,KR,01,178552
Concepcion,15.32546,120.65723,PH,03,178549
East Flatbush,40.65371,-73.93042,US,NY,178464
Spring Valley,36.10803,-115.245,US,NV,178395
Livingstone,-17.84194,25.85425,ZM,07,178361
Potchefstroom,-26.71667,27.1,ZA,10,178285
Santa Rosa,38.44047,-122.71443,US,CA,178127
Ciudad Camilo Cienfuegos,23.16076,-82.32798,CU,02,178041
Paris 13e Arrondissement,48.8262,2.35986,FR,11,177833
Sambizanga,-8.78883,13.27506,AO,20,177808
Proddatūr,14.7502,78.54813,IN,02,177797
Sittwe,20.14624,92.89835,MM,01,177743
Dundo,-7.36643,20.81557,AO,17,177604
Basel,47.55839,7.57327,CH,BS,177595
Meiktila,20.87776,95.85844,MM,08,177442
Gulu,2.77457,32.29899,UG,N,177400
Nijmegen,51.8425,5.85278,NL,03,177359
Idkū,31.3073,30.2981,EG,03,177152
Uppsala,59.85882,17.63889,SE,21,177074
Hugli,22.90877,88.39674,IN,28,177005
Hashtsāl,28.63406,77.05771,IN,07,176877
Bragança Paulista,-22.9527,-46.54418,BR,27,176811
Teresópolis,-22.4167,-42.97822,BR,21,176735
San Luis Río Colorado,32.4555,-114.77037,MX,26,176685
Santa Ana,13.98827,-89.55685,SV,11,176661
Eugene,44.05207,-123.08675,US,OR,176654
Nador,35.16813,-2.93352,MA,02,176600
Al Muharraq,26.25722,50.61194,BH,15,176583
Bielsko-Biala,49.82245,19.04686,PL,83,176515
Marsá Maţrūḩ,31.3529,27.23725,EG,22,176498
Almere Stad,52.37025,5.21413,NL,16,176432
Burgos,42.34106,-3.70184,ES,55,176418
Gijang,35.24417,129.21389,KR,10,176388
Lander,10.18333,-66.7,VE,15,176346
Saint-Étienne,45.43389,4.39,FR,84,176280
Amroha,28.90314,78.46984,IN,36,176253
Narashino,35.68184,140.04152,JP,04,176197
Béjaïa,36.75587,5.08433,DZ,18,176139
Zhenzhou,32.28034,119.16999,CN,04,176006
Tempe,33.41477,-111.90931,US,AZ,175826
Xindi,29.81667,113.46667,CN,12,175761
Oceanside,33.19587,-117.37948,US,CA,175691
Bella Vista,18.45539,-69.9454,DO,34,175683
Fengcheng,29.82587,107.06019,CN,33,175576
Salem,44.9429,-123.0351,US,OR,175535
Wigan,53.54296,-2.63706,GB,ENG,175405
Garden Grove,33.77391,-117.94145,US,CA,175393
Karaman,37.18111,33.215,TR,78,175390
Oshawa,43.90012,-78.84957,CA,08,175383
Siverek,37.75503,39.31667,TR,63,175341
Rancho Cucamonga,34.1064,-117.59311,US,CA,175236
Cape Coral,26.56285,-81.94953,US,FL,175229
Tân Châu,10.79832,105.23887,VN,91,175211
Teluknaga,-6.09889,106.63806,ID,30,175155
Jiutai,44.15127,125.82975,CN,05,175115
Chhindwāra,22.05697,78.93958,IN,35,175052
Itu,-23.26417,-47.29917,BR,27,175047
Senador Canedo,-16.70806,-49.09306,BR,29,175042
Khānaqīn,34.3482,45.39065,IQ,10,175000
Naga,13.61917,123.18139,PH,05,174931
Tomakomai,42.63694,141.60333,JP,12,174806
Tambaram,12.9246,80.12707,IN,25,174787
San Miguel de Allende,20.91528,-100.74389,MX,11,174615
Cianjur,-6.82222,107.13944,ID,30,174587
Pamulang,-6.34278,106.73833,ID,30,174557
Hitachi,36.6,140.65,JP,14,174508
Timon,-5.09417,-42.83667,BR,13,174465
Bhetia,22.79321,86.14098,IN,38,174355
Pathānkot,32.27484,75.65287,IN,23,174306
Tando Adam,25.76818,68.66196,PK,05,174291
Badlapur,19.15516,73.26553,IN,16,174226
Cikupa,-6.23639,106.50833,ID,30,174041
Puerto Cabello,10.47306,-68.0125,VE,07,174000
Latkrabang,13.72784,100.74609,TH,40,173987
Sakura,35.71667,140.23333,JP,04,173740
Ube,33.94306,131.25111,JP,45,173733
Daule,-1.86032,-79.97683,EC,10,173684
Bayjī,34.92915,43.48878,IQ,18,173677
Cuddalore,11.75617,79.76693,IN,25,173636
Santander,43.46589,-3.80493,ES,39,173635
Tlemcen,34.87833,-1.315,DZ,15,173531
Shimla,31.10442,77.16662,IN,11,173503
Shāhīn Shahr,32.85788,51.5529,IR,28,173329
Croydon,51.38333,-0.1,GB,ENG,173314
Myeik,12.43954,98.60028,MM,12,173298
East New York,40.66677,-73.88236,US,NY,173198
Khān Yūnis,31.34018,34.30627,PS,GZ,173183
Dharān,26.81436,87.27972,NP,1,173096
Mülheim,51.43218,6.87967,DE,07,173050
Albacete,38.99424,-1.85643,ES,54,173050
Bata,1.86391,9.76582,GQ,08,173046
Kamakura,35.31085,139.54698,JP,19,172929
Chicoloapan,19.41687,-98.90202,MX,15,172919
Gadag-Betageri,15.4167,75.6167,IN,19,172813
Licheng,23.29549,113.82465,CN,30,172775
Izumo,35.36667,132.76667,JP,36,172775
São Caetano do Sul,-23.62306,-46.55111,BR,27,172693
Pindamonhangaba,-22.92389,-45.46167,BR,27,172681
Gadag,15.42977,75.62971,IN,19,172612
Ongata Rongai,-1.3953,36.764,KE,19,172569
Lang'ata,-1.3666,36.73324,KE,05,172569
Tunja,5.54481,-73.35756,CO,36,172548
Lages,-27.81611,-50.32611,BR,26,172458
Quillacollo,-17.39228,-66.27838,BO,02,172405
Alcorcón,40.34582,-3.82487,ES,29,172384
Gisenyi,-1.70278,29.25639,RW,14,172357
Poços de Caldas,-21.78778,-46.56139,BR,15,172339
Isparta,37.76444,30.55222,TR,33,172334
Warrington,53.39254,-2.58024,GB,ENG,172330
Klaipėda,55.7068,21.13912,LT,58,172292
Walsall,52.58528,-1.98396,GB,ENG,172141
Herne,51.5388,7.22572,DE,07,172108
Lyublino,55.67738,37.76005,RU,48,172000
Mansfield,53.13333,-1.2,GB,ENG,171958
Reggio nell'Emilia,44.69825,10.63125,IT,05,171944
Castelló de la Plana,39.98567,-0.04935,ES,60,171857
Barreiras,-12.15278,-44.99,BR,05,171634
Kēng Tung,21.63093,99.92676,MM,11,171620
Sioux Falls,43.54369,-96.72796,US,SD,171544
Prizren,42.21389,20.73972,XK,10097361,171464
Dongling,41.81444,123.57583,CN,19,171454
Ungaran,-7.13972,110.405,ID,07,171378
Urayasu,35.65879,139.90055,JP,04,171362
Long Khánh,10.92655,107.24783,VN,75,171276
Dagupan,16.04313,120.33325,PH,01,171271
Ontario,34.06334,-117.65089,US,CA,171214
Watthana,13.72978,100.58536,TH,40,171150
Verāval,20.9077,70.36786,IN,09,171121
Navsari,20.94237,72.92467,IN,09,171109
Imabari,34.07001,133.00023,JP,05,170986
Mansa,-11.19976,28.89431,ZM,04,170965
Fort Collins,40.58526,-105.08442,US,CO,170924
Bảo Lộc,11.54798,107.80772,VN,68,170920
Kulim,5.36499,100.56177,MY,02,170889
Oshodi,6.55504,3.34363,NG,05,170870
Ramat Gan,32.08227,34.81065,IL,05,170822
Bahadurgarh,28.69287,76.93555,IN,10,170767
Haldia,22.06046,88.10975,IN,28,170695
Temirtau,50.05197,72.95497,KZ,12,170600
East Helsinki,60.21043,25.08289,FI,01,170557
Parnaíba,-2.90472,-41.77667,BR,20,170491
Carolina,18.38078,-65.95739,PR,031,170404
Rāiganj,25.61281,88.12449,IN,28,170252
Malāyer,34.30158,48.82166,IR,09,170237
Springfield,37.21533,-93.29824,US,MO,170188
Sunderland,54.90465,-1.38222,GB,ENG,170134
Takaoka,36.75,137.01667,JP,42,170077
Baranovichi,53.13255,26.00775,BY,01,170039
Malda,25.00447,88.14573,IN,28,170039
Guadalupe,22.74678,-102.5188,MX,32,170029
Nishio,34.86667,137.05,JP,01,169984
San Luis,-33.2914,-66.32467,AR,19,169947
Ouargla,31.94932,5.32502,DZ,50,169928
Olsztyn,53.78376,20.49272,PL,85,169793
Kipushi,-11.76097,27.25135,CD,14,169635
Yuen Long Kau Hui,22.44831,114.03199,HK,NYL,169600
Jaunpur,25.75356,82.68689,IN,36,169572
Khlong Sam Wa,13.87139,100.73719,TH,40,169489
Harburg,53.46057,9.98388,DE,04,169221
Chūō,35.67004,139.77544,JP,40,169179
Mufulira,-12.54982,28.24071,ZM,08,169136
Deoli,28.50254,77.23117,IN,07,169122
Jaffna,9.66845,80.00742,LK,38,169102
Arad,46.18333,21.31667,RO,02,169065
Chetumal,18.51957,-88.30397,MX,23,169028
Bharūch,21.69482,72.9805,IN,09,169007
Gurúè,-15.46694,36.97778,MZ,09,168971
San Miguel,-34.54335,-58.71229,AR,01,168762
Hirosaki,40.59306,140.4725,JP,03,168739
Pilsen,49.74747,13.37759,CZ,87,168733
Chalco,19.26174,-98.89775,MX,15,168720
Toulon,43.12442,5.92836,FR,93,168701
Vila Andrade,-23.62623,-46.72828,BR,27,168669
Hoshiārpur,31.53723,75.91269,IN,23,168653
Calabozo,8.92416,-67.42929,VE,12,168605
Jabālyā,31.5272,34.48347,PS,GZ,168568
Cuauhtémoc,28.4063,-106.86667,MX,06,168482
Araraquara,-21.79444,-48.17556,BR,27,168468
Yopal,5.33573,-72.3939,CO,32,168433
Ituzaingó,-27.58504,-56.68707,AR,06,168419
Piranshahr,36.701,45.1413,IR,01,168393
Mahābād,36.7631,45.7222,IR,01,168393
Florencia,1.61549,-75.60412,CO,08,168346
Tây Hồ,21.06895,105.81053,VN,01,168300
Moratuwa,6.773,79.8816,LK,36,168280
Angers,47.47156,-0.55202,FR,52,168279
Ilford,51.55765,0.07278,GB,ENG,168168
Hasilpur,29.69221,72.54566,PK,04,168146
Rio das Ostras,-22.52694,-41.945,BR,21,168099
Horta-Guinardó,41.41849,2.1677,ES,56,168092
Pátra,38.2462,21.73508,GR,ESYE23,168034
Rutchenkivskyi,47.97597,37.69677,UA,05,168029
Đồng Xoài,11.53495,106.88324,VN,75,168000
Jamālpur,24.91965,89.94812,BD,H,167900
Kushiro,42.975,144.37472,JP,12,167875
Berezniki,59.4091,56.8204,RU,90,167748
Awka,6.21269,7.07199,NG,25,167738
Volgodonsk,47.51141,42.15269,RU,61,167731
Hollywood,34.09834,-118.32674,US,CA,167664
Oyama,36.3,139.8,JP,38,167647
Ijero-Ekiti,7.81514,5.06716,NG,54,167632
Jīnd,29.31577,76.31502,IN,10,167592
Miass,55.04552,60.10756,RU,13,167500
Fortechnyi,48.49865,32.25365,UA,10,167451
Tuguegarao,17.61577,121.72285,PH,02,167297
Carúpano,10.66516,-63.25387,VE,19,167187
Kumbakonam,10.96209,79.39124,IN,25,167155
Plumbon,-6.705,108.47278,ID,30,167105
Darmstadt,49.87167,8.65027,DE,05,167029
Mary,37.59378,61.83031,TM,05,167027
Novocherkassk,47.4222,40.09373,RU,61,166974
Elk Grove,38.4088,-121.37162,US,CA,166913
Mohali,30.67995,76.72211,IN,23,166864
Sampit,-2.5315,112.9496,ID,13,166773
Clarksville,36.52977,-87.35945,US,TN,166722
Wan Chai,22.28142,114.17258,HK,HWC,166695
Linköping,58.41086,15.62157,SE,16,166673
Iwata,34.7,137.85,JP,37,166672
Kamalia,30.72708,72.64607,PK,04,166617
Pembroke Pines,26.00315,-80.22394,US,FL,166611
Maicao,11.37837,-72.2395,CO,17,166603
Obihiro,42.91722,143.20444,JP,12,166536
Fatehpur,25.92774,80.81266,IN,36,166480
Osnabrück,52.27264,8.0498,DE,06,166462
Calama,-22.45667,-68.92371,CL,03,166334
Nou Barris,41.44163,2.17727,ES,56,166310
Nepalgunj,28.05,81.61667,NP,5,166258
Comitán,16.24004,-92.13668,MX,05,166178
Ocumare del Tuy,10.1182,-66.77513,VE,15,166072
Niiza,35.82088,139.55791,JP,34,166017
Greater Sudbury,46.49,-80.99001,CA,08,166004
Khobar,26.27944,50.20833,SA,06,165799
Songcheng,26.88194,120.00111,CN,07,165730
Deer Valley,33.68393,-112.13488,US,AZ,165656
Bang Khun Thian,13.66302,100.43416,TH,40,165491
Murfreesboro,35.84562,-86.39027,US,TN,165430
Bushehr,28.96887,50.83657,IR,22,165377
Dar Bouazza,33.51535,-7.81677,MA,06,165295
Tonk,26.16638,75.78824,IN,24,165294
Saqqez,36.24992,46.2735,IR,16,165258
Béchar,31.61667,-2.21667,DZ,38,165241
Tam Kỳ,15.57364,108.47403,VN,48,165240
Gölbaşı,39.79043,32.80903,TR,68,165201
Francisco Morato,-23.28167,-46.74528,BR,27,165139
Bima,-8.46006,118.72667,ID,17,165113
Mu-se,23.99742,97.90109,MM,11,165022
Udupi,13.33467,74.74617,IN,19,165000
Shahrud,36.41819,54.97628,IR,25,165000
Banjaran,-7.04528,107.58778,ID,30,164952
Thenali,16.24253,80.63982,IN,02,164937
Mthatha,-31.58893,28.78443,ZA,05,164848
Hengshan,45.20837,130.89808,CN,08,164844
Slough,51.50949,-0.59541,GB,ENG,164793
Bocoio,-12.47017,14.13688,AO,01,164685
Neukölln,52.47719,13.43126,DE,16,164636
Port Saint Lucie,27.29393,-80.35033,US,FL,164603
Sītāpur,27.56192,80.68265,IN,36,164435
Alandur,13.0025,80.20611,IN,25,164430
Zenica,44.20169,17.90397,BA,01,164423
Lajeado,-23.53361,-46.40866,BR,27,164391
Solingen,51.17343,7.0845,DE,07,164359
Itapetininga,-23.59167,-48.05306,BR,27,164256
Ðông Hà,16.81625,107.10031,VN,44,164228
Corona,33.87529,-117.56644,US,CA,164226
Ḩawallī,29.33278,48.02861,KW,08,164212
Musoma,-1.5,33.8,TZ,08,164172
Inisa,7.84855,4.32981,NG,42,164161
Nazran,43.22597,44.77323,RU,19,164131
Ilagan,17.14854,121.88924,PH,02,164020
Port-Gentil,-0.71933,8.78151,GA,08,164018
Bhadrāvati,13.84846,75.70502,IN,19,163903
Santana de Parnaíba,-23.44417,-46.91778,BR,27,163787
Hadano,35.37111,139.22361,JP,19,163787
Piraeus,37.94203,23.64619,GR,ESYE31,163688
Vapi,20.37175,72.90493,IN,09,163630
Bournemouth,50.72048,-1.8795,GB,ENG,163600
Pedreira,-23.70675,-46.64982,BR,27,163586
Sidon,33.55751,35.37148,LB,06,163554
Caxias,-4.85889,-43.35611,BR,13,163546
‘Ibrī,23.22573,56.51572,OM,09,163473
Jomvu,-3.98623,39.6082,KE,37,163415
Garissa,-0.45275,39.64601,KE,16,163399
Moga,30.81383,75.16878,IN,23,163397
Peterborough,52.57364,-0.24777,GB,ENG,163379
Piedecuesta,6.98789,-73.04953,CO,26,163362
Tongzhou,39.90395,116.66183,CN,22,163326
Ludwigshafen am Rhein,49.48121,8.44641,DE,08,163196
Lat Krabang,13.72197,100.78473,TH,40,163175
Şalālah,17.01505,54.09237,OM,08,163140
Büyükçekmece,41.02072,28.58502,TR,34,163140
Rāj-Nāndgaon,21.09687,81.0289,IN,37,163114
Aydın,37.84501,27.83963,TR,09,163022
Envigado,6.17591,-75.59174,CO,02,163007
Itapecerica da Serra,-23.71694,-46.84917,BR,27,163003
Al-Junaynah,13.45262,22.44725,SD,47,162981
Anbu,23.44895,116.68092,CN,30,162964
McKinney,33.19762,-96.61527,US,TX,162898
Mostaganem,35.93115,0.08918,DZ,07,162885
Chirchiq,41.46889,69.58222,UZ,14,162800
Bandar-e Māhshahr,30.55655,49.18852,IR,15,162797
Floridsdorf,48.25,16.4,AT,09,162779
Leverkusen,51.0303,6.98432,DE,07,162738
Pandi,14.865,120.95722,PH,03,162725
Capas,15.33117,120.5898,PH,03,162724
Ning’er,23.04053,101.03683,CN,29,162711
Haarlem,52.38084,4.63683,NL,07,162543
Arnhem,51.98,5.91111,NL,03,162424
Nkongsamba,4.9547,9.9404,CM,05,162309
El Vigía,8.6135,-71.65702,VE,14,162289
Araucária,-25.59306,-49.41028,BR,18,162247
Robertsonpet,12.95629,78.27539,IN,19,162230
Kitale,1.01572,35.00622,KE,50,162174
Suleja,9.18059,7.17939,NG,31,162135
Pouso Alegre,-22.23,-45.93639,BR,15,162133
Taza,34.21,-4.01,MA,03,162110
Oxford,51.75222,-1.25596,GB,ENG,162100
Al Maţarīyah,31.18287,32.03108,EG,01,162045
Kunduz,36.72895,68.857,AF,24,161902
Fengcheng,34.70388,116.58717,CN,04,161850
Trảng Bàng,11.02987,106.35751,VN,80,161831
Unnāo,26.54706,80.48781,IN,36,161671
Hortaleza,40.47444,-3.6411,ES,29,161661
N'dalatando,-9.29782,14.91162,AO,05,161584
Budaun,28.03811,79.12668,IN,36,161555
Ōgaki,35.35,136.61667,JP,09,161539
Newport,51.58774,-2.99835,GB,WLS,161506
Coquimbo,-29.95332,-71.33947,CL,07,161317
Baubau,-5.4633,122.6024,ID,22,161280
Đưc Trọng,11.73559,108.3733,VN,68,161232
Blitar,-8.0983,112.1681,ID,08,161204
Alagoinhas,-12.13556,-38.41917,BR,05,161196
KwaDukuza,-29.32816,31.28954,ZA,02,161177
Miyakonojō,31.73333,131.06667,JP,25,161137
Madhyamgram,22.68944,88.44594,IN,28,161126
Lancaster,34.69804,-118.13674,US,CA,161103
Rubtsovsk,51.51473,81.20613,RU,04,161065
Tacheng,46.74535,82.95847,CN,13,161037
Kindia,10.05692,-12.86576,GN,D,161024
Tauranga,-37.68611,176.16667,NZ,E8,161000
Kalemie,-5.94749,29.19471,CD,29,160961
Chatuchak,13.82895,100.55931,TH,40,160906
San Juan de los Morros,9.91246,-67.35398,VE,12,160868
Sayama,35.85295,139.41212,JP,34,160843
Sullana,-4.90389,-80.68528,PE,20,160789
's-Hertogenbosch,51.69917,5.30417,NL,06,160783
Szeged,46.253,20.14824,HU,06,160766
Malakal,9.53342,31.66049,SS,07,160765
Chittoor,13.21055,79.0956,IN,02,160722
Toledo,-24.71361,-53.74306,BR,18,160701
Salamanca,20.56979,-101.1977,MX,11,160682
Ban Khlong Prawet,13.71904,100.68146,TH,40,160671
La Gi,10.65993,107.77206,VN,68,160652
Anderlecht,50.83619,4.31454,BE,BRU,160553
Mytishchi,55.91099,37.72964,RU,47,160542
Delegación Cuajimalpa de Morelos,19.3692,-99.29089,MX,09,160491
Hebron,31.52935,35.0938,PS,WE,160470
Camaragibe,-8.02167,-34.98111,BR,30,160318
Mogi Guaçu,-22.3677,-46.94552,BR,27,160318
Mejicanos,13.72397,-89.188,SV,10,160317
Trà Vinh,9.94719,106.34225,VN,86,160310
Parepare,-4.0135,119.6255,ID,38,160309
Jāmuria,23.70468,87.07872,IN,28,160242
Koudougou,12.25188,-2.36694,BF,06,160239
Nyzhnodniprovsk,48.47546,35.1167,UA,04,160123
Taunggyi,20.78919,97.03776,MM,11,160115
Dhamār,14.54274,44.40514,YE,11,160114
Dubai Investments Park,25.00827,55.15682,AE,03,160000
Ash Sharqāt,35.51722,43.22806,IQ,18,160000
Dijon,47.31344,5.01391,FR,27,159941
Salavat,53.3828,55.91094,RU,08,159893
Ede,7.73635,4.43536,NG,42,159866
Sukrah,36.87744,10.2468,TN,38,159862
Manzanillo,19.11695,-104.34214,MX,08,159853
Jalapa,14.63542,-89.99112,GT,10,159840
Paech’ŏn-ŭp,37.99306,126.30139,KP,06,159825
Cary,35.79154,-78.78112,US,NC,159769
Skudai,1.53741,103.65779,MY,01,159733
Tahoua,14.8888,5.2692,NE,06,159468
Alexandria,38.80484,-77.04692,US,VA,159467
Tuxtepec,18.0883,-96.12535,MX,20,159452
Puthia,24.36537,88.83431,BD,83,159406
Newton,49.13333,-122.85,CA,02,159390
Paris 16 Passy,48.8637,2.2769,FR,11,159386
Zhicheng,30.29556,111.50472,CN,12,159383
Ang Mo Kio New Town,1.38028,103.83972,SG,02,159340
Limuru,-1.1136,36.64205,KE,22,159314
San Miguel del Padrón,23.09544,-82.32669,CU,02,159273
Tarija,-21.53549,-64.72956,BO,09,159269
Patos de Minas,-18.57889,-46.51806,BR,15,159235
Oldenburg,53.14039,8.21479,DE,06,159218
Paris 17 Batignolles-Monceau,48.8835,2.3219,FR,11,159212
Matsusaka,34.57895,136.53706,JP,23,159145
Catamarca,-28.46957,-65.78524,AR,02,159139
Tochigi,36.38333,139.73333,JP,38,159056
Khoroshëvo-Mnevniki,55.78363,37.47137,RU,48,159000
Bibirevo,55.88333,37.6,RU,48,159000
Bordj Bou Arreridj,36.07389,4.76139,DZ,39,158812
Dīla,6.41667,38.31667,ET,56,158800
Jaigaon,26.84766,89.37558,IN,28,158664
Atibaia,-23.11694,-46.55028,BR,27,158647
Batāla,31.80921,75.20294,IN,23,158621
Grenoble,45.17869,5.71479,FR,84,158552
Sāmarrā’,34.1959,43.88568,IQ,18,158508
Tempe Junction,33.41421,-111.94348,US,AZ,158368
Palmdale,34.57943,-118.11646,US,CA,158351
George Town,5.41123,100.33543,MY,09,158336
El Achir,36.06386,4.62744,DZ,39,158333
Hayward,37.66882,-122.0808,US,CA,158289
Orai,25.99023,79.45334,IN,36,158265
Thốt Nốt,10.27213,105.5338,VN,92,158225
Gweru,-19.45,29.81667,ZW,02,158200
Abaetetuba,-1.71806,-48.8825,BR,16,158188
Centro Habana,23.13488,-82.36893,CU,02,158151
Panguíla,-8.69335,13.44914,AO,19,158068
Bukit Batok New Town,1.35903,103.76368,SG,00,158030
Chom Thong,13.67717,100.48407,TH,40,158005
Gol’yanovo,55.82299,37.81306,RU,48,158000
Sunggal,3.5765,98.6151,ID,26,157914
Industrialnyi,49.95458,36.36915,UA,07,157900
Admiralteisky,59.923,30.3,RU,66,157897
Diourbel,14.64792,-16.24363,SN,03,157554
Ueda,36.40265,138.28161,JP,26,157480
Aberdeen,22.24802,114.15289,HK,HSO,157400
Avtozavodskyi,49.09753,33.43206,UA,18,157382
Salinas,36.67774,-121.6555,US,CA,157380
San Blas-Canillejas,40.43893,-3.61537,ES,29,157367
Cuautla,18.81302,-98.95513,MX,17,157336
Salzburg,47.79941,13.04399,AT,05,157245
Perbaungan,3.5679,98.956,ID,26,157174
Nong Chok,13.85585,100.86216,TH,40,157138
Ussuriysk,43.80467,131.95734,RU,59,157068
Arif Wala,26.32478,66.29587,PK,02,157063
Nanpiao,41.09822,120.74792,CN,19,157044
Livorno,43.54427,10.32615,IT,16,157017
Río Cuarto,-33.13044,-64.35272,AR,05,157010
Harar,9.31387,42.11815,ET,50,157000
Tiraspol,46.84275,29.6284,MD,58,157000
Enfield Town,51.65147,-0.08497,GB,ENG,156858
Westonaria,-26.31905,27.6486,ZA,06,156831
Lizhi,29.70317,107.39521,CN,33,156753
Hitachi-Naka,36.39659,140.53479,JP,14,156581
Saharsa,25.87498,86.59611,IN,34,156540
Qalyub,30.17922,31.2056,EG,12,156363
Escuintla,14.30097,-90.78816,GT,06,156313
Marbella,36.51543,-4.88583,ES,51,156295
Ereğli,37.51333,34.04672,TR,71,156253
Batu Pahat,1.8548,102.9325,MY,01,156236
Sitiawan,4.2168,100.6996,MY,07,156234
Mariveles,14.43385,120.48569,PH,03,156200
San Pablo de las Salinas,19.66658,-99.09477,MX,15,156191
Lampang,18.29232,99.49277,TH,06,156139
York,53.95763,-1.08271,GB,ENG,156135
Bạc Liêu,9.29414,105.72776,VN,96,156110
Juja,-1.10148,37.0132,KE,22,156041
Nek’emtē,9.08333,36.55,ET,51,156000
Fès al Bali,34.0701,-4.95473,MA,03,156000
Örebro,59.27412,15.2066,SE,15,155989
Al Miqdādīyah,33.97861,44.93694,IQ,10,155968
Katsuta,36.38333,140.53333,JP,14,155968
Malabo,3.75578,8.78166,GQ,04,155963
Vidisha,23.52604,77.81092,IN,35,155951
Tuy Hòa,13.09546,109.32094,VN,66,155921
Yizhou,24.5,108.66667,CN,16,155872
Xinqiao,31.065,121.3075,CN,23,155856
Sunnyvale,37.36883,-122.03635,US,CA,155805
Tema,5.6698,-0.01657,GH,01,155782
Yichun,47.72143,128.87529,CN,08,155762
Đức Phổ,14.81355,108.95931,VN,51,155743
San Martin Texmelucan de Labastida,19.28431,-98.43885,MX,21,155738
Ar Ramthā,32.55873,36.00816,JO,18,155693
Hanumāngarh,29.58182,74.32938,IN,24,155687
São Mateus,-23.60583,-46.47889,BR,27,155682
Zemun,44.8458,20.40116,RS,SE,155591
Telford,52.67659,-2.44926,GB,ENG,155570
Kisi,9.08297,3.85196,NG,32,155510
Nilópolis,-22.8075,-43.41389,BR,21,155500
Villa Canales,14.48285,-90.53425,GT,07,155423
Guyong,14.8361,120.97844,PH,03,155391
Settat,33.00103,-7.61662,MA,06,155333
Brusque,-27.09795,-48.91281,BR,26,155307
Paço do Lumiar,-2.53222,-44.1075,BR,13,155307
Jampur,29.64235,70.59518,PK,04,155243
Port Louis,-20.16194,57.49889,MU,18,155226
Kawanishi,34.81667,135.41667,JP,13,155165
Thānesar,29.97323,76.83214,IN,10,155152
Al Ḩawāmidīyah,29.9,31.25,EG,08,155055
Hassan,13.00715,76.0962,IN,19,155006
Lianghu,29.99152,120.89845,CN,02,155000
Tetuán de las Victorias,40.45975,-3.6975,ES,29,155000
Kishangarh,26.59006,74.85397,IN,24,154886
Birendranagar,28.59669,81.61658,NP,6,154886
Dalūpura,28.6057,77.31901,IN,07,154791
Guangshui,31.6199,113.9978,CN,12,154771
Saint-Denis,-20.88231,55.4504,RE,RE,154765
Brăila,45.27152,27.97429,RO,08,154686
Lyubertsy,55.67719,37.89322,RU,47,154650
Bumba,2.18771,22.46827,CD,25,154586
Rudrapur,28.98,79.4,IN,39,154554
La Serena,-29.90591,-71.25014,CL,07,154521
Miskolc,48.10327,20.77806,HU,04,154521
Abū Kabīr,30.72508,31.67148,EG,14,154466
Fu’an,27.09131,119.64446,CN,07,154439
Kitengela,-1.47612,36.96144,KE,19,154436
Frisco,33.15067,-96.82361,US,TX,154407
Zhaodong,46.05223,125.9552,CN,08,154406
Wujiaqu,44.16279,87.52174,CN,13,154400
Shomolu,6.53891,3.3742,NG,05,154390
Janzūr,32.81868,13.01727,LY,81,154389
Xai-Xai,-25.05194,33.64417,MZ,02,154356
Springfield,42.10148,-72.58981,US,MA,154341
Nalgonda,17.05439,79.26707,IN,40,154326
Katabi,0.08411,32.46972,UG,C,154300
Gwangyang,34.9414,127.69569,KR,16,154266
Kovrov,56.35752,41.31893,RU,83,154224
Viranşehir,37.22349,39.75519,TR,63,154163
Noda,35.94897,139.86793,JP,04,154114
San Cristóbal,18.41713,-70.10682,DO,33,154040
East Chattanooga,35.06535,-85.24912,US,TN,154024
Limassol,34.68406,33.03794,CY,05,154000
Kariya,34.98333,136.98333,JP,01,153834
Pasadena,29.69106,-95.2091,US,TX,153784
Mīt Ghamr,30.71524,31.2592,EG,01,153754
Jackson,32.29876,-90.18481,US,MS,153701
Parelheiros,-23.8275,-46.72694,BR,27,153695
Enschede,52.21833,6.89583,NL,15,153655
Boshan,36.48333,117.83333,CN,25,153596
Hazāribāgh,23.99241,85.36162,IN,38,153595
Yangchun,22.16667,111.78333,CN,30,153547
Souk Ahras,36.28639,7.95111,DZ,52,153479
Musanze,-1.49984,29.63497,RW,13,153368
Medinīpur,22.42114,87.32257,IN,28,153349
Andong,36.56636,128.72275,KR,14,153348
Bālurghāt,25.22099,88.77732,IN,28,153279
Pomona,34.05529,-117.75228,US,CA,153266
Valle de La Pascua,9.21554,-66.00734,VE,12,153136
Kreuzberg,52.49973,13.40338,DE,16,153135
Chincha Alta,-13.40985,-76.13235,PE,11,153076
Cairns,-16.92366,145.76613,AU,04,153075
Fyzābād,26.77549,82.15018,IN,36,153047
Thị Trấn Thuận Châu,21.43849,103.69,VN,14,153000
Dinapore,25.63705,85.04794,IN,34,152940
Dingzhou,38.51473,114.9868,CN,10,152934
Kansas City,39.11417,-94.62746,US,KS,152933
As Samawah,31.33198,45.2944,IQ,03,152890
Porbandar,21.64219,69.60929,IN,09,152760
Sinp’o,40.03971,128.1943,KP,03,152759
Pengpu,31.2855,121.4367,CN,23,152725
Wazirabad,32.44324,74.12,PK,04,152624
Washington Heights,40.8501,-73.93541,US,NY,152613
Lakewood,39.70471,-105.08137,US,CO,152597
Baqubah,33.75403,44.60518,IQ,10,152550
Sumayl,36.85823,42.8482,IQ,08,152512
Simele,36.85833,42.8501,IQ,08,152512
Neuss,51.19807,6.68504,DE,07,152457
Chenghua,23.46132,116.77007,CN,30,152453
Songnim-ni,38.76349,125.64096,KP,07,152425
Bānda,25.47758,80.33491,IN,36,152218
Cần Giuộc,10.60857,106.67135,VN,80,152200
Balvanera,-34.61032,-58.39766,AR,07,152198
Longfeng,46.53168,125.1038,CN,08,152074
Strogino,55.81838,37.41224,RU,48,152000
Gonbad-e Kāvūs,37.25004,55.16721,IR,37,151910
Etwatwa,-26.12516,28.45472,ZA,06,151866
Higashimurayama,35.75459,139.46852,JP,40,151815
Garanhuns,-8.88202,-36.50216,BR,30,151803
Hindupur,13.82807,77.49143,IN,02,151677
Amsterdam Nieuw-West,52.3565,4.80636,NL,07,151677
Stavanger,58.97005,5.73332,NO,14,151669
Bintulu,3.16667,113.03333,MY,11,151617
Poole,50.71429,-1.98458,GB,ENG,151500
Akhmīm,26.5622,31.74566,EG,24,151430
Kohat,33.58196,71.44929,PK,03,151427
Regensburg,49.01513,12.10161,DE,02,151389
Layyah,30.96128,70.93904,PK,04,151274
Girga,26.33721,31.89295,EG,24,151256
Koforidua,6.09408,-0.25913,GH,05,151255
Bukit Merah Estate,1.28417,103.82306,SG,00,151250
Logroño,42.46615,-2.45115,ES,27,151164
Beāwar,26.10119,74.32028,IN,24,151152
Sykhiv,49.79427,24.06284,UA,15,151131
Shujaabad,29.88092,71.29344,PK,04,151115
Escondido,33.11921,-117.08642,US,CA,151038
Ṣuwayliḥ,32.0221,35.84394,JO,02,151016
Erzincan,39.73919,39.49015,TR,24,150714
Kırşehir,39.14583,34.16389,TR,40,150700
Zarichnyi,50.90376,34.80933,UA,21,150694
La Laguna,28.4853,-16.32014,ES,53,150661
Kokshetau,53.28414,69.39364,KZ,03,150649
Eminabad,32.04237,74.25996,PK,04,150646
Anantnag,33.73068,75.15418,IN,12,150592
Kukichūō,36.06739,139.67498,JP,34,150582
Badajoz,38.87789,-6.97061,ES,57,150530
Serilingampalle,17.49313,78.30196,IN,40,150525
Malatia-Sebastia,40.17396,44.4457,AM,11,150500
Talcahuano,-36.72494,-73.11684,CL,06,150499
Chillán,-36.60664,-72.10344,CL,18,150396
Jaranwala,31.3332,73.41868,PK,04,150380
Kỳ Anh,18.06243,106.29832,VN,42,150226
Nong Khaem,13.70594,100.34918,TH,40,150218
Piedras Negras,28.70007,-100.52353,MX,07,150178
Kızıltepe,37.18836,40.57723,TR,72,150174
Astoria,40.77205,-73.93014,US,NY,150165
Musashino,35.70611,139.55944,JP,40,150149
Paranaguá,-25.51626,-48.52537,BR,18,150104
Balashikha,55.79479,37.94794,RU,47,150103
Raigarh,21.89764,83.3966,IN,37,150019
Gloucester,45.35,-75.63333,CA,08,150012
Vryheid,-27.76952,30.79165,ZA,02,150012
Malkajgiri,17.44781,78.52633,IN,40,150000
Gimcheon,36.12176,128.11981,KR,14,150000
Bercham,4.6411,101.1393,MY,07,150000
Setia Alam,3.10155,101.45565,MY,12,150000
Bandar Tasik Puteri,3.28531,101.4741,MY,12,150000
Tordher,33.99047,72.2863,PK,03,150000
Zhulebino,55.7,37.85,RU,48,150000
Dili,-8.55861,125.57361,TL,DI,150000
Shāntipur,23.24723,88.43302,IN,28,149983
Chishtian,29.79713,72.85772,PK,04,149939
Playa del Carmen,20.6274,-87.07987,MX,23,149923
Santa Rita,-7.11389,-34.97806,BR,17,149910
Split,43.50891,16.43915,HR,15,149830
Ursynów,52.15051,21.05041,PL,78,149775
Hollywood,26.0112,-80.14949,US,FL,149728
Madrid Centro,40.41831,-3.70275,ES,29,149718
Iguatemi,-23.61277,-46.42667,BR,27,149700
Harunabad,29.61206,73.13802,PK,04,149679
Shūnan,34.08053,131.82564,JP,45,149632
Agadez,16.97333,7.99111,NE,01,149549
Burnley,53.8,-2.23333,GB,ENG,149422
Reẖovot,31.89421,34.81199,IL,02,149392
Watampone,-4.5386,120.3279,ID,38,149336
Sabha,27.03766,14.42832,LY,75,149329
Disūq,31.13259,30.64784,EG,21,149291
Cagliari,39.23054,9.11917,IT,14,149257
Borough Park,40.63399,-73.99681,US,NY,149248
Harrow,51.57835,-0.33208,GB,ENG,149246
Berrechid,33.26553,-7.58754,MA,06,149201
Queimados,-22.71611,-43.55528,BR,21,149093
Tambacounda,13.77073,-13.66734,SN,05,149071
Huddersfield,53.64904,-1.78416,GB,ENG,149017
Ārabī,9.96278,42.49278,ET,52,148933
Kerch,45.35675,36.47542,UA,11,148932
Saguenay,48.41675,-71.06573,CA,10,148886
Prenzlauer Berg,52.53878,13.42443,DE,16,148878
Fazenda Rio Grande,-25.6575,-49.30806,BR,18,148873
Komaki,35.28333,136.91667,JP,01,148872
Marvdasht,29.87407,52.80258,IR,07,148858
Melitopol,46.84735,35.38196,UA,26,148851
Dunhua,43.36954,128.22861,CN,05,148844
Bhuj,23.25397,69.66928,IN,09,148834
Arganzuela,40.40021,-3.69618,ES,29,148797
Jyväskylä,62.24147,25.72088,FI,13,148744
Yonago,35.43333,133.33333,JP,41,148720
Ruqi,9.97293,43.4276,SO,21,148702
Rimini,44.05755,12.56528,IT,05,148688
Coquitlam,49.2846,-122.78217,CA,02,148625
Aḍ-Ḍawāḥy,31.24408,32.27731,EG,19,148624
Arar,30.97531,41.03808,SA,15,148540
Valencia,34.44361,-118.60953,US,CA,148456
Moreno,-34.63401,-58.79138,AR,01,148290
Tama,35.6436,139.46844,JP,40,148285
Rockford,42.27113,-89.094,US,IL,148278
Kalaban Koro,12.57329,-8.02907,ML,07,148247
El Limón,10.30589,-67.63212,VE,04,148247
Nîmes,43.83665,4.35788,FR,76,148236
Dundee,56.46913,-2.97489,GB,SCT,148210
Bārākpur,22.76602,88.36336,IN,28,148174
Sao Rafael,-23.62821,-46.45395,BR,27,148145
Sujiatun,41.65917,123.33917,CN,19,148113
Astanajapura,-6.8017,108.6311,ID,30,148047
Xebat,36.27798,43.67065,IQ,11,148047
Ciudad Delicias,28.19013,-105.47012,MX,06,148045
Siguiri,11.42282,-9.16852,GN,K,148018
Mbanza Kongo,-6.26667,14.23833,AO,16,148000
East Hampton,37.03737,-76.33161,US,VA,147993
Honggang,46.3974,124.88447,CN,08,147977
Sarrià-Sant Gervasi,41.40104,2.1394,ES,56,147912
Kiambu,-1.17139,36.83556,KE,22,147870
Clermont-Ferrand,45.77969,3.08682,FR,84,147865
Joliet,41.52519,-88.0834,US,IL,147861
Barrie,44.40011,-79.66634,CA,08,147829
Bang Kapi,13.7653,100.647,TH,40,147800
Savannah,32.08354,-81.09983,US,GA,147780
Paterson,40.91677,-74.17181,US,NJ,147754
Salamanca,40.42972,-3.67975,ES,29,147707
Kolomna,55.07108,38.78399,RU,47,147690
Hājīpur,25.68544,85.20981,IN,34,147688
Rafsanjān,30.4067,55.9939,IR,29,147680
Hòa Thành,11.28696,106.12936,VN,80,147666
Mestre,45.49167,12.24538,IT,20,147662
As Sālimīyah,29.33389,48.07611,KW,08,147649
Bridgeport,41.17923,-73.18945,US,CT,147629
Shevchenko,49.5645,34.53873,UA,18,147600
Kuntsevo,55.74216,37.40225,RU,48,147497
Kragujevac,44.01667,20.91667,RS,SE,147473
Aktau,43.66105,51.17392,KZ,09,147443
Nusantara,-0.97306,116.70861,ID,14,147430
Balcón de la Lisa,23.05346,-82.4476,CU,02,147415
Sasarām,24.94942,84.01645,IN,34,147408
Bohuniya,50.27691,28.60962,UA,27,147324
Iruma,35.818,139.368,JP,34,147166
Renca,-33.4019,-70.70619,CL,12,147151
Kramatorsk,48.73106,37.56779,UA,05,147145
Naperville,41.78586,-88.14729,US,IL,147100
Manama,26.22787,50.58565,BH,16,147074
Colima,19.24473,-103.7127,MX,08,146965
Bhimavaram,16.54078,81.52322,IN,02,146961
Lárisa,39.62847,22.42112,GR,ESYE14,146926
Nakhodka,42.8436,132.91831,RU,59,146920
Debre Birhan,9.67954,39.53262,ET,46,146900
Cacuaco,-8.7798,13.37478,AO,20,146867
Slobidskyi,49.94479,36.2813,UA,07,146850
Aix-en-Provence,43.5283,5.44973,FR,93,146821
Cam Ranh,11.92144,109.15913,VN,56,146771
Jalalpur Jattan,32.64118,74.20561,PK,04,146743
Matanzas,23.04388,-81.58284,CU,03,146733
Beed,18.98921,75.75634,IN,16,146709
Khasnahzān,36.2009,44.14235,IQ,11,146639
Taozhou,30.90641,119.40865,CN,01,146610
Saint-Quentin-en-Yvelines,48.77186,2.01891,FR,11,146598
Bandar Bukit Raja,3.08737,101.43339,MY,12,146534
Blackburn,53.75,-2.48333,GB,ENG,146521
Rosemont–La Petite-Patrie,45.53661,-73.60686,CA,10,146501
Colina,-33.20443,-70.67474,CL,12,146207
Burāri,28.7557,77.19941,IN,07,146190
Ruda Śląska,50.2584,18.85632,PL,83,146189
Nouadhibou,20.94188,-17.03842,MR,08,146048
Puerto Plata,19.79344,-70.6884,DO,18,146000
Urdaneta,15.97611,120.57111,PH,01,145935
Chamberí,40.43404,-3.70379,ES,29,145934
Krishnanagar,23.40576,88.49073,IN,28,145926
Xinji,37.92595,115.21907,CN,10,145911
Jutiapa,14.28491,-89.88798,GT,11,145880
Chitradurga,14.22262,76.40038,IN,19,145853
Bueng Kum,13.78528,100.66958,TH,40,145830
Cambridge,52.2,0.11667,GB,ENG,145674
Kampung Pasir Gudang Baru,1.4726,103.878,MY,01,145639
Kampung Sungai Glugur,5.36966,100.31353,MY,09,145600
Dibrugarh,27.47989,94.90837,IN,03,145488
Médéa,36.26417,2.75393,DZ,06,145441
Taishan,22.25135,112.7799,CN,30,145440
El Eulma,36.15281,5.69016,DZ,12,145380
Pécs,46.07617,18.22814,HU,02,145347
Giá Rai,9.23444,105.45833,VN,96,145340
Abohar,30.14453,74.19552,IN,23,145302
Tiruvannamalai,12.22662,79.07461,IN,25,145278
Teixeira de Freitas,-17.535,-39.74194,BR,05,145216
Gainesville,29.65163,-82.32483,US,FL,145214
Concordia,-31.39195,-58.01706,AR,08,145210
Botucatu,-22.88583,-48.445,BR,27,145155
Fujieda,34.86667,138.26667,JP,37,145032
Spanish Town,17.99107,-76.95742,JM,10,145018
Blackpool,53.81667,-3.05,GB,ENG,145007
Urganch,41.55177,60.63143,UZ,05,145000
Bukoba,-1.33167,31.81222,TZ,19,144938
Kaithal,29.80153,76.39959,IN,10,144915
Ingombota,-8.81806,13.22889,AO,20,144911
Brest,48.39029,-4.48628,FR,53,144899
Basildon,51.56844,0.45782,GB,ENG,144859
Franco da Rocha,-23.32167,-46.72694,BR,27,144849
Salamanca,40.96882,-5.66388,ES,55,144825
Villeray–Saint-Michel–Parc-Extension,45.55869,-73.60535,CA,10,144814
Mesquite,32.7668,-96.59916,US,TX,144788
Ashikaga,36.33333,139.45,JP,38,144746
Huyện Lâm Hà,11.81554,108.21444,VN,68,144707
Acheng,45.54558,126.95191,CN,08,144665
Kelowna,49.88307,-119.48568,CA,02,144576
Umarkot,25.36329,69.74184,PK,05,144558
León,12.43527,-86.87862,NI,08,144538
Kakamigahara,35.41667,136.86667,JP,09,144521
Le Mans,48.0021,0.20251,FR,52,144515
Lodhran,29.5339,71.63244,PK,04,144512
Campo Largo,-25.45955,-49.53014,BR,18,144504
Trois-Rivières,46.34515,-72.5477,CA,10,144472
Hailin,44.57149,129.38539,CN,08,144443
Amsterdam-Zuid,52.34691,4.87683,NL,07,144432
Tsuchiura,36.09047,140.21047,JP,14,144399
Elektrostal’,55.78647,38.45713,RU,47,144387
Balasore,21.49266,86.93348,IN,21,144373
Yong’an,31.01894,109.45949,CN,33,144314
Paris 11e Arrondissement,48.85834,2.37952,FR,11,144292
Kampong Pasir Ris,1.37833,103.93194,SG,00,144260
Huelva,37.26638,-6.94004,ES,51,144258
Nemyshlyanskyi,49.96437,36.33385,UA,07,144200
Navoiy,40.08444,65.37917,UZ,07,144158
Syracuse,43.04812,-76.14742,US,NY,144142
Ashkelon,31.66926,34.57149,IL,01,144073
Pinetown,-29.82068,30.88674,ZA,02,144026
Teshi Old Town,5.58365,-0.10722,GH,01,144013
Biryulëvo,55.58635,37.67781,RU,48,144000
Orekhovo-Borisovo,55.61252,37.72639,RU,48,144000
Kusatsu,35.01667,135.96667,JP,35,143913
Amsterdam-West,52.37761,4.86601,NL,07,143842
Nanjin,29.98497,106.26529,CN,33,143766
Guelph,43.54594,-80.25599,CA,08,143740
Qianjiang,29.53284,108.77478,CN,33,143727
Ramna Maidan,23.73333,90.4,BD,81,143677
Godhra,22.77547,73.61488,IN,09,143644
Khemisset,33.82404,-6.06627,MA,04,143640
Çanakkale,40.15552,26.41271,TR,17,143622
Torrance,33.83585,-118.34063,US,CA,143592
Três Lagoas,-20.78765,-51.70338,BR,11,143523
San Jose,12.35275,121.06761,PH,41,143495
Ladysmith,-28.55874,29.77896,ZA,02,143446
Lévis,46.80326,-71.17793,CA,10,143414
Cachoeirinha,-23.45442,-46.66209,BR,27,143366
Heidelberg,49.40768,8.69079,DE,01,143345
Fresnillo,23.1749,-102.86785,MX,32,143281
Touggourt,33.11083,6.07,DZ,TG,143270
Shillong,25.56892,91.88313,IN,18,143229
Surprise,33.63059,-112.33322,US,AZ,143148
Norwich,52.62783,1.29834,GB,ENG,143135
Tịnh Biên,10.59591,104.93669,VN,91,143098
Moriguchi,34.73333,135.56667,JP,32,143096
Amiens,49.9,2.3,FR,32,143086
Cai Lậy,10.4,106.11667,VN,82,143050
Rewāri,28.199,76.6183,IN,10,143021
Basirhat City,22.66142,88.85477,IN,28,143007
Novyye Kuz’minki,55.7,37.75,RU,48,143000
Kuz’minki,55.7,37.8,RU,48,143000
Aalborg,57.048,9.9187,DK,19,142937
La Trinidad,16.455,120.5875,PH,15,142925
Ghardaïa,32.49094,3.67347,DZ,45,142913
Timika,-4.61407,136.67679,ID,PT,142909
Pyatigorsk,44.05,43.05036,RU,70,142865
Teófilo Otoni,-17.8575,-41.50528,BR,15,142851
Mbanza-Ngungu,-5.25837,14.85838,CD,08,142773
Mercier–Hochelaga-Maisonneuve,45.57194,-73.54626,CA,10,142753
Okinawa,26.33583,127.80139,JP,47,142752
Middlesbrough,54.57623,-1.23483,GB,ENG,142707
Shahrisabz,39.05778,66.83417,UZ,08,142700
Moro,26.66317,68.00016,PK,05,142685
Ch’ŏngdan-ŭp,37.97028,125.9375,KP,06,142607
Sant Andreu,41.43541,2.18982,ES,56,142598
Rybnik,50.09713,18.54179,PL,83,142510
Saïda,34.83033,0.15171,DZ,10,142497
Metairie Terrace,29.97854,-90.16396,US,LA,142489
Tuzla,44.53842,18.66709,BA,01,142486
Kovpakivskyi,50.92508,34.79484,UA,21,142447
eMbalenhle,-26.53333,29.06667,ZA,07,142443
Trindade,-16.64944,-49.48889,BR,29,142431
Khanpur,28.64739,70.65694,PK,04,142426
Columbia,34.00071,-81.03481,US,SC,142416
Nawābganj,24.59025,88.27444,BD,83,142361
Inezgane,30.35535,-9.53639,MA,09,142320
Puerto Cortez,15.82562,-87.92968,HN,06,142311
Pasadena,34.14778,-118.14452,US,CA,142250
Toowoomba,-27.56056,151.95386,AU,04,142163
Paderborn,51.71905,8.75439,DE,07,142161
"Misato, Saitama",35.84373,139.88347,JP,34,142145
Chhatarpur,24.9177,79.58871,IN,35,142128
Kimberley,-28.73226,24.76232,ZA,08,142089
Alto Hospicio,-20.26871,-70.1049,CL,15,142086
Ciego de Ávila,21.8422,-78.76034,CU,07,142027
Samālūţ,28.31214,30.71007,EG,10,142009
Chertanovo Yuzhnoye,55.59072,37.59519,RU,48,142000
Maykop,44.60789,40.10242,RU,01,141970
Attock City,33.76671,72.35977,PK,04,141945
Kisaran,2.9845,99.6158,ID,26,141915
Mojokerto,-7.4664,112.4338,ID,08,141785
Facatativá,4.81367,-74.35453,CO,33,141762
Masai,1.4907,103.8788,MY,01,141730
Punto Fijo,11.69152,-70.19918,VE,11,141729
Myingyan,21.46002,95.3884,MM,08,141713
Kamālshahr,35.86187,50.87424,IR,44,141669
Mandsaur,24.07184,75.06986,IN,35,141667
Zheleznodorozhnyy,55.744,38.01684,RU,47,141648
Chas,23.63556,86.16712,IN,38,141640
Jahrom,28.5,53.5605,IR,07,141634
Tours,47.39484,0.70398,FR,24,141621
Pālanpur,24.17128,72.43827,IN,09,141592
Bondoukou,8.0402,-2.80003,CI,92,141568
Chichicastenango,14.94333,-91.11116,GT,14,141567
Tarragona,41.11905,1.24544,ES,56,141542
Cachoeirinha,-29.95111,-51.09389,BR,23,141503
Tobruk,32.08963,23.95385,LY,79,141499
Sinch’ŏn-ŭp,38.35323,125.48423,KP,06,141407
Abbotsford,49.05798,-122.25257,CA,02,141397
Circoiscrizione II,45.05013,7.64052,IT,12,141344
Bolton,53.58333,-2.43333,GB,ENG,141331
Yushu,33.00118,97.00893,CN,06,141308
Piteşti,44.85,24.86667,RO,03,141275
Fukayachō,36.2,139.28333,JP,34,141268
Potosí,-19.58361,-65.75306,BO,07,141251
Usera,40.38866,-3.70035,ES,29,141189
Limoges,45.83362,1.24759,FR,75,141176
Cangaiba,-23.49696,-46.52045,BR,27,141172
Salto,-23.20083,-47.28694,BR,27,141111
Asaka,35.80472,139.60194,JP,34,141083
Ghazni,33.55391,68.42096,AF,08,141000
Orange,33.78779,-117.85311,US,CA,140992
Wola,52.23477,20.96004,PL,78,140958
Sanhe,29.86864,107.73027,CN,33,140954
Īlām,33.6374,46.4227,IR,10,140940
Shimotoda,35.815,139.6853,JP,34,140899
Comodoro Rivadavia,-45.86256,-67.494,AR,04,140850
Kampung Sungai Ara,5.32699,100.27348,MY,09,140849
Fullerton,33.87029,-117.92534,US,CA,140847
Killeen,31.11712,-97.7278,US,TX,140806
Norilsk,69.3535,88.2027,RU,91,140800
Lleida,41.61674,0.62218,ES,56,140797
Coimbra,40.20686,-8.41996,PT,07,140796
Mtwara,-10.26667,40.18333,TZ,11,140793
Manjhand,25.90827,68.23683,PK,05,140766
Beni,0.49113,29.47306,CD,11,140731
Debre Mark’os,10.35,37.73333,ET,46,140700
Norzagaray,14.9109,121.0493,PH,03,140697
Qeładizê,36.18254,45.13017,IQ,05,140688
Vila Curuca,-23.51,-46.41566,BR,27,140673
Nigel,-26.43138,28.47713,ZA,06,140644
Shengavit,40.1557,44.4779,AM,11,140600
Catacamas,14.85114,-85.89412,HN,15,140548
Buea,4.15342,9.24231,CM,09,140533
Shuizhai,23.92961,115.76499,CN,30,140493
Al’met’yevsk,54.90395,52.31793,RU,73,140437
Paris 12e Arrondissement,48.83523,2.43505,FR,11,140311
McAllen,26.20341,-98.23001,US,TX,140269
Lakhīmpur,27.94822,80.77935,IN,36,140223
Ishinomaki,38.41667,141.3,JP,24,140151
Mpumalanga,-29.81292,30.63646,ZA,02,140121
Mian Channun,30.44067,72.35679,PK,04,140112
Ji Paraná,-10.88528,-61.95167,BR,24,140101
Zaanstad,52.45313,4.81356,NL,07,140085
Kabin Buri,13.95133,101.71739,TH,74,140056
Kuwana,35.05192,136.66958,JP,23,140051
Ayacucho,-13.1638,-74.22345,PE,05,140033
Torbat-e Ḩeydarīyeh,35.27401,59.21949,IR,42,140019
Shanhaiguan,40.00119,119.75395,CN,10,140000
Chamartín,40.46206,-3.6766,ES,29,140000
Şaḩam,24.17222,56.88861,OM,11,140000
Abéché,13.82916,20.8324,TD,12,139983
Peristéri,38.01539,23.69187,GR,ESYE31,139981
Amersfoort,52.155,5.3875,NL,09,139914
Darwin,-12.46113,130.84185,AU,03,139902
Jeongeup,35.60004,126.91699,KR,03,139876
Bellevue,47.61038,-122.20068,US,WA,139820
Korolev,55.91417,37.82556,RU,47,139798
Valsād,20.61013,72.93428,IN,09,139764
Shinyanga,-3.66393,33.42118,TZ,15,139727
Sollentuna,59.42804,17.95093,SE,26,139606
Al Hindīyah,32.54193,44.22469,IQ,12,139578
Yaizu,34.86877,138.31952,JP,37,139578
Payakumbuh,-0.2159,100.6334,ID,24,139576
Damoh,23.83312,79.4419,IN,35,139561
Āsela,7.95,39.13333,ET,51,139500
Haldwani,29.22254,79.5286,IN,39,139497
Irewe,6.41692,3.14058,NG,05,139494
Batang,-6.4846,110.7083,ID,07,139492
Gbongan,7.47734,4.35351,NG,42,139485
Gama,-16.02511,-48.07121,BR,07,139467
Siem Reap,13.36179,103.86056,KH,24,139458
Anaco,9.42958,-64.46428,VE,02,139397
Purwodadi,-7.0868,110.9158,ID,07,139387
Koga,36.18333,139.71667,JP,14,139344
Yuepu,31.42694,121.42139,CN,23,139328
Hābra,22.84202,88.65606,IN,28,139297
Sidoarjo,-7.4478,112.7183,ID,08,139189
Kyivskyi,48.04646,37.77571,UA,05,139177
Şabāḩ as Sālim,29.25722,48.05722,KW,09,139163
Balneário Camboriú,-26.99056,-48.63472,BR,26,139155
Plaza de la Revolución,23.11936,-82.39197,CU,02,139135
Lausanne,46.516,6.63282,CH,VD,139111
Choloma,15.61444,-87.95302,HN,06,139100
Barcarena,-1.50583,-48.62583,BR,16,139076
Kairouan,35.6781,10.09633,TN,03,139070
Stockport,53.40979,-2.15761,GB,ENG,139052
Budapest XI. kerület,47.47603,19.03605,HU,05,139049
Huadian,42.97213,126.74107,CN,05,139047
Crato,-7.23417,-39.40944,BR,06,139027
Kousséri,12.07689,15.03063,CM,12,139024
Weru,-6.711,108.5037,ID,30,139004
Al-'Ubūr,30.22886,31.48149,EG,12,138987
Kolpino,59.75069,30.58856,RU,66,138979
Itapipoca,-3.49444,-39.57861,BR,06,138978
Conselheiro Lafaiete,-20.66028,-43.78611,BR,15,138946
Belgrano,-34.5627,-58.45829,AR,07,138942
Sarh,9.14555,18.38331,TD,17,138928
Gingoog,8.82778,125.09972,PH,10,138895
San Juan del Río,20.38897,-99.99637,MX,22,138878
Sekondi-Takoradi,4.92678,-1.75773,GH,09,138872
Liuzhi,26.2342,105.426,CN,18,138826
Altamira,-3.20333,-52.20639,BR,16,138749
Naga,10.20898,123.758,PH,07,138727
Fuyu,45.18333,124.81667,CN,05,138704
Wūdān,42.93444,119.02389,CN,20,138695
Vespasiano,-19.69194,-43.92333,BR,15,138583
Whitby,43.88342,-78.93287,CA,08,138501
Metairie,29.98409,-90.15285,US,LA,138481
Kolār,13.13768,78.12999,IN,19,138462
Bizerte,37.27442,9.87391,TN,18,138430
Táriba,7.82117,-72.22329,VE,20,138402
Ejigbo,7.90303,4.31364,NG,42,138357
Santa Cruz do Sul,-29.7175,-52.42583,BR,23,138270
Ksar El Kebir,35.00044,-5.90378,MA,01,138262
Paris 11 Popincourt,48.8574,2.3795,FR,11,138170
Dabou,5.32556,-4.37685,CI,82,138083
Bukit Panjang New Town,1.37972,103.76472,SG,05,138050
Sao Lucas,-23.59468,-46.54359,BR,27,138038
Paris 12 Reuilly,48.8412,2.3876,FR,11,138024
Bertoua,4.57728,13.68459,CM,04,137993
Jacmel,18.23569,-72.53686,HT,13,137966
Srikakulam,18.2989,83.89751,IN,02,137944
Candelaria,13.93111,121.42333,PH,40,137933
Araruama,-22.87278,-42.34306,BR,21,137906
Vĩnh Long,10.25369,105.9722,VN,86,137870
Praia,14.93152,-23.51254,CV,14,137868
Resende,-22.46889,-44.44667,BR,21,137697
Liangping,30.66108,107.7661,CN,33,137620
Kirdāsah,30.03103,31.11109,EG,08,137588
Ponce,18.01031,-66.62398,PR,113,137491
Doilungdêqên,29.65505,90.99177,CN,14,137451
Jieshi,22.81027,115.83058,CN,30,137444
Hejiang,28.81161,105.83359,CN,32,137437
Pasir Puteh,5.83333,102.4,MY,03,137400
Mandya,12.5223,76.89746,IN,19,137358
Xiayang,31.14967,121.11588,CN,23,137321
Nor Nork,40.19661,44.5669,AM,11,137300
Dixinn,9.55111,-13.67306,GN,04,137287
Bhisho,-32.84721,27.44218,ZA,05,137287
Freguesia do Ó,-23.49877,-46.69983,BR,27,137240
Subang,-6.57,107.75667,ID,30,137234
Madhurampur Dehri,24.96899,84.1964,IN,34,137231
Negombo,7.2083,79.8358,LK,36,137223
Irákleion,35.32787,25.14341,GR,ESYE43,137154
Hampton,37.02987,-76.34522,US,VA,137148
Wuyishan,27.75995,118.03066,CN,07,137133
Miramar,25.98731,-80.23227,US,FL,137132
Jiashan,30.84918,120.92583,CN,02,137112
Jiagedaqi,50.41667,124.11667,CN,20,137105
Bilqās,31.21452,31.35798,EG,01,137080
Rangkasbitung,-6.3591,106.2494,ID,33,137041
Odintsovo,55.66977,37.27716,RU,47,137041
Foggia,41.45845,15.55188,IT,13,137032
Antsiranana,-12.31732,49.29188,MG,71,136959
Kānchrāpāra,22.95998,88.42849,IN,28,136954
San Juan Sacatepéquez,14.71889,-90.64417,GT,07,136886
Minoh,34.82691,135.47057,JP,32,136868
Funtua,11.52351,7.31174,NG,24,136811
St. Catharines,43.17126,-79.24267,CA,08,136803
Dawei,14.0823,98.19151,MM,12,136783
Igboho,8.83784,3.75628,NG,32,136764
Gunungsitoli,1.2888,97.6143,ID,26,136707
Apeldoorn,52.21,5.96944,NL,03,136670
Cidade Lider,-23.56202,-46.4913,BR,27,136660
Marīvān,35.51829,46.18298,IR,16,136654
Phủ Lý,20.54531,105.91221,VN,37,136654
Divo,5.83739,-5.35723,CI,95,136627
Huinong,39.23333,106.76944,CN,21,136570
Ebina,35.38121,139.39651,JP,19,136516
Larache,35.19321,-6.15572,MA,01,136505
Varginha,-21.55139,-45.43028,BR,15,136467
Paris 14 Observatoire,48.8331,2.3264,FR,11,136455
Van Nuys,34.18667,-118.44897,US,CA,136443
Būsh,29.14816,31.12733,EG,18,136441
Mlolongo,-1.39639,36.94028,KE,31,136351
Guarapari,-20.67182,-40.50196,BR,08,136311
Tương Mai,20.9888,105.85525,VN,01,136292
San José del Cabo,23.05406,-109.70367,MX,03,136285
West Valley City,40.69161,-112.00105,US,UT,136208
Kisarazu,35.38329,139.93254,JP,04,136166
Gejiu,23.36085,103.15372,CN,29,136135
Bacău,46.56718,26.91384,RO,04,136087
Saaba,12.37136,-1.41468,BF,03,136011
Mingaladon,16.92406,96.09768,MM,17,136000
Dimāpur,25.91174,93.7217,IN,20,135860
Sasolburg,-26.81358,27.81695,ZA,03,135828
Cheras,3.108,101.726,MY,12,135823
Tasek Glugor,5.48032,100.49849,MY,09,135786
Osorno,-40.57395,-73.13348,CL,14,135773
Amsterdam-Oost,52.35206,4.93353,NL,07,135767
Araras,-22.35694,-47.38417,BR,27,135744
Tumxuk,39.86984,79.06118,CN,13,135727
Kushtia,23.9028,89.11943,BD,82,135724
Pitalito,1.85371,-76.05071,CO,16,135711
Baliuag,14.95472,120.89694,PH,03,135679
Hoàn Kiếm,21.02857,105.85064,VN,01,135618
Kajansi,0.21548,32.53453,UG,C,135600
Isahaya,32.84111,130.04306,JP,27,135546
Dayton,39.75895,-84.19161,US,OH,135512
Cẩm Phả Mines,21.01667,107.3,VN,22,135477
Petapa,14.50189,-90.56196,GT,07,135447
Māler Kotla,30.5309,75.87949,IN,23,135424
Buguma,4.73614,6.86236,NG,50,135404
Itaituba,-4.27611,-55.98361,BR,16,135369
Ahuntsic-Cartierville,45.56667,-73.66667,CA,10,135336
Shiqiao,22.9464,113.35769,CN,30,135308
Pyay,18.81996,95.21562,MM,16,135308
Rabak,13.18087,32.73999,SD,41,135281
Tây Ninh,11.31004,106.09828,VN,80,135254
Le Vieux-Longueuil,45.53721,-73.50773,CA,10,135218
Tyre,33.27333,35.19389,LB,06,135204
Kutaisi,42.26791,42.69459,GE,66,135201
Andīmeshk,32.4615,48.35368,IR,15,135116
Siwān,26.22096,84.35609,IN,34,135066
Madrid,4.73245,-74.26419,CO,33,135000
Angono,14.5266,121.1536,PH,40,134975
Cartago,4.74639,-75.91167,CO,29,134972
Shahreẕā,32.00877,51.86407,IR,28,134952
Hinthada,17.64944,95.45705,MM,03,134947
Apucarana,-23.55083,-51.46083,BR,18,134910
Cap-Haïtien,19.75938,-72.19815,HT,09,134815
Baturaja,-4.12891,104.16695,ID,32,134759
Inazawa,35.25,136.78333,JP,01,134751
Rodriguez,14.76011,121.19993,PH,40,134432
Kalol,23.24656,72.49508,IN,09,134426
Mīāndoāb,36.96667,46.10961,IR,01,134425
São Mateus,-18.72011,-39.85891,BR,08,134423
Laghouat,33.8,2.86514,DZ,25,134372
Nevinnomyssk,44.6333,41.9444,RU,70,134345
San Mateo,14.6982,121.1236,PH,40,134327
Ţahţā,26.76866,31.50198,EG,24,134314
San Juan,14.6,121.0333,PH,NCR,134312
Sibiu,45.8,24.15,RO,33,134309
Olathe,38.8814,-94.81913,US,KS,134305
El Geneina Fort,13.47481,22.45744,SD,47,134264
Ikirun,7.91283,4.66741,NG,42,134240
Shenglilu,29.35048,105.8775,CN,33,134218
San Nicolás de los Arroyos,-33.33425,-60.2108,AR,01,134217
Léogâne,18.5111,-72.63343,HT,11,134190
Vila Jacui,-23.50262,-46.46156,BR,27,134189
Adiwerna,-6.9375,109.1325,ID,07,134188
Cametá,-2.24444,-49.49583,BR,16,134184
Al Qurnah,31.01547,47.43362,IQ,02,134174
Abakaliki,6.32485,8.11368,NG,53,134102
Vitória de Santo Antão,-8.11806,-35.29139,BR,30,134084
Marianao,23.07387,-82.42969,CU,02,134057
Warren,42.49044,-83.01304,US,MI,134056
Cizre,37.33024,42.18484,TR,80,134041
Circoiscrizione VIII,45.03789,7.67174,IT,12,134028
Bānkura,23.23241,87.0716,IN,28,133966
İnegol,40.07806,29.51333,TR,16,133959
Ebetsu,43.10806,141.55056,JP,12,133953
Anyama,5.49462,-4.05183,CI,93,133905
Jiawang,34.43278,117.44194,CN,04,133861
Singaraja,-8.112,115.08818,ID,02,133784
Pātan,23.8507,72.12963,IN,09,133737
Würzburg,49.79391,9.95121,DE,02,133731
Barysaw,54.2279,28.505,BY,05,133700
Đồng Hới,17.46885,106.62226,VN,44,133672
Randfontein,-26.1844,27.70203,ZA,06,133654
Pervouralsk,56.90528,59.94361,RU,71,133600
Gondā City,27.13181,81.95332,IN,36,133583
Madīnat Ḩamad,26.11528,50.50694,BH,19,133550
Ōme,35.78389,139.24306,JP,40,133535
Sinnūris,29.41345,30.86579,EG,04,133532
Votorantim,-23.54667,-47.43778,BR,27,133510
Milagro,-2.13396,-79.59337,EC,10,133508
Jaú,-22.29639,-48.55778,BR,27,133497
Thornton,39.86804,-104.97192,US,CO,133451
Valdivia,-39.81422,-73.24589,CL,17,133419
Olmaliq,40.84472,69.59833,UZ,14,133400
Okrika,4.74215,7.08368,NG,50,133271
High Wycombe,51.62907,-0.74934,GB,ENG,133204
Carrollton,32.95373,-96.89028,US,TX,133168
Talisay,10.24472,123.84944,PH,07,133148
Gao,16.27167,-0.04472,ML,09,133110
Dhaulpur,26.69286,77.87968,IN,24,133075
Tarime,-1.35,34.36667,TZ,08,133043
Kentron,40.17806,44.51303,AM,11,133000
Milton,43.51681,-79.88294,CA,08,132979
M'Sila,35.70889,4.53722,DZ,27,132975
Narita,35.78333,140.31667,JP,04,132906
Franceville,-1.63333,13.58357,GA,02,132895
Puqi,29.71667,113.88333,CN,12,132891
Tondabayashichō,34.50065,135.60211,JP,32,132873
Sandachō,34.88444,135.22694,JP,13,132858
Gondiā,21.46026,80.19205,IN,16,132813
Dunedin,-45.87416,170.50361,NZ,F7,132800
Kislovodsk,43.91333,42.72083,RU,70,132771
Kyauktan,16.63736,96.32512,MM,17,132765
Schaerbeek,50.86935,4.37737,BE,BRU,132761
Hoofddorp,52.3025,4.68889,NL,07,132734
Machiques,10.06077,-72.55212,VE,23,132734
Palakkad,10.77319,76.65366,IN,13,132728
Silifke,36.37778,33.93444,TR,32,132665
Charleston,32.77632,-79.93275,US,SC,132609
Langley,49.10107,-122.65883,CA,02,132603
Midland,31.99735,-102.07791,US,TX,132524
Fujinomiya,35.21667,138.61667,JP,37,132507
Mingala Tangnyunt,16.78855,96.17234,MM,17,132494
Innsbruck,47.26266,11.39454,AT,07,132493
Bragança,-1.05361,-46.76556,BR,16,132489
Kingston,44.22976,-76.48098,CA,08,132485
Wugang,26.7279,110.63198,CN,11,132457
Gloucester,51.86568,-2.2431,GB,ENG,132416
Waco,31.54933,-97.14667,US,TX,132356
Cerro,23.10789,-82.38356,CU,02,132351
Zama,35.4879,139.39101,JP,19,132325
Manokwari,-0.86291,134.06402,ID,39,132300
Valinhos,-22.97056,-46.99583,BR,27,132258
Dimitrovgrad,54.21386,49.61838,RU,81,132226
Zhalantun,48.00945,122.73651,CN,20,132224
Bettiah,26.80229,84.50311,IN,34,132209
Maijdi,22.86667,91.1,BD,84,132185
São Félix do Xingu,-6.64472,-51.995,BR,16,132138
San Pedro Garza García,25.66158,-100.4034,MX,19,132128
Sapucaia do Sul,-29.81782,-51.14551,BR,23,132107
Kombolcha,11.08155,39.74339,ET,46,132100
Muricay,7.8275,123.4782,PH,09,132094
Sterling Heights,42.58031,-83.0302,US,MI,132052
Surat Thani,9.14011,99.33311,TH,60,132040
Fürth,49.47593,10.98856,DE,02,132036
Ferrara,44.83804,11.62057,IT,05,132009
Quận Đức Thịnh,10.30989,105.73855,VN,00,132000
Isidro Casanova,-34.7,-58.58745,AR,01,131981
Ōmuta,33.03333,130.45,JP,07,131974
Villa Mercedes,-37.40421,-71.97949,CL,06,131936
Fuji,29.14819,105.37391,CN,32,131927
Palwal,28.14469,77.32546,IN,10,131926
Bielany,52.29242,20.93531,PL,78,131910
Dawukou,39.04194,106.39583,CN,21,131880
Bulaon,15.08262,120.66288,PH,03,131818
Garut,-7.245,107.921,ID,30,131809
Ajdabiya,30.75545,20.22625,LY,83,131773
Abiko,35.86667,140.01667,JP,04,131771
Kadoma,34.7381,135.57442,JP,32,131727
Majie,25.0319,102.638,CN,29,131696
Bhakkar,31.62685,71.06471,PK,04,131658
Rio Pequeno,-23.57139,-46.75887,BR,27,131631
Kāshmar,35.23831,58.46558,IR,42,131517
Jijel,36.821,5.76352,DZ,24,131513
Martapura,-3.4109,114.8642,ID,12,131449
Villeurbanne,45.76601,4.8795,FR,84,131445
Hải Châu,15.91667,108.13333,VN,48,131427
Limbe,4.02356,9.20607,CM,09,131381
Rānīganj,23.6164,87.13061,IN,28,131261
Hepo,23.43077,115.82991,CN,30,131238
Iranshahr,27.20245,60.68476,IR,04,131232
Soubré,5.78377,-6.59388,CI,76,131181
Onomichi,34.41667,133.2,JP,11,131170
Denton,33.21484,-97.13307,US,TX,131044
Etah,27.55879,78.65692,IN,36,131023
Pīlibhīt,28.63124,79.80436,IN,36,131008
Shangzhi,45.20562,128.00242,CN,08,131006
Lashio,22.9359,97.7498,MM,11,131000
Rayon KhTZ,49.94349,36.36959,UA,07,131000
Novomoskovsk,54.01098,38.29084,RU,76,130982
Matsubara,34.56667,135.55,JP,32,130855
Abengourou,6.72972,-3.49639,CI,94,130810
Al Bāb,36.37051,37.5157,SY,09,130745
Shuangcheng,45.3798,126.30711,CN,08,130710
Exeter,50.7236,-3.52751,GB,ENG,130709
Circoiscrizione III,45.06279,7.63071,IT,12,130709
Ho,6.60084,0.4713,GH,08,130701
Narowal,32.10197,74.87303,PK,04,130692
Lào Cai,22.48556,103.97066,VN,15,130671
Al Ajaylat,32.75718,12.37633,LY,67,130546
Udon Thani,17.41567,102.78589,TH,76,130531
Baḥarkah,36.31556,44.03533,IQ,11,130518
Bayan Lepas,5.29992,100.26052,MY,09,130455
Petrogradka,59.96567,30.31154,RU,66,130455
Rajapalayam,9.45296,77.55335,IN,25,130442
Zipaquirá,5.02208,-74.00481,CO,33,130432
Jīroft,28.67806,57.74056,IR,29,130429
Cedar Rapids,42.00833,-91.64407,US,IA,130405
Dongyang,29.26778,120.22528,CN,02,130387
Nantou,22.72171,113.29261,CN,30,130370
Botad,22.16917,71.66671,IN,09,130327
Nablus,32.22111,35.25444,PS,WE,130326
New Haven,41.30815,-72.92816,US,CT,130322
Arcahaie,18.77019,-72.51226,HT,11,130306
Jiazi,22.87932,116.07318,CN,30,130298
Foumban,5.72662,10.89865,CM,08,130287
Roseville,38.75212,-121.28801,US,CA,130269
Quilpué,-33.04752,-71.44249,CL,01,130263
Rawson,-31.58189,-68.54211,AR,18,130258
Sīdī Ḥusayn,36.75583,10.11833,TN,36,130255
Kati,12.74409,-8.07257,ML,07,130254
Seri Kembangan,3.03333,101.71667,MY,12,130252
Kembangan,1.32228,103.91135,SG,00,130252
Colchester,51.88921,0.90421,GB,ENG,130245
Umeå,63.82842,20.25972,SE,23,130224
Din Daeng,13.7904,100.57014,TH,40,130220
Chaman,30.91769,66.45259,PK,02,130139
Sennar,13.56907,33.56718,SD,58,130122
Masaya,11.97316,-86.09587,NI,11,130113
Visalia,36.33023,-119.29206,US,CA,130104
Nankana Sahib,31.4501,73.70653,PK,04,130041
Caála,-12.8525,15.56056,AO,08,130000
Sonārgaon,23.65,90.61667,BD,81,130000
Dongxing,21.55,107.96667,CN,16,130000
Tottenham,51.60373,-0.06794,GB,ENG,130000
Zugló,47.51758,19.10549,HU,05,130000
Aley,33.80528,35.6,LB,05,130000
San Martin,-5.18591,-80.66927,PE,20,130000
Tychy,50.13717,18.96641,PL,83,130000
Ramenki,55.7,37.5,RU,48,130000
Cambridge,43.3601,-80.31269,CA,08,129920
Mardin,37.31309,40.74357,TR,72,129864
Pingxiang,22.09694,106.75667,CN,16,129843
Zwolle,52.5125,6.09444,NL,15,129840
Baidoa,3.11383,43.6498,SO,04,129839
Sầm Sơn,19.73333,105.9,VN,38,129801
Santo António,22.20208,113.54394,CN,30,129800
Salford,53.48771,-2.29042,GB,ENG,129794
Mandi Bahauddin,32.58704,73.49123,PK,04,129733
Tokat,40.31389,36.55444,TR,60,129702
Erebuni,40.13309,44.53009,AM,11,129700
Ô Môn,10.10974,105.62318,VN,92,129683
Gapan,15.3072,120.9464,PH,03,129610
Deoria,26.50167,83.77936,IN,36,129570
Bayambang,15.8127,120.4557,PH,01,129506
Mianwali,32.57756,71.52847,PK,04,129500
Coral Springs,26.27119,-80.2706,US,FL,129485
Sherbrooke,45.40008,-71.89908,CA,10,129447
Al Bayḑā’,32.76272,21.75506,LY,63,129439
Jardim Helena,-23.4837,-46.41309,BR,27,129409
Sabará,-19.88639,-43.80667,BR,15,129380
Acilia-Castel Fusano-Ostia Antica,41.76337,12.33078,IT,07,129362
Charlottenburg,52.51667,13.28333,DE,16,129359
Thousand Oaks,34.17056,-118.83759,US,CA,129339
Columbia,38.95171,-92.33407,US,MO,129330
Colatina,-19.53944,-40.63056,BR,08,129301
Győr,47.68333,17.63512,HU,09,129301
Copiapó,-27.36737,-70.33219,CL,05,129280
Kokubunji,35.70222,139.47556,JP,40,129242
Quibdó,5.69188,-76.65835,CO,11,129237
Guelmim,28.98696,-10.05738,MA,10,129200
Charallave,10.24247,-66.85723,VE,15,129182
Shahr-e Kord,32.32612,50.8572,IR,03,129153
Malambo,10.85953,-74.77386,CO,04,129148
Tatuí,-23.35556,-47.85694,BR,27,129130
Iwakuni,34.16297,132.22,JP,45,129125
Leiyang,26.40238,112.85908,CN,11,129116
Białołeka,52.32127,20.97204,PL,78,129106
Cadiz,10.9465,123.288,PH,06,129053
Carnot,4.94273,15.87735,CF,19,129032
Bat Yam,32.02379,34.75185,IL,05,129012
Zacatecas,22.76843,-102.58141,MX,32,129011
Elizabeth,40.66399,-74.2107,US,NJ,129007
Zyablikovo,55.61667,37.76667,RU,48,129000
Daur,26.45528,68.31835,PK,05,128958
Bingöl,38.88472,40.49389,TR,12,128935
Copacabana,-22.96898,-43.18563,BR,21,128919
Sātkhira,22.70817,89.07185,BD,82,128918
Parung,-6.42139,106.73306,ID,30,128905
Palo Negro,10.17389,-67.54194,VE,04,128875
Stamford,41.05343,-73.53873,US,CT,128874
Idlib,35.93062,36.63393,SY,12,128840
Moanda,-5.92753,12.37148,CD,08,128804
Sīnah,36.80851,43.03935,IQ,08,128776
Ōsaki,38.58866,140.973,JP,24,128763
Magelang,-7.47056,110.21778,ID,07,128709
Concord,37.97798,-122.03107,US,CA,128667
Leiria,39.74362,-8.80705,PT,13,128640
Puno,-15.84003,-70.02198,PE,21,128637
Kamyshin,50.0885,45.41277,RU,84,128626
Shuanglonghu,29.71617,106.60684,CN,33,128563
Nimach,24.45949,74.86625,IN,24,128561
Kafr ad Dawwār,31.13379,30.12969,EG,03,128539
Águas Claras,-15.83969,-48.02675,BR,07,128486
Bosque Saúde,-23.60926,-46.62304,BR,27,128469
Novocheboksarsk,56.11095,47.47755,RU,16,128468
Besançon,47.24878,6.01815,FR,27,128426
Lugazi,0.36788,32.9376,UG,C,128400
Thành phố Sông Công,21.4772,105.84137,VN,19,128357
Rosario,13.6323,121.2207,PH,40,128352
Khardah,22.71861,88.37806,IN,28,128346
Sakakah,29.96974,40.20641,SA,20,128332
Khenifra,32.93492,-5.66167,MA,05,128318
Al Manāqil,14.2459,32.9891,SD,38,128297
Rustavi,41.56271,44.9787,GE,68,128249
Jose Bonifacio,-23.56742,-46.43264,BR,27,128243
Manzanillo,20.3424,-77.11928,CU,09,128188
Yavatmāl,20.39324,78.13201,IN,16,128175
Hālīsahar,22.93218,88.41859,IN,28,128172
Serpukhov,54.9198,37.41618,RU,47,128158
Rionegro,6.15515,-75.37371,CO,02,128153
Shache,38.41667,77.24056,CN,13,128145
Siheungdong,37.45177,126.91079,KR,11,128142
Khanna,30.70547,76.22196,IN,23,128137
Koidu,8.64387,-10.9714,SL,01,128030
Norman,35.22257,-97.43948,US,OK,128026
Mosquera,4.70592,-74.23021,CO,33,128012
Orekhovo-Borisovo Severnoye,55.61667,37.68333,RU,48,128000
Ivanovskoye,55.76667,37.83333,RU,48,128000
Bento Gonçalves,-29.17139,-51.51917,BR,23,127977
Buôn Hồ,12.95226,108.2962,VN,66,127920
Chũ,21.37379,106.56649,VN,24,127881
Västerås,59.61617,16.55276,SE,25,127799
Seto,35.23333,137.1,JP,01,127792
Alhambra,33.49838,-112.13432,US,AZ,127764
Titāgarh,22.74252,88.37326,IN,28,127751
Newcastle under Lyme,53.0,-2.23333,GB,ENG,127727
Opole,50.67119,17.92604,PL,79,127676
Worcester,-33.64651,19.44852,ZA,11,127597
Elbląg,54.1522,19.40884,PL,85,127558
Gaojing,31.32225,121.4751,CN,23,127512
Sirajganj,24.45771,89.70802,BD,83,127481
Jequié,-13.85875,-40.08512,BR,05,127475
Płock,52.54682,19.70638,PL,78,127474
Siguatepeque,14.59691,-87.83102,HN,04,127468
Wałbrzych,50.77141,16.28432,PL,72,127431
Yevlakh,40.61832,47.15014,AZ,68,127400
Mykilska Borshchahivka,50.42638,30.37442,UA,12,127400
Al Manzalah,31.15823,31.936,EG,01,127394
Wau,7.70111,27.98972,SS,09,127384
Songnan,31.35043,121.48218,CN,23,127347
Södermalm,59.31278,18.07577,SE,26,127323
Athens,33.96095,-83.37794,US,GA,127315
Amaigbo,5.78917,7.83829,NG,45,127300
Vila Mariana,-23.58833,-46.63464,BR,27,127286
Chiang Mai,18.79038,98.98468,TH,02,127240
Lafia,8.4939,8.51532,NG,56,127236
Jiangyou,31.76667,104.71667,CN,32,127225
Cikampek,-6.41972,107.45583,ID,30,127173
Mustafābād,28.71974,77.26781,IN,07,127167
Tengyue,24.99492,98.51276,CN,29,127133
Shajing,22.74628,113.81903,CN,30,127089
Jinfeng,28.2385,116.60054,CN,03,127076
Sancti Spíritus,21.93429,-79.4398,CU,14,127069
Mataró,41.54211,2.4445,ES,56,126988
Barretos,-20.55722,-48.56778,BR,27,126957
Kent,47.38093,-122.23484,US,WA,126952
Pakokku,21.33489,95.08438,MM,15,126938
Murom,55.56853,42.02388,RU,83,126931
Daska Kalan,32.32422,74.35039,PK,04,126924
Sertãozinho,-21.13778,-47.99028,BR,27,126887
Hāthras,27.59551,78.05201,IN,36,126882
Pulong Santa Cruz,14.27324,121.07643,PH,40,126844
Klaten,-7.70583,110.60639,ID,07,126831
Khasavyurt,43.24872,46.58571,RU,17,126829
Neftekamsk,56.08879,54.26383,RU,08,126805
Villaverde,40.35,-3.7,ES,29,126802
Simi Valley,34.26945,-118.78148,US,CA,126788
Bayawan,9.3649,122.804,PH,07,126744
Shakargarh,32.26361,75.16008,PK,04,126742
Jorhat,26.75751,94.20306,IN,03,126736
Santa Cruz,14.6,120.98333,PH,NCR,126735
La Victoria,10.22677,-67.33122,VE,04,126721
Pakpattan,30.34314,73.38944,PK,04,126706
Jingzhi,36.31,119.3875,CN,25,126703
Danshui,22.7984,114.46716,CN,30,126701
Circoiscrizione V,45.10147,7.65538,IT,12,126666
Solihull,52.41426,-1.78094,GB,ENG,126577
East Los Angeles,34.0239,-118.17202,US,CA,126496
Lalitpur,24.69007,78.41915,IN,36,126475
Jombang,-7.54595,112.23307,ID,08,126465
Maxixe,-23.85972,35.34722,MZ,03,126408
Nakhon Ratchasima,14.97066,102.10196,TH,27,126391
Chinandega,12.62951,-87.13133,NI,03,126387
Al Jadīd,27.05,14.4,LY,75,126386
Lambaré,-25.34682,-57.60647,PY,06,126377
Iizuka,33.63654,130.68678,JP,07,126364
Hua Hin,12.57065,99.95876,TH,57,126355
San Carlos del Zulia,9.00098,-71.92683,VE,23,126353
Vilkhivskyi,48.54327,39.28201,UA,14,126340
Rafaḩ,31.29722,34.24357,PS,GZ,126305
Ampang,3.15,101.76667,MY,14,126285
Guntakal,15.17112,77.36244,IN,02,126270
Ālā'ĕr,40.54184,81.26566,CN,13,126259
Santa Clara,37.35411,-121.95524,US,CA,126215
Pithampur,22.60197,75.69649,IN,35,126200
Paseh,-7.068,107.794,ID,30,126181
Mothīhāri,26.64862,84.91656,IN,34,126158
Koganei,35.70014,139.51109,JP,40,126074
Retiro,40.41317,-3.68307,ES,29,126058
Nossa Senhora de Fátima,22.20769,113.54831,CN,30,126000
Sunset Park,40.64548,-74.01241,US,NY,126000
Topeka,39.04833,-95.67804,US,KS,125963
Orléans,45.45732,-75.50433,CA,08,125937
Paek'ak,39.46275,125.60594,KP,15,125924
Huicheng,23.03845,116.28988,CN,30,125919
Puerto Ayacucho,5.66049,-67.58343,VE,01,125840
Gashua,12.87398,11.04057,NG,44,125817
Les Cayes,18.19199,-73.74948,HT,12,125799
Salerno,40.67545,14.79328,IT,04,125797
Savannakhet,16.5703,104.7622,LA,20,125760
Munūf,30.46597,30.93199,EG,09,125707
Watford,51.65531,-0.39602,GB,ENG,125707
Guará,-15.80976,-47.97202,BR,07,125703
Giresun,40.91698,38.38741,TR,28,125682
Xiazhen,34.80222,117.11167,CN,25,125667
Chaeryŏng-ni,38.73583,125.23083,KP,15,125631
Kastamonu,41.37805,33.77528,TR,37,125622
Kanhangad,12.30814,75.10632,IN,13,125564
‘Ajlūn,32.33326,35.75279,JO,20,125557
Derince,40.75694,29.81472,TR,41,125485
Sukawati,-8.4913,115.0459,ID,02,125470
Jagdalpur,19.08136,82.02131,IN,37,125463
Kuopio,62.89238,27.67703,FI,11,125462
Bang Sue,13.81086,100.53064,TH,40,125440
Mailsi,29.80123,72.17398,PK,04,125431
Los Ángeles,-37.46973,-72.35366,CL,06,125430
Haimen,23.19346,116.61219,CN,30,125427
Karabük,41.20488,32.62768,TR,89,125403
Ntuzuma,-29.739,30.949,ZA,02,125394
Tsuruoka,38.72167,139.82167,JP,44,125389
Saint Peters,51.36667,1.41667,GB,ENG,125370
Barbacena,-21.22583,-43.77361,BR,15,125317
Uruma,26.37609,127.85908,JP,47,125303
Debre Tabor,11.85,38.01667,ET,46,125300
Sakiet ed Daier,34.79435,10.80617,TN,32,125204
Nzega,-4.21667,33.18333,TZ,17,125193
Abilene,32.44874,-99.73314,US,TX,125182
Ban Samae Dam,13.58956,100.38734,TH,40,125133
Shahecheng,36.93833,114.50583,CN,10,125132
Kumbo,6.2,10.66667,CM,07,125124
Ottawa South,45.3921,-75.68725,CA,08,125090
Willemstad,12.12246,-68.88641,CW,,125000
Bălţi,47.76291,27.92854,MD,60,125000
Dokri,27.37421,68.09715,PK,05,125000
Tyoply Stan,55.62047,37.49338,RU,48,125000
Az Zulfī,26.29945,44.81542,SA,10,125000
Sultan Kudarat,7.22889,124.25778,PH,14,124965
Bet Shemesh,31.73072,34.99293,IL,06,124957
Jagādhri,30.16719,77.30367,IN,10,124894
Huixquilucan,19.35985,-99.35016,MX,15,124846
Arapongas,-23.41944,-51.42444,BR,18,124838
Semnan,35.57691,53.39205,IR,25,124826
León,42.60003,-5.57032,ES,55,124772
San Francisco de Macorís,19.29377,-70.25285,DO,06,124763
Yushu,44.82751,126.54063,CN,05,124736
Yuanlin,23.95671,120.57608,TW,04,124725
Santa Tecla,13.67741,-89.28335,SV,05,124694
Sorriso,-12.54528,-55.71139,BR,14,124665
Ciudad Valles,21.99631,-99.01093,MX,24,124644
Ouahigouya,13.5769,-2.41786,BF,10,124587
Poblacion,14.3787,121.025,PH,NCR,124554
Kashihara-shi,34.50896,135.7929,JP,28,124521
Ashmūn,30.29735,30.97641,EG,09,124483
Ağrı,39.71467,43.04015,TR,04,124483
Leeuwarden,53.20271,5.80973,NL,02,124481
Bến Tre,10.24147,106.37585,VN,86,124449
Monza,45.58005,9.27246,IT,09,124398
New Mirpur City,33.14782,73.75187,PK,06,124352
Chía,4.85876,-74.05866,CO,33,124309
Olanchito,15.48131,-86.57415,HN,18,124286
Koreatown,34.05779,-118.30091,US,CA,124281
Targówek,52.29185,21.04845,PL,78,124279
Lecheng,25.128,113.35041,CN,30,124268
Nancun,36.53278,120.13389,CN,25,124210
Marand,38.4329,45.7749,IR,33,124191
As Sinbillāwayn,30.88251,31.46275,EG,01,124020
Crawley,51.11303,-0.18312,GB,ENG,124008
Rudnyy,52.97244,63.11055,KZ,13,124000
Magangué,9.24202,-74.75467,CO,35,123982
Itaguaí,-22.85222,-43.77528,BR,21,123980
Bemowo,52.2546,20.90844,PL,78,123932
Metz,49.11911,6.17269,FR,44,123914
Jiupu,41.06667,122.95,CN,19,123843
Dārjiling,27.03333,88.26667,IN,28,123797
Baoshan,46.57472,131.39318,CN,08,123791
Salvaleón de Higüey,18.61501,-68.70798,DO,10,123787
Butanta,-23.5702,-46.72628,BR,27,123748
Thaton,16.91867,97.37001,MM,13,123727
Budapest III. kerület,47.54157,19.04501,HU,05,123723
Kurichchi,10.96085,76.97379,IN,25,123667
Lumajang,-8.1335,113.2248,ID,08,123626
Ise,34.48333,136.7,JP,23,123533
Hagonoy,14.83413,120.73271,PH,03,123531
Samandağ,36.08012,35.97603,TR,31,123447
Caraguatatuba,-23.62028,-45.41306,BR,27,123389
Birigui,-21.28861,-50.34,BR,27,123340
Pinsk,52.12153,26.06726,BY,01,123283
Telde,27.99243,-15.41915,ES,53,123265
Indramayu,-6.32639,108.32,ID,30,123263
Relizane,35.73734,0.55599,DZ,51,123255
Bordj el Kiffan,36.74871,3.19249,DZ,01,123246
Manas,40.94498,72.99313,KG,03,123239
Kirishima,31.74087,130.76288,JP,18,123205
Orizaba,18.85195,-97.09957,MX,30,123182
Luoyang,23.16244,114.27342,CN,30,123144
Toba Tek Singh,30.97127,72.48275,PK,04,123102
Honmachi,32.50439,130.59952,JP,21,123067
Wolfsburg,52.42452,10.7815,DE,06,123064
Umuarama,-23.76639,-53.325,BR,18,123059
Niihama,33.96047,133.30522,JP,05,123059
Jiaohe,43.72133,127.33473,CN,05,123018
Igarassu,-7.83417,-34.90639,BR,30,123017
Tsaritsyno,55.6254,37.65032,RU,48,123000
Dos Hermanas,37.28287,-5.92088,ES,51,122943
Ajapnyak,40.19917,44.47056,AM,11,122800
Tabuk,17.47378,121.46799,PH,15,122771
Tabuk,17.4084,121.2785,PH,15,122771
Dam Dam,22.63341,88.42286,IN,28,122719
Hoima,1.43314,31.35241,UG,W,122700
Wuda,39.49944,106.71167,CN,20,122696
Az Zubayr,30.39213,47.70175,IQ,02,122676
Schöneberg,52.49801,13.3443,DE,16,122658
Beppu,33.27945,131.49751,JP,30,122643
Hardoī,27.39491,80.13165,IN,36,122635
Behbahān,30.5959,50.2417,IR,15,122604
Itatiba,-23.00583,-46.83889,BR,27,122581
Huangzhou,30.45,114.8,CN,12,122563
Sheepshead Bay,40.59122,-73.94458,US,NY,122534
Puruliya,23.33062,86.36303,IN,28,122533
Ubon Ratchathani,15.23844,104.84866,TH,75,122533
Virginia,-28.10391,26.86593,ZA,03,122502
Brits,-25.63473,27.78022,ZA,10,122497
Recklinghausen,51.61379,7.19738,DE,07,122438
Zhoucun,36.81667,117.81667,CN,25,122402
Cherkessk,44.22375,42.04624,RU,27,122395
Haveli Lakha,30.45097,73.69371,PK,04,122389
Maastricht,50.84833,5.68889,NL,05,122378
Amherst,42.97839,-78.79976,US,NY,122366
Tekirdağ,40.9781,27.51101,TR,59,122287
Shahr-e Ṣadrā,29.79972,52.50215,IR,07,122226
Victorville,34.53611,-117.29116,US,CA,122225
Burton upon Trent,52.80728,-1.64263,GB,ENG,122199
Calumpit,14.91639,120.76583,PH,03,122187
Lat Phrao,13.80335,100.60696,TH,40,122182
Livoberezhnyi,47.1093,37.64306,UA,05,122175
Göttingen,51.53443,9.93228,DE,06,122149
Titiwangsa,3.17822,101.70312,MY,14,122096
Phasi Charoen,13.71466,100.43691,TH,40,122070
Veshnyaki,55.72393,37.81952,RU,48,122000
Presnenskiy,55.75894,37.55816,RU,48,122000
Zābol,31.0306,61.4949,IR,04,121989
Kaya,13.0883,-1.08368,BF,05,121970
Xiangcheng,25.46687,100.56248,CN,29,121959
Dharmavaram,14.41435,77.72035,IN,02,121874
Gokalpur,28.7029,77.28961,IN,07,121870
Ādīgrat,14.277,39.462,ET,53,121800
Kotamobagu,0.74194,124.31208,ID,31,121756
Carora,10.17283,-70.081,VE,13,121741
Vallejo,38.10409,-122.25664,US,CA,121692
Bhadreswar,22.82449,88.33841,IN,28,121662
Dorūd,33.49218,49.0616,IR,23,121638
Bern,46.94809,7.44744,CH,BE,121631
San Pedro de la Paz,-36.83897,-73.10028,CL,06,121631
Nagaon,26.35,92.66667,IN,03,121628
Lahti,60.98267,25.66151,FI,07,121622
Vejalpur,22.69021,73.56299,IN,09,121610
Longshui,29.56555,105.76205,CN,33,121609
Siracusa,37.07542,15.28664,IT,15,121605
Mubende,0.55849,31.39489,UG,C,121600
Stara Zagora,42.43205,25.64262,BG,59,121582
Ondjiva,-17.06667,15.73333,AO,07,121537
Alberton,-26.26786,28.12225,ZA,06,121536
Gràcia,41.40237,2.15641,ES,56,121502
Chikmagalūr,13.32231,75.774,IN,19,121484
Ekibastuz,51.72371,75.32287,KZ,11,121470
Algeciras,36.13326,-5.45051,ES,51,121414
Lafayette,30.22409,-92.01984,US,LA,121374
Lianhe,47.13333,129.27426,CN,08,121367
Chico,39.72849,-121.83748,US,CA,121345
Bhadrak,21.05447,86.5156,IN,21,121338
Bagé,-31.33139,-54.10694,BR,23,121335
North Stamford,41.13815,-73.54346,US,CT,121230
Bergamo,45.69601,9.66721,IT,09,121200
Ruse,43.84872,25.9534,BG,53,121168
Sawai Madhopur,26.02301,76.34408,IN,24,121106
Chơn Thành,11.42821,106.63536,VN,75,121083
Ambikāpur,23.11892,83.19537,IN,37,121071
Eunápolis,-16.3775,-39.58028,BR,05,121067
Apalit,14.95333,120.77,PH,03,121057
Hartford,41.76371,-72.68509,US,CT,121054
Bukittinggi,-0.30907,100.37055,ID,24,121028
Dolisie,-4.19834,12.66664,CG,07,121000
Zyuzino,55.65608,37.56846,RU,48,121000
Ejido,8.54665,-71.24087,VE,14,120978
Berkeley,37.87159,-122.27275,US,CA,120972
Nova Lima,-19.98556,-43.84667,BR,15,120959
Plaridel,14.88722,120.85722,PH,03,120939
West Palm Beach,26.71534,-80.05337,US,FL,120932
Kashiwara,34.45,135.76667,JP,28,120922
Uruguaiana,-29.75472,-57.08833,BR,23,120819
Ikoma,34.68333,135.7,JP,28,120741
Heilbronn,49.13995,9.22054,DE,01,120733
El Mourouj,36.71364,10.2096,TN,27,120732
Ţūz Khūrmātū,34.88808,44.63256,IQ,18,120712
Trento,46.06787,11.12108,IT,17,120709
Shahdad Kot,27.84726,67.90679,PK,05,120687
Catchiungo,-12.56598,16.22589,AO,08,120677
Ingolstadt,48.76508,11.42372,DE,02,120658
Toa Payoh New Town,1.33611,103.85,SG,00,120650
Lichuan,30.3,108.85,CN,12,120587
Bukit Bintang,3.14657,101.71023,MY,14,120529
La Concepción,10.61919,-71.83814,VE,23,120478
Ulm,48.39841,9.99155,DE,01,120451
Mandoli,28.70275,77.30995,IN,07,120417
San Carlos,9.66415,-68.58659,VE,08,120375
Włocławek,52.64817,19.0678,PL,73,120339
Allentown,40.60843,-75.49018,US,PA,120207
Satara,17.68589,73.99333,IN,16,120195
Bao'an Centre,22.57953,113.9163,CN,30,120170
Charsadda,34.14822,71.7406,PK,03,120170
Fernando de la Mora,-25.3386,-57.52167,PY,06,120167
Chūru,28.30415,74.96718,IN,24,120157
Perugia,43.1122,12.38878,IT,18,120137
Gangāpur,26.47249,76.71744,IN,24,120115
Zhujing,30.901,121.15966,CN,23,120084
Bồ Đề,21.05618,105.86675,VN,01,120028
Guelma,36.46214,7.42608,DZ,23,120004
International City,25.16383,55.40987,AE,03,120000
Dubai Marina,25.08525,55.14646,AE,03,120000
Zhaoyuan,37.36497,120.40997,CN,25,120000
Nabatîyé et Tahta,33.37889,35.48389,LB,07,120000
Rustaq,23.39083,57.42444,OM,02,120000
Solntsevo,55.63711,37.38115,RU,48,120000
Orekhovo-Zuyevo,55.81242,38.99155,RU,47,120000
Gereida,11.27543,25.14026,SD,49,120000
Cabudwaaq,6.24585,46.2247,SO,05,120000
Cheremushky,46.43251,30.71151,UA,17,120000
Madhyapur Thimi,27.68056,85.3875,NP,3,119955
Saint-Louis-de-Terrebonne,45.70198,-73.78669,CA,10,119944
Evansville,37.97476,-87.55585,US,IN,119943
Bonon,6.9268,-6.0489,CI,96,119938
Bottrop,51.52392,6.9285,DE,07,119909
Ghotki,28.00437,69.31569,PK,05,119879
Kwekwe,-18.92809,29.81486,ZW,02,119863
Malindi,-3.21799,40.11692,KE,23,119859
Ban I Chang,13.71061,99.89617,TH,52,119858
Rize,41.02083,40.52194,TR,53,119828
Almirante Tamandaré,-25.32472,-49.31,BR,18,119825
Palm Bay,28.03446,-80.58866,US,FL,119760
Ann,19.79537,94.04791,MM,01,119714
Leiden,52.15833,4.49306,NL,11,119713
Thon Buri,13.725,100.48511,TH,40,119708
Ajax,43.85012,-79.03288,CA,08,119677
Bergedorf,53.48462,10.22904,DE,04,119665
Sambrial,32.47835,74.35338,PK,04,119571
Pescara,42.4584,14.20283,IT,01,119554
Modakeke,7.38299,4.26031,NG,42,119529
Nobeoka,32.58333,131.66667,JP,25,119521
Silang,14.21567,120.97137,PH,40,119475
Amanfrom,5.53532,-0.39827,GH,01,119467
Marituba,-1.35528,-48.34194,BR,16,119437
Paulo Afonso,-9.40611,-38.21472,BR,05,119418
Moḩammad Shahr,35.763,50.9171,IR,44,119418
Īz̄eh,31.83027,49.86756,IR,15,119399
Nazilli,37.91631,28.32225,TR,09,119370
Daitō,34.71378,135.62033,JP,32,119367
Hòa Cường,16.04314,108.18209,VN,48,119363
Lira,2.2499,32.89985,UG,N,119323
Pforzheim,48.88436,8.69892,DE,01,119313
Salihli,38.48258,28.14774,TR,45,119311
Arabkir,40.20624,44.50365,AM,11,119300
Port Dickson,2.52462,101.79651,MY,05,119300
Berkane,34.92,-2.32,MA,02,119284
Catanduva,-21.13778,-48.97278,BR,27,119275
Dordrecht,51.81,4.67361,NL,11,119260
Battambang,13.10271,103.19822,KH,29,119251
Offenbach,50.10061,8.76647,DE,05,119192
Kitami,43.80306,143.89083,JP,12,119135
Vĩnh Yên,21.30891,105.60489,VN,25,119128
Madhavaram,13.14819,80.2314,IN,25,119105
Cagua,10.18634,-67.45935,VE,04,119033
Fujairah,25.11641,56.34141,AE,04,118933
Mandimba,-14.3525,35.65056,MZ,07,118922
Reykjavík,64.13548,-21.89541,IS,39,118918
Dohad,22.83283,74.25986,IN,09,118846
Cheltenham,51.90006,-2.07972,GB,ENG,118836
Huaraz,-9.52614,-77.52869,PE,02,118836
Santa Coloma de Gramenet,41.45152,2.2081,ES,56,118821
Santana,-0.03816,-51.17476,BR,03,118803
Araxá,-19.59333,-46.94056,BR,15,118786
Piraquara,-25.44227,-49.06795,BR,18,118730
Barshi,18.23454,75.69275,IN,16,118722
Lhasa,29.65,91.1,CN,14,118721
Bắc Quang,22.48333,104.86667,VN,08,118690
Xunchang,28.45433,104.71498,CN,32,118664
Hưng Yên,20.64637,106.05112,VN,33,118646
Miramar,22.36094,-97.89997,MX,28,118614
Bremerhaven,53.55357,8.57553,DE,03,118610
Queenstown,-31.89756,26.87533,ZA,05,118599
Nanbin,29.9994,108.10913,CN,33,118597
Bandar-e Anzalī,37.47318,49.45785,IR,08,118564
Khlong Luang,14.06467,100.64578,TH,39,118551
Ādilābād,19.67203,78.5359,IN,40,118526
Fargo,46.87719,-96.7898,US,ND,118523
Brugge,51.20892,3.22424,BE,VLG,118509
Jhunjhunūn,28.12559,75.39797,IN,24,118473
Iguala de la Independencia,18.34536,-99.5413,MX,12,118468
Sarandi,-23.44361,-51.87389,BR,18,118455
Zomba,-15.38596,35.3188,MW,S,118440
Sepatan,-6.11889,106.575,ID,30,118439
Malita,6.415,125.61167,PH,11,118438
Zielona Góra,51.93548,15.50643,PL,76,118433
Luodian,31.41556,121.33444,CN,23,118323
Jetpur,21.75482,70.62347,IN,09,118302
Tsentralno-Miskyi,48.30237,38.03165,UA,05,118283
Uppal Kalan,17.40577,78.55911,IN,40,118259
São Lourenço da Mata,-8.00222,-35.01833,BR,30,118258
Maghāghah,28.64776,30.841,EG,10,118223
Pita Kotte,6.8905,79.9015,LK,36,118179
Guiguinto,14.83333,120.88333,PH,03,118173
Gudivāda,16.43547,80.99555,IN,02,118167
Setúbal,38.5244,-8.8882,PT,19,118166
Torrejón de Ardoz,40.45535,-3.46973,ES,29,118162
Aizu-Wakamatsu,37.49142,139.94546,JP,08,118159
Bama,11.52134,13.68952,NG,27,118121
Ilobu,7.83879,4.48672,NG,42,118089
Manolo Fortich,8.36972,124.86444,PH,10,118075
Itabira,-19.61917,-43.22694,BR,15,118053
Kiến An,20.80528,106.62556,VN,31,118047
Jandira,-23.5275,-46.9025,BR,27,118045
Guaratinguetá,-22.81639,-45.1925,BR,27,118044
San Rafael,-34.61531,-68.33238,AR,13,118009
Shaoshan,27.91667,112.51667,CN,11,118000
Troparëvo,55.65625,37.48496,RU,48,118000
Bārān,25.1,76.51667,IN,24,117992
Narmadapuram,22.74747,77.72736,IN,35,117988
Amreli,21.59983,71.21169,IN,09,117967
Nakhon Pathom,13.8196,100.04427,TH,53,117927
Manfalūţ,27.3126,30.96987,EG,17,117925
Kakegawa,34.76667,138.01667,JP,37,117925
Handa,34.88333,136.93333,JP,01,117884
Wushan,31.07749,109.87639,CN,33,117873
Friedrichshain,52.51559,13.45482,DE,16,117829
Abomey,7.18286,1.99119,BJ,18,117824
Sokodé,8.98333,1.13333,TG,22,117811
Araguari,-18.64722,-48.18722,BR,15,117808
Tarnów,50.01381,20.98698,PL,77,117799
Bangkok Noi,13.76266,100.47798,TH,40,117793
Jalingo,8.89367,11.3596,NG,43,117757
Raposo Tavares,-23.59245,-46.78561,BR,27,117738
Saanich,48.54964,-123.36931,CA,02,117735
Ibanda,-0.13398,30.49616,UG,W,117700
Bairro da Penha,-23.3684,-46.31102,BR,27,117691
Nyíregyháza,47.95539,21.71671,HU,18,117689
Sano,36.31667,139.58333,JP,38,117669
Karatsu,33.4425,129.96972,JP,33,117663
Achinsk,56.26792,90.50145,RU,91,117634
Pudukkottai,10.38128,78.82141,IN,25,117630
Shunyi,40.12175,116.64783,CN,22,117623
Rotherham,53.43012,-1.35678,GB,ENG,117618
Ciudad de Villa de Álvarez,19.26722,-103.73778,MX,08,117600
Rouiba,36.73829,3.28079,DZ,01,117558
Banyuwangi,-8.2325,114.35755,ID,08,117558
Tebingtinggi,3.3285,99.1625,ID,26,117530
Tigwav,18.43117,-72.86521,HT,11,117504
Narasaraopet,16.23488,80.04927,IN,02,117489
Lisala,2.15127,21.51672,CD,25,117464
Badin,24.656,68.837,PK,05,117455
Banfora,10.64064,-4.75285,BF,02,117452
Punta Arenas,-53.16282,-70.90922,CL,10,117430
Kadoma,-18.33328,29.91534,ZW,05,117381
Midsayap,7.19083,124.53028,PH,12,117365
Camboriú,-27.02528,-48.65444,BR,26,117324
Pyin Oo Lwin,22.03501,96.45683,MM,08,117303
Clearwater,27.96585,-82.8001,US,FL,117292
Himamaylan,10.09889,122.87056,PH,06,117286
Independence,39.09112,-94.41551,US,MO,117255
Heroica Guaymas,27.91989,-110.89888,MX,26,117253
Kedungwuni,-6.97038,109.64794,ID,07,117249
Ilebo,-4.33111,20.58638,CD,18,117245
Kristiansand,58.14671,7.9956,NO,42,117237
Longjing,42.77131,129.42307,CN,05,117185
Kroonstad,-27.65036,27.23488,ZA,03,117152
Remscheid,51.17983,7.1925,DE,07,117118
Billings,45.78329,-108.50069,US,MT,117116
Möng Yang,21.8478,99.67651,MM,11,117108
Čačak,43.89139,20.34972,RS,SE,117072
Ann Arbor,42.27756,-83.74088,US,MI,117070
Los Baños,14.17025,121.24181,PH,40,117030
Duekoué,6.74202,-7.34918,CI,78,117023
Higashikurume,35.75202,139.51169,JP,40,117020
Rishra,22.72394,88.34563,IN,28,117014
Pinhais,-25.44472,-49.1925,BR,18,117000
Kyzyl,51.71108,94.43776,RU,79,116983
Cadiz,36.52672,-6.2891,ES,51,116979
Dąbrowa Górnicza,50.33394,19.20479,PL,83,116971
Passos,-20.71889,-46.60972,BR,15,116951
Fāqūs,30.72816,31.79697,EG,14,116945
Tacurong,6.6925,124.67639,PH,12,116945
Hōfu,34.05,131.56667,JP,45,116925
Gabela,-10.85147,14.37993,AO,06,116903
Serangoon,1.36278,103.8975,SG,00,116900
Serangoon New Town,1.35083,103.87083,SG,00,116900
Funza,4.71638,-74.21195,CO,33,116890
Merauke,-8.49958,140.40613,ID,PS,116864
Baripāda,21.93458,86.72852,IN,21,116849
Kōnosu,36.06868,139.51684,JP,34,116828
Soreang,-7.03306,107.51833,ID,30,116780
Smolyanskyi,48.01435,37.73586,UA,05,116779
Noord,52.39079,4.90994,NL,07,116777
Dinaig,7.16985,124.20836,PH,14,116768
Manp’o,41.15472,126.28944,KP,01,116760
Muktsar,30.47426,74.5166,IN,23,116747
El Monte,34.06862,-118.02757,US,CA,116732
Tubarão,-28.46667,-49.00694,BR,26,116725
Forlì,44.22177,12.04144,IT,05,116696
Azamgarh,26.06832,83.18358,IN,36,116644
Santa Maria,-16.03095,-48.02929,BR,07,116622
Masaka,-0.33379,31.73409,UG,C,116600
Cờ Đỏ,10.09377,105.42916,VN,92,116576
Taldykorgan,45.01556,78.37389,KZ,12510144,116558
Moncloa-Aravaca,40.43547,-3.7317,ES,29,116531
Gulin,28.04223,105.81038,CN,32,116527
Al Majaz,25.32354,55.38774,AE,06,116503
Thung Khru,13.62849,100.50952,TH,40,116473
Barnāla,30.37451,75.5487,IN,23,116449
Yelahanka,13.10073,77.59632,IN,19,116447
Pattaya,12.93333,100.88333,TH,46,116417
Chittorgarh,24.88963,74.62403,IN,24,116406
Chenggu,33.14917,107.32583,CN,26,116375
Harlem,40.80788,-73.94542,US,NY,116345
Orléans,47.90248,1.90407,FR,24,116344
Rouen,49.44313,1.09932,FR,28,116331
Tinsukia,27.48905,95.35992,IN,03,116322
Westminster,39.83665,-105.0372,US,CO,116317
Dasha,23.11037,113.4418,CN,30,116307
Yakeshi,49.28333,120.73333,CN,20,116284
Ipiranga,-23.59957,-46.61599,BR,27,116271
Makumbako,-8.85,34.83333,TZ,30,116232
Khargone,21.82292,75.61394,IN,35,116150
Mariara,10.29532,-67.7177,VE,07,116142
Digos,6.74972,125.35722,PH,11,116122
Tshilenge,-10.96667,22.9,CD,22,116073
Aïn Beïda,35.79639,7.39278,DZ,29,116064
Shahre Jadide Andisheh,35.6803,51.0193,IR,26,116062
Andīsheh,35.74708,51.27739,IR,26,116062
Breves,-1.68222,-50.48028,BR,16,116058
Alcobendas,40.54746,-3.64197,ES,29,116037
Kissidougou,9.1848,-10.09987,GN,F,116019
San Tung Chung Hang,22.27875,113.94307,HK,NIS,116000
Taganskiy,55.73333,37.66667,RU,48,116000
Round Rock,30.50826,-97.6789,US,TX,115997
Noginsk,55.86486,38.44853,RU,47,115979
Tinaquillo,9.91861,-68.30472,VE,08,115937
Wilmington,34.23556,-77.94604,US,NC,115933
Cavite City,14.48369,120.89878,PH,40,115932
Campo Grande,-23.67463,-46.68751,BR,27,115925
East Harlem,40.79472,-73.9425,US,NY,115921
Formosa,-15.53722,-47.33444,BR,29,115901
Tandil,-37.3287,-59.1369,AR,01,115877
Zoetermeer,52.0575,4.49306,NL,11,115845
São Gonçalo do Amarante,-5.79333,-35.32944,BR,22,115838
Sri Jayewardenepura Kotte,6.88297,79.90708,LK,36,115826
Nasushiobara,36.97682,140.06642,JP,38,115794
Várzea Paulista,-23.21139,-46.82833,BR,27,115771
Baisha,29.06226,106.1189,CN,33,115761
Banī Mazār,28.49456,30.80526,EG,10,115759
Taunsa,30.70358,70.65054,PK,04,115704
Urasoe,26.25902,127.73012,JP,47,115690
Santana,-23.49032,-46.6387,BR,27,115689
Yelets,52.61435,38.50935,RU,43,115688
Suan Luang,13.73028,100.65138,TH,40,115658
Parla,40.23604,-3.76752,ES,29,115611
Mỹ Hào,20.91667,106.08333,VN,33,115608
Anliu,23.69824,115.67953,CN,30,115560
Ribeirão Pires,-23.71056,-46.41333,BR,27,115559
Recanto das Emas,-15.90864,-48.06447,BR,07,115550
Chunga,-15.31737,28.26868,ZM,09,115539
Novo-Peredelkino,55.64528,37.33583,RU,48,115536
Baidyabāti,22.78498,88.32586,IN,28,115504
Okigwe,5.82917,7.35056,NG,28,115499
Ar Rifā‘,26.13,50.555,BH,17,115495
Uzhhorod,48.6242,22.2947,UA,25,115449
Kasese,0.18333,30.08333,UG,W,115400
Tianfu,37.26366,122.05228,CN,25,115370
Arvada,39.80276,-105.08748,US,CO,115368
Otaru,43.18944,141.00222,JP,12,115333
Tayabas,14.0259,121.5929,PH,40,115318
Inkisi,-5.13122,15.0541,CD,08,115317
Iriga City,13.4324,123.4115,PH,05,115306
Thornhill,43.815,-79.4242,CA,08,115292
Vacoas,-20.29806,57.47833,MU,17,115289
Beaumont,30.08605,-94.10185,US,TX,115282
Vlorë,40.4696,19.48379,AL,51,115261
Sanxia,24.93448,121.37139,TW,03,115185
Provo,40.23384,-111.65853,US,UT,115162
Tucuruí,-3.76585,-49.67923,BR,16,115144
Bastī,26.78817,82.71617,IN,36,115115
Peoria,40.69365,-89.58899,US,IL,115070
Ezeiza,-34.8544,-58.52474,AR,01,115021
Lasnamäe,59.4336,24.86017,EE,01,115008
Xiva,41.38555,60.36408,UZ,05,115000
Amasya,40.65333,35.83306,TR,05,114921
Mendoza,-32.88946,-68.84582,AR,13,114893
Balkh,36.75635,66.8972,AF,30,114883
Cubatão,-23.895,-46.42528,BR,27,114870
Mingshui,36.71667,117.5,CN,25,114858
Vila Medeiros,-23.48874,-46.57762,BR,27,114839
Phong Điền,16.58321,107.36438,VN,46,114820
Nova Serrana,-19.87611,-44.98361,BR,15,114791
Wang Thonglang,13.78546,100.61165,TH,40,114768
Carlsbad,33.15809,-117.35059,US,CA,114746
Mandera,3.93726,41.85688,KE,33,114718
Qiaotou,36.935,101.67361,CN,06,114712
Gyumri,40.79305,43.84635,AM,07,114667
Silopi,37.24379,42.46345,TR,80,114645
Gangavati,15.4313,76.52933,IN,19,114642
Ambur,12.79163,78.71644,IN,25,114608
Tangará da Serra,-14.61944,-57.48583,BR,14,114603
Gorzów Wielkopolski,52.73371,15.22505,PL,76,114567
Simões Filho,-12.78444,-38.40389,BR,05,114559
Giridih,24.18622,86.30875,IN,38,114533
Phool Nagar,31.2024,73.94857,PK,04,114530
Quezon,7.73028,125.09889,PH,10,114521
Aryanah,36.86012,10.19337,TN,38,114486
Tungipara,22.89983,89.90326,BD,81,114482
Ichinoseki,38.91667,141.13333,JP,16,114476
Khenchela,35.43583,7.14333,DZ,47,114472
Khon Kaen,16.44671,102.833,TH,22,114459
Odessa,31.84568,-102.36764,US,TX,114428
Catalão,-18.16583,-47.94639,BR,29,114427
Tando Muhammad Khan,25.12384,68.53677,PK,05,114406
Springfield,39.80172,-89.64371,US,IL,114394
Somaroboro,-25.34604,28.83431,ZA,07,114369
Guadalajara de Buga,3.90089,-76.29783,CO,29,114316
Pamanukan,-6.28417,107.81056,ID,30,114290
Codó,-4.45528,-43.88556,BR,13,114275
Pardīs,35.74687,51.81222,IR,26,114249
Pleiku,13.98333,108.0,VN,52,114225
Downey,33.94001,-118.13257,US,CA,114219
Lower Hutt,-41.21667,174.91667,NZ,G2,114200
Yuyao,30.05,121.14944,CN,02,114177
Rānyah,36.25511,44.88239,IQ,05,114173
Hatsukaichi,34.35,132.33333,JP,11,114173
Tung Chung,22.28783,113.94243,HK,NIS,114100
Salto,-31.38811,-57.95983,UY,15,114084
Siirt,37.9293,41.94134,TR,74,114034
Korolyov,50.24487,28.70013,UA,27,114034
Zhaozhou,45.70595,125.26606,CN,08,114009
Villa Lugano,-34.67907,-58.47263,AR,07,114000
Ochakovo-Matveyevskoye,55.68432,37.44654,RU,48,114000
Punta Cardón,11.65806,-70.215,VE,11,113999
Akishima,35.72085,139.37999,JP,40,113949
Itacoatiara,-3.14306,-58.44417,BR,04,113917
Chililabombwe,-12.36475,27.82286,ZM,08,113876
Rivière-des-Prairies–Pointe-aux-Trembles,45.64064,-73.58463,CA,10,113868
Worthing,50.81795,-0.37538,GB,ENG,113866
Navojoa,27.07057,-109.44345,MX,26,113836
Offa,8.14911,4.72074,NG,30,113830
Tobolsk,58.19807,68.25457,RU,78,113800
Tōkai,35.02269,136.90887,JP,01,113787
Wardha,20.73933,78.59784,IN,16,113759
Wansheng,28.9629,106.92844,CN,33,113751
Pattoki,31.02021,73.85333,PK,04,113735
Wayaobu,37.13611,109.65972,CN,26,113698
Hikone,35.25,136.25,JP,35,113647
Nagahama,35.38333,136.26667,JP,35,113636
Pingshan,22.99376,114.71311,CN,30,113631
Songyuan,45.12902,124.82769,CN,05,113611
Maba,24.68413,113.59839,CN,30,113609
Fujimino,35.90196,139.52489,JP,34,113597
Doncaster,53.52285,-1.13116,GB,ENG,113566
Bình Thủy,10.07431,105.73974,VN,92,113565
Dumaguete,9.30646,123.30769,PH,07,113541
Budapest XIII. kerület,47.52978,19.08068,HU,05,113531
Nippes,50.96545,6.95314,DE,07,113487
Jaén,37.76922,-3.79028,ES,51,113457
Chengqiao,31.63082,121.39252,CN,23,113442
Chorzów,50.30582,18.9742,PL,83,113430
Porz am Rhein,50.88637,7.0583,DE,07,113415
Louga,15.61867,-16.22436,SN,13,113365
Elmhurst,40.73649,-73.87791,US,NY,113364
Hoàng Mai,19.26758,105.71594,VN,40,113360
Kamsar,10.65,-14.61667,GN,B,113350
Yaritagua,10.08081,-69.1242,VE,22,113343
Shahdadpur,25.92539,68.6228,PK,05,113342
Itumbiara,-18.41917,-49.21528,BR,29,113322
Khwisero,0.17124,34.59466,KE,20,113294
Costa Mesa,33.64113,-117.91867,US,CA,113204
Jauharabad,32.29016,72.28182,PK,04,113188
Miami Gardens,25.94204,-80.2456,US,FL,113187
Chesterfield,53.25,-1.41667,GB,ENG,113057
North Peoria,40.71754,-89.58426,US,IL,113004
Shchyolkovo,55.92497,37.97218,RU,47,113000
Al Fashn,28.82306,30.89903,EG,18,112999
Fairfield,38.24936,-122.03997,US,CA,112970
Guanabacoa,23.12518,-82.30067,CU,02,112964
Hammanskraal,-25.40892,28.287,ZA,10,112950
Ōshū,39.13927,141.1685,JP,16,112937
Taourirt,34.40731,-2.89732,MA,02,112908
Ţalkhā,31.0539,31.37787,EG,01,112851
Neili,24.9725,121.26139,TW,04,112845
Vihari,30.0445,72.3556,PK,04,112840
Taonan,45.33319,122.78464,CN,05,112819
Youkaichi,35.11626,136.19768,JP,35,112819
Kazo,36.11667,139.6,JP,34,112792
Santa Lucía Cotzumalguapa,14.33505,-91.02339,GT,06,112780
Jönköping,57.78145,14.15618,SE,08,112766
City of Port Phillip,-37.83382,144.93834,AU,07,112669
Tadepalligudem,16.81467,81.52717,IN,02,112655
Haikou,24.77985,102.57548,CN,29,112644
Lansing,42.73253,-84.55553,US,MI,112644
Chanduasi,28.45178,78.78277,IN,36,112635
Bagaha,27.09918,84.09003,IN,34,112634
Nefteyugansk,61.09979,72.60349,RU,32,112632
Reutlingen,48.49144,9.20427,DE,01,112627
Bushwick,40.69427,-73.91875,US,NY,112620
Upata,8.0162,-62.40561,VE,06,112617
Shaowu,27.34089,117.4831,CN,07,112585
Mengmao,24.00139,97.86499,CN,29,112578
Lawang,-7.8353,112.6947,ID,08,112540
Bouskoura,33.44976,-7.65239,MA,06,112501
Satu Mare,47.79926,22.86255,RO,32,112490
Itanhaém,-24.18306,-46.78889,BR,27,112476
Kaiyuan,42.53306,124.04028,CN,19,112462
Kisii,-0.68174,34.76666,KE,25,112417
Petržalka,48.12331,17.12866,SK,02,112380
Kāzerūn,29.61919,51.6535,IR,07,112360
Ermelino Matarazzo,-23.49472,-46.47389,BR,27,112333
Achalpur,21.25665,77.51006,IN,16,112311
Planaltina,-15.45278,-47.61417,BR,29,112304
Guanare,9.03934,-69.73364,VE,18,112286
Wuzhishan,18.78229,109.5013,CN,31,112269
Gravesend,40.5976,-73.96514,US,NY,112229
Rochester,44.02163,-92.4699,US,MN,112225
Gondal,21.96074,70.80255,IN,09,112197
Chichawatni,30.5301,72.69155,PK,04,112191
Farīdpur,23.60612,89.84064,BD,81,112187
Apopa,13.80722,-89.17917,SV,10,112158
Carmona,14.3132,121.0576,PH,40,112140
Laoag,18.1978,120.5957,PH,01,112117
Elgin,42.03725,-88.28119,US,IL,112111
Dharashiv,18.18158,76.03889,IN,16,112085
Xigang,38.55258,106.34805,CN,21,112061
Chóngfú,30.53113,120.4309,CN,02,112060
Taipa,22.15583,113.55694,MO,11875159,112051
Port Blair,11.66613,92.74635,IN,01,112050
Minatitlán,18.00011,-94.5569,MX,30,112046
Esuk Oron,4.80293,8.25341,NG,21,112033
Atbara,17.70217,33.98638,SD,53,112021
Vicenza,45.54672,11.5475,IT,20,111980
Ciudad Guzmán,19.70413,-103.46383,MX,14,111975
Ballarat,-37.56622,143.84957,AU,07,111973
Tocoa,15.68333,-86.0,HN,03,111972
West Jordan,40.60967,-111.9391,US,UT,111946
Bagalkot,16.18673,75.69614,IN,19,111933
Lomas de Zamora,-34.7574,-58.40279,AR,01,111897
Yeoju,37.29583,127.63389,KR,13,111897
Dūmā,33.57175,36.4027,SY,08,111864
Winterthur,47.50564,8.72413,CH,ZH,111840
Novokuybyshevsk,53.09709,49.94001,RU,65,111800
Bou Saâda,35.20855,4.17402,DZ,27,111787
Abnūb,27.26881,31.15232,EG,17,111785
Qūchān,37.106,58.50955,IR,42,111752
Manacapuru,-3.29972,-60.62056,BR,04,111751
Kuningan,-6.97583,108.48306,ID,30,111742
Suriāpet,17.14054,79.62045,IN,40,111729
Kandy,7.2906,80.6336,LK,29,111701
Zefta,30.7142,31.24425,EG,05,111700
Bangaon,23.04553,88.83084,IN,28,111693
Inglewood,33.96168,-118.35313,US,CA,111666
Kilis,36.71611,37.115,TR,90,111648
Terrebonne,45.70004,-73.64732,CA,10,111575
Kyimyindine,16.80852,96.12415,MM,17,111514
Set Ka Lay,16.81435,96.11393,MM,17,111514
Chelmsford,51.73575,0.46958,GB,ENG,111511
Marzahn,52.54525,13.56983,DE,16,111508
Chiquimula,14.8009,-89.54641,GT,04,111505
Cileunyi,-6.93889,107.75278,ID,30,111476
Ashoknagar Kalyangarh,22.86416,88.63701,IN,28,111475
Mongu,-15.24835,23.12741,ZM,01,111450
Mulhouse,47.75205,7.32866,FR,44,111430
Al Fqih Ben Çalah,32.50213,-6.68771,MA,05,111402
Pulilan,14.90167,120.84917,PH,03,111384
Beau Bassin-Rose Hill,-20.23325,57.46609,MU,17,111355
Tuscaloosa,33.20984,-87.56917,US,AL,111338
Sogamoso,5.71434,-72.93391,CO,36,111336
Sainte-Foy,46.78139,-71.29217,CA,10,111300
Mbale,1.08209,34.17503,UG,E,111300
Montreuil,48.86415,2.44322,FR,11,111240
Terni,42.56335,12.64329,IT,18,111189
Deesa,24.25612,72.17928,IN,09,111160
Navadwīp,23.4067,88.36861,IN,28,111123
Maran,3.586,102.773,MY,06,111056
Nandurbar,21.36671,74.24051,IN,16,111037
Kasuga,33.52594,130.4611,JP,07,111023
Nsukka,6.85783,7.39577,NG,47,111017
Nguru,12.87695,10.45536,NG,44,111014
Mabopane,-25.509,28.064,ZA,06,110972
Namur,50.4669,4.86746,BE,WAL,110939
Cambé,-23.27583,-51.27833,BR,18,110923
Encheng,22.18659,112.30424,CN,30,110921
Turhal,40.3875,36.08111,TR,60,110884
Gò Vấp,10.81667,106.68333,VN,79,110850
Richardson,32.94818,-96.72972,US,TX,110815
Bokhtar,37.83654,68.77762,TJ,02,110800
Hadejia,12.45347,10.04115,NG,39,110753
Zhuji,29.71877,120.24233,CN,02,110721
Perpignan,42.69764,2.89541,FR,76,110706
Lowell,42.63342,-71.31617,US,MA,110699
Lavras,-21.24528,-44.99972,BR,15,110682
São Pedro da Aldeia,-22.83917,-42.10278,BR,21,110677
East Independence,39.09556,-94.35523,US,MO,110675
Caen,49.18585,-0.35912,FR,28,110624
Açailândia,-4.94667,-47.50472,BR,13,110611
Kyivskyi,49.60902,34.52933,UA,18,110600
Borāzjān,29.2699,51.2188,IR,22,110567
Yenangyaung,20.46504,94.8712,MM,15,110553
Gresham,45.49818,-122.43148,US,OR,110553
Antioch,38.00492,-121.80579,US,CA,110542
Paulínia,-22.76111,-47.15417,BR,27,110537
Manzini,-26.49884,31.38004,SZ,03,110537
St. John's,47.56494,-52.70931,CA,05,110525
Delicias,41.64928,-0.90757,ES,52,110520
Masindi,1.67444,31.715,UG,W,110500
Kfar Saba,32.175,34.90694,IL,02,110456
Matsutō,36.51667,136.56667,JP,15,110408
Cambridge,42.3751,-71.10561,US,MA,110402
Sultānpur,26.25788,82.07269,IN,36,110368
Delhi Cantonment,28.6,77.13333,IN,07,110351
Firozpur,30.92574,74.61311,IN,23,110313
Bayugan,8.75611,125.7675,PH,13,110313
High Point,35.95569,-80.00532,US,NC,110268
Datun,34.80923,116.90174,CN,04,110258
Manchester,42.99564,-71.45479,US,NH,110229
Bāneh,35.9975,45.8853,IR,16,110218
Geylang,1.31953,103.88689,SG,00,110201
Kresek,-6.13139,106.37972,ID,30,110182
Bender,46.83158,29.47671,MD,62,110175
Mbombela,-25.47512,30.96935,ZA,07,110159
Rodenkirchen,50.89328,6.99481,DE,07,110158
Sembawang Estate,1.45083,103.82861,SG,00,110090
Gabès,33.88146,10.0982,TN,29,110075
Orkney,-26.98023,26.67272,ZA,10,110052
Qingnian,36.84092,115.71087,CN,25,110046
Temecula,33.49364,-117.14836,US,CA,110003
Lucapa,-8.41915,20.74466,AO,17,110000
Mendip,51.2372,-2.6266,GB,ENG,110000
Qal‘at Sukkar,31.8632,46.07321,IQ,09,110000
An Nu‘mānīyah,32.55621,45.41293,IQ,16,110000
Kufa,32.05114,44.44017,IQ,17,110000
Ressano Garcia,-25.44278,31.99528,MZ,04,110000
Noyabrsk,63.19309,75.43728,RU,87,110000
Sengerema,-2.66667,32.65,TZ,12,110000
Bataysk,47.13746,39.75713,RU,61,109962
Pisa,43.70853,10.4036,IT,16,109960
Linshui,36.42472,114.20472,CN,10,109955
Kamagaya,35.76971,140.00238,JP,04,109932
Sutton Coldfield,52.56667,-1.81667,GB,ENG,109899
Hailun,47.44663,126.92475,CN,08,109881
Maramag,7.76333,125.00528,PH,10,109864
Kecskemét,46.90618,19.69128,HU,01,109847
Seversk,56.60056,84.88639,RU,75,109844
Ciamis,-7.3257,108.3534,ID,30,109839
Murrieta,33.55391,-117.21392,US,CA,109830
Brovary,50.51097,30.79106,UA,13,109806
Santo Antônio de Jesus,-12.96889,-39.26139,BR,05,109791
Lak Si,13.88724,100.5792,TH,40,109770
Wakefield,53.68331,-1.49768,GB,ENG,109766
Centennial,39.57916,-104.87692,US,CO,109741
Shilong,23.11444,113.84722,CN,30,109733
Richmond,37.93576,-122.34775,US,CA,109708
Corona,40.74705,-73.86014,US,NY,109698
Thới Lai,10.06522,105.55863,VN,92,109684
Vilhena,-12.74056,-60.14583,BR,24,109651
Pandit Deen Dayal Upadhyaya Nagar,25.28307,83.11968,IN,36,109650
Dchira El Jihadia,30.37345,-9.54761,MA,09,109564
Didao,45.34725,130.83693,CN,08,109561
Arsuz,36.41305,35.89033,TR,31,109550
Pelabuhanratu,-6.9875,106.55139,ID,30,109523
Marugame,34.28333,133.78333,JP,17,109513
Habikino,34.55276,135.59097,JP,32,109479
Arzamas,55.39563,43.8381,RU,51,109479
Phalaborwa,-23.94299,31.14107,ZA,09,109468
Walthamstow,51.59067,-0.02077,GB,ENG,109424
Pueblo,38.25445,-104.60914,US,CO,109412
Guaianases,-23.54333,-46.41083,BR,27,109316
Ijebu-Igbo,6.97198,3.99938,NG,16,109261
Sergiyev Posad,56.31204,38.13869,RU,47,109252
Talisay,10.7375,122.9666,PH,06,109204
San Juan,-31.53726,-68.52568,AR,18,109123
Sehore,23.2,77.08333,IN,35,109118
Jianchang,27.55831,116.63978,CN,03,109108
Hulan,45.89326,126.57836,CN,08,109104
Matagalpa,12.92795,-85.91906,NI,12,109089
Khlong Toei,13.71014,100.58192,TH,40,109041
Leninsk-Kuznetsky,54.6567,86.1737,RU,29,109023
Kiryū,36.4,139.33333,JP,10,108991
Handeni,-5.43333,38.01667,TZ,18,108968
Balombo,-12.35426,14.77232,AO,01,108965
Thunder Bay,48.38202,-89.25018,CA,08,108843
Iwatsuki,35.96474,139.69644,JP,34,108833
Pearland,29.56357,-95.28605,US,TX,108821
Dehui,44.53674,125.69427,CN,05,108818
Pangkalanbuun,-2.6832,111.6259,ID,13,108814
Waterbury,41.55815,-73.0515,US,CT,108802
Greeley,40.42331,-104.70913,US,CO,108795
Boulogne-Billancourt,48.83545,2.24128,FR,11,108782
Warīsān,25.16744,55.40708,AE,03,108759
Kalisz,51.76109,18.09102,PL,86,108759
Baia Mare,47.65729,23.56808,RO,25,108759
Coronel Fabriciano,-19.51861,-42.62889,BR,15,108708
Mascara,35.39664,0.14027,DZ,26,108629
Maranguape,-3.89083,-38.68556,BR,06,108622
Uromi,6.7,6.33333,NG,37,108608
Katumba,-9.23333,33.61667,TZ,09,108558
Móng Cái,21.52471,107.96619,VN,22,108553
Vila Maria,-23.51408,-46.58625,BR,27,108543
Kanpur Cantonment,26.45942,80.37514,IN,36,108534
Komatsu,36.40263,136.45088,JP,15,108509
West Covina,34.06862,-117.93895,US,CA,108484
Enterprise,36.02525,-115.24194,US,NV,108481
Bānsbāria,22.95387,88.40098,IN,28,108474
Girón,7.0682,-73.16981,CO,26,108466
Baghlān,36.13068,68.70829,AF,03,108449
Muriaé,-21.13056,-42.36639,BR,15,108447
Hanjia,29.29524,108.16132,CN,33,108430
Trincomalee,8.5778,81.2289,LK,37,108420
La Cité-Limoilou,46.82894,-71.22641,CA,10,108415
Santiago,16.68808,121.5487,PH,02,108414
Taibai,30.82482,108.35783,CN,33,108387
Vedado,23.13767,-82.39339,CU,02,108369
Dagenham,51.55,0.16667,GB,ENG,108368
Xuyong,28.16992,105.43452,CN,32,108352
North Charleston,32.85462,-79.97481,US,SC,108304
Sohar,24.34745,56.70937,OM,11,108274
Nehe,48.4793,124.87016,CN,08,108253
Oktyabrsky,54.48147,53.47103,RU,08,108200
Tadpatri,14.90832,78.01031,IN,02,108171
Birnin Kebbi,12.45389,4.1975,NG,40,108164
Santa Cruz,14.2814,121.4161,PH,40,108145
Novobavarskyi,49.95143,36.16499,UA,07,108100
Everett,47.97898,-122.20208,US,WA,108010
An Nuhūd,12.7,28.43333,SD,62,108008
Ŭllyul,38.51389,125.18972,KP,06,107997
Rijeka,45.32673,14.44241,HR,12,107964
Douliu,23.70944,120.54333,TW,04,107924
Luis Eduardo Magalhães,-12.09086,-45.78501,BR,05,107909
Catbalogan,11.77528,124.88611,PH,08,107896
College Station,30.62798,-96.33441,US,TX,107889
As Salţ,32.03917,35.72722,JO,02,107874
Mishima,35.11667,138.91667,JP,37,107851
Baía Farta,-12.60417,13.19667,AO,01,107841
Jalpāiguri,26.51667,88.73333,IN,28,107832
Jalai Nur,49.45,117.7,CN,20,107828
Tajimi,35.31667,137.13333,JP,09,107818
Castelar,-34.65142,-58.64074,AR,01,107786
Pompano Beach,26.23786,-80.12477,US,FL,107762
Coronel,-37.03386,-73.14019,CL,06,107759
Bacabal,-4.23246,-44.78164,BR,13,107755
Novo Gama,-16.05917,-48.03944,BR,29,107663
Dusit,13.77706,100.51958,TH,40,107655
Mandurah,-32.5269,115.7217,AU,08,107643
Basingstoke,51.26249,-1.08708,GB,ENG,107642
Bandırma,40.35222,27.97667,TR,10,107631
Maidstone,51.26667,0.51667,GB,ENG,107627
Tieli,46.97544,128.04804,CN,08,107621
Umm Qaşr,30.0362,47.91951,IQ,02,107620
Butterworth,5.3991,100.36382,MY,09,107591
Shaping,22.77019,112.95776,CN,30,107589
Labé,11.31823,-12.28332,GN,L,107571
Chālūs,36.655,51.4204,IR,35,107490
Koszalin,54.19438,16.17222,PL,87,107450
Bolzano,46.49067,11.33982,IT,17,107436
South Fulton,33.59259,-84.67294,US,GA,107436
Ubá,-21.12,-42.94278,BR,15,107423
Sherpur,25.01881,90.01751,BD,H,107419
Obninsk,55.10993,36.61238,RU,25,107392
Circoiscrizione VI,45.1022,7.70029,IT,12,107369
Girardot City,4.30079,-74.80754,CO,33,107324
Koblenz,50.35357,7.57883,DE,08,107319
Itaperuna,-21.205,-41.88778,BR,21,107246
Siegen,50.87481,8.02431,DE,07,107242
Hirnytskyi,48.0211,37.96914,UA,05,107216
Mangalagiri,16.43083,80.56815,IN,02,107197
Thohoyandou,-22.94564,30.48497,ZA,09,107144
As Suwayq,23.84944,57.43861,OM,11,107143
Norwalk,33.90224,-118.08173,US,CA,107140
Yên Vinh,18.66667,105.66667,VN,40,107082
Mitrovicë,42.88333,20.86667,XK,10097358,107045
Yevpatoriya,45.20091,33.36655,UA,11,107040
Pati,-6.7559,111.038,ID,07,107028
Elista,46.30794,44.25537,RU,24,106971
Dera Murad Jamali,28.54657,68.22308,PK,02,106952
Taungoo,18.94291,96.43408,MM,16,106945
Bedford,52.13459,-0.46632,GB,ENG,106940
Bagong Silangan,14.706,121.108,PH,NCR,106886
Kangnyŏng,37.9075,125.51,KP,06,106827
Catia La Mar,10.60545,-67.03238,VE,26,106822
Boulder,40.01499,-105.27055,US,CO,106803
Anning,24.92271,102.48496,CN,29,106795
Ituiutaba,-18.97428,-49.46212,BR,15,106775
Rayong,12.68095,101.25798,TH,47,106737
Sirte,31.20892,16.58866,LY,76,106705
Kotri,25.36566,68.30831,PK,05,106615
Cherëmushki,55.66473,37.56135,RU,48,106587
Broken Arrow,36.0526,-95.79082,US,OK,106563
Daly City,37.70577,-122.46192,US,CA,106562
Cikarang,-6.26111,107.15278,ID,30,106479
Arlit,18.73694,7.38528,NE,01,106448
Bahārestān,32.48814,51.77312,IR,28,106433
Ba Đồn,17.75353,106.42355,VN,44,106413
Ranebennur,14.62239,75.62951,IN,19,106406
Longjiang,47.33601,123.196,CN,08,106384
Hwado,37.6525,127.3075,KR,13,106358
Buhe,30.28757,112.22979,CN,12,106347
Hammamet,36.4,10.61667,TN,19,106326
Pindiga,9.98433,10.95229,NG,55,106322
Berdyansk,46.75578,36.78815,UA,26,106311
Toufen,24.68753,120.90942,TW,04,106310
Mīāneh,37.421,47.715,IR,33,106291
Dakhla,23.68477,-15.95798,EH,CE,106277
Paniqui,15.6689,120.5806,PH,03,106190
Novotroitsk,51.20099,58.31318,RU,55,106186
Bergisch Gladbach,50.9856,7.13298,DE,07,106184
Rangamati,22.64317,92.19186,BD,84,106069
Alchevsk,48.46906,38.79744,UA,14,106062
Sơn La,21.3256,103.91882,VN,14,106052
Mingachevir,40.76422,47.06227,AZ,33,106048
Legnica,51.21006,16.1619,PL,72,106033
Drammen,59.74389,10.20449,NO,04,106013
Pare,-7.7679,112.198,ID,08,106007
Tokoza,-26.36,28.129,ZA,06,106000
Balsas,-7.5325,-46.03556,BR,13,105974
Sydney,46.1351,-60.1831,CA,07,105968
Derbent,42.06622,48.28759,RU,17,105965
Xinghua,32.93917,119.83417,CN,04,105918
Khurja,28.25382,77.85535,IN,36,105909
Mati,6.95508,126.21655,PH,11,105908
Arjawinangun,-6.64528,108.41028,ID,30,105845
Le Plateau-Mont-Royal,45.52833,-73.58081,CA,10,105813
Funchal,32.66568,-16.92547,PT,10,105795
Kishanganj,26.10224,87.95534,IN,34,105782
Yautepec,18.88188,-99.06715,MX,17,105780
Jataí,-17.87939,-51.72166,BR,29,105729
Sergeli,41.19833,69.22222,UZ,13,105700
Azare,11.67478,10.19069,NG,46,105687
Nantou,23.91566,120.66387,TW,04,105682
Ipojuca,-8.39889,-35.06389,BR,30,105638
Lahad Datu,5.02298,118.32897,MY,16,105622
Vila Prudente,-23.59255,-46.57278,BR,27,105590
Subulussalam,2.662,97.8827,ID,01,105553
Paragominas,-2.99565,-47.35488,BR,16,105550
Bukama,-9.20443,25.85475,CD,15,105530
Ponnāni,10.76695,75.92523,IN,13,105512
Tanza,14.6753,120.9389,PH,NCR,105510
Inzai,35.83479,140.16361,JP,04,105463
Bhairab Bāzār,24.0524,90.9764,BD,81,105457
Hindaun,26.73411,77.03519,IN,24,105452
Jamālpur,25.31258,86.48888,IN,34,105434
Abū Tīj,27.04514,31.31845,EG,17,105418
Coatepeque,14.70413,-91.86426,GT,13,105415
Baraki,36.66655,3.09606,DZ,01,105402
Robāţ Karīm,35.4846,51.0829,IR,26,105393
'Ākra,36.73359,43.88038,IQ,15,105370
Sandy Springs,33.92427,-84.37854,US,GA,105330
Burbank,34.18084,-118.30897,US,CA,105319
Taling Chan,13.77698,100.4567,TH,40,105299
San Justo,-34.68107,-58.56379,AR,01,105274
Hòa Bình,20.81717,105.33759,VN,25,105260
Saint-Paul,-21.00961,55.27134,RE,RE,105240
Ourense,42.33669,-7.86407,ES,58,105233
Nāgaur,27.20201,73.73394,IN,24,105218
Riacho Fundo II,-15.8981,-48.04671,BR,07,105210
Green Bay,44.51916,-88.01983,US,WI,105207
Mityana,0.4175,32.02278,UG,C,105200
Jizan,16.88917,42.55111,SA,17,105198
Texcoco de Mora,19.51194,-98.88293,MX,15,105165
Bang Bon,13.66185,100.39567,TH,40,105161
Nikopol,47.56826,34.39126,UA,04,105160
Slovyansk,48.84974,37.59739,UA,05,105141
Santa Maria,34.95303,-120.43572,US,CA,105093
San Francisco De Borja,-12.08911,-76.99876,PE,15,105076
Yidu,36.77121,118.42454,CN,25,105070
Nancy,48.68439,6.18496,FR,44,105058
Kuala Krai,5.5313,102.19925,MY,03,105007
Zhonghe,28.45049,108.98901,CN,33,105003
Universal City,34.1389,-118.35341,US,CA,105000
Puyang Chengguanzhen,35.70622,115.0279,CN,09,104994
Ikeda,34.82208,135.4298,JP,32,104993
Waterloo,43.4668,-80.51639,CA,08,104986
Ambala Sadar,30.33544,76.86265,IN,10,104974
Chinautla,14.70289,-90.49983,GT,07,104972
Salzgitter,52.15705,10.4154,DE,06,104970
Ville-Marie,45.49899,-73.57046,CA,10,104944
Moratalaz,40.40742,-3.64935,ES,29,104923
Bhiwadi,28.21024,76.86056,IN,24,104921
Būndi,25.43855,75.63735,IN,24,104919
Miryalaguda,16.8722,79.56247,IN,40,104918
Daxing,39.74025,116.32693,CN,22,104904
Artur Alvim,-23.54015,-46.48581,BR,27,104864
Assis,-22.66167,-50.41222,BR,27,104858
Santa Cruz do Capibaribe,-7.9575,-36.20472,BR,30,104854
Yezhou,30.60369,109.72333,CN,12,104839
Hidalgo del Parral,26.92987,-105.66618,MX,06,104836
Saijō,33.91667,133.18333,JP,05,104791
Jena,50.92878,11.5899,DE,15,104712
Wichita Falls,33.91371,-98.49339,US,TX,104710
Brantford,43.1334,-80.26636,CA,08,104688
Gera,50.88029,12.08187,DE,15,104659
Tuyên Quang,21.82356,105.21424,VN,08,104645
Ottakring,48.21667,16.3,AT,09,104627
Al Fāw,29.97421,48.47309,IQ,02,104569
Angoche,-16.2325,39.90861,MZ,06,104540
Depok,-7.7625,110.43167,ID,10,104527
Toride,35.9,140.08333,JP,14,104524
Mostar,43.34333,17.80806,BA,01,104518
Mazyr,52.04162,29.21631,BY,02,104517
Kamloops,50.66648,-120.3192,CA,02,104460
Mazabuka,-15.85601,27.748,ZM,07,104412
Lakeland,28.03947,-81.9498,US,FL,104401
Pozniaky,50.40259,30.62352,UA,12,104400
Zhezqazghan,47.79411,67.70628,KZ,12510145,104357
Pailou,30.79641,108.3858,CN,33,104351
Lo Prado,-33.4443,-70.72552,CL,12,104316
Tizi Ouzou,36.71182,4.04591,DZ,14,104312
Helsingborg,56.04673,12.69437,SE,27,104250
Abreu e Lima,-7.91167,-34.90278,BR,30,104248
Kot Addu,30.46907,70.96699,PK,04,104217
Bouaflé,6.99041,-5.7442,CI,96,104209
Kara,9.55111,1.18611,TG,23,104207
Clovis,36.82523,-119.70292,US,CA,104180
Kafue,-15.76911,28.18136,ZM,09,104174
Campo Mourão,-24.04309,-52.37929,BR,18,104122
Salaqi,40.54139,110.51083,CN,20,104090
Kalulushi,-12.84151,28.09479,ZM,08,104046
Lewisville,33.04623,-96.99417,US,TX,104039
Oued Zem,32.8627,-6.57359,MA,05,104029
Weldiya,11.8277,39.59164,ET,46,104000
Soyībug,34.07677,74.7057,IN,12,104000
Izmaylovo,55.7966,37.78242,RU,48,104000
Kiselëvsk,53.99,86.6621,RU,29,104000
Jishu,44.31667,126.8,CN,05,103988
El Kelaa des Srarhna,32.05121,-7.41079,MA,07,103982
Séguéla,7.96111,-6.67306,CI,97,103980
Ourinhos,-22.97889,-49.87056,BR,27,103970
Totonicapán,14.91188,-91.36054,GT,21,103952
Ad-Damir,17.59898,33.97205,SD,53,103941
Jagtiāl,18.79473,78.91661,IN,40,103930
Woking,51.31903,-0.55893,GB,ENG,103900
Roorkee,29.86632,77.89118,IN,39,103894
Edéa,3.8,10.13333,CM,05,103861
Yuxi,24.355,102.54222,CN,29,103829
Lincoln,53.22683,-0.53792,GB,ENG,103813
Poá,-23.52806,-46.34472,BR,27,103765
Bashan,27.76823,116.05017,CN,03,103748
Nkpor,6.15038,6.83042,NG,25,103733
Berbérati,4.26116,15.79216,CF,04,103713
Sangla Hill,31.71667,73.38333,PK,04,103709
Tongren,35.51483,102.016,CN,06,103700
Tyler,32.35126,-95.30106,US,TX,103700
Male,4.17521,73.50916,MV,38,103693
El Cajon,32.79477,-116.96253,US,CA,103679
Mandaqui,-23.45947,-46.64086,BR,27,103665
Piacenza,45.05242,9.69342,IT,05,103607
Gardez,33.59744,69.22592,AF,36,103601
Zhanaozen,43.34116,52.86192,KZ,09,103598
Gangu Chengguanzhen,34.73564,105.32632,CN,15,103589
Teziutlan,19.8173,-97.35992,MX,21,103583
Kolda,12.8939,-14.94125,SN,11,103574
Vila Matilde,-23.53936,-46.51788,BR,27,103558
Udgīr,18.39258,77.11756,IN,16,103550
San Mateo,37.56299,-122.32553,US,CA,103536
Viseu,40.66165,-7.90905,PT,22,103502
Nagda,23.45834,75.41759,IN,35,103501
Moers,51.45342,6.6326,DE,07,103487
Brandon,27.9378,-82.28592,US,FL,103483
Buzău,45.15,26.83333,RO,11,103481
Reus,41.15612,1.10687,ES,56,103477
Prabumulih,-3.43447,104.23056,ID,32,103470
Itabaiana,-10.685,-37.42528,BR,28,103440
Francistown,-21.17,27.50778,BW,13,103417
Isehara,35.39932,139.31019,JP,19,103401
Queluz,38.75657,-9.25451,PT,14,103399
Betūl,21.90056,77.90229,IN,35,103330
Chikushino-shi,33.49631,130.5156,JP,07,103311
Akademicheskoe,60.01375,30.39471,RU,42,103304
Turgutlu,38.49533,27.6997,TR,45,103292
Lida,53.88333,25.29972,BY,03,103262
Taitung,22.75991,121.14457,TW,04,103260
Kalynivskyi,48.00741,37.85378,UA,05,103249
San,13.29701,-4.89627,ML,05,103227
Jahānābād,25.21368,84.9871,IN,34,103202
Lethbridge,49.69999,-112.81856,CA,01,103197
Cursino,-23.63143,-46.62072,BR,27,103171
Velikiye Luki,56.34063,30.54377,RU,60,103149
Kashipur,29.21399,78.95693,IN,39,103138
Rialto,34.1064,-117.37032,US,CA,103132
West Bromwich,52.51868,-1.9945,GB,ENG,103112
Ghazīpur,25.58333,83.58526,IN,36,103095
Tanjung Pandan,-2.73353,107.63477,ID,35,103062
Ikere-Ekiti,7.49748,5.23041,NG,54,103054
Hildesheim,52.15077,9.95112,DE,06,103052
Kharian,32.81612,73.88697,PK,04,103036
Bendigo,-36.75818,144.28024,AU,07,103034
Rantauprapat,2.1,99.83333,ID,26,103009
Chumakivskyi,47.95671,37.94194,UA,05,103005
Nkayi,-4.18396,13.2859,CG,01,103000
Amaravati,16.514,80.516,IN,02,103000
Bogorodskoye,55.81396,37.72117,RU,48,103000
Pārsābād,39.6482,47.9174,IR,32,102996
Lahān,26.72022,86.48258,NP,2,102955
Liberec,50.76711,15.05619,CZ,83,102951
Nagapattinam,10.76377,79.84313,IN,25,102905
Qurayyat,31.33176,37.34282,SA,20,102903
Buxar,25.57548,83.98043,IN,34,102861
Portmore,17.97102,-76.88691,JM,10,102861
Santa Rosa,-36.61617,-64.28991,AR,11,102860
Palma Soriano,20.21149,-75.99438,CU,15,102826
Pushkino,55.99456,37.82897,RU,47,102816
Khushāb,32.29667,72.3525,PK,04,102793
Lafiagi,8.85299,5.41641,NG,30,102779
Caieiras,-23.36417,-46.74056,BR,27,102775
Xincheng,41.71497,82.93249,CN,13,102752
Lyon 03,45.76124,4.85184,FR,84,102725
Pasrur,32.26286,74.66327,PK,04,102717
Belawan,3.7755,98.6832,ID,26,102707
Pano Aqil,27.85619,69.11111,PK,05,102701
Piatra Neamţ,46.91667,26.33333,RO,28,102688
Cabudare,10.02658,-69.26203,VE,13,102686
Erlangen,49.59099,11.00783,DE,02,102675
Tepexpan,19.61387,-98.9364,MX,15,102667
Tivaouane,14.95186,-16.8152,SN,07,102658
Entebbe,0.05621,32.47949,UG,C,102600
Davenport,41.52364,-90.57764,US,IA,102582
Darnah,32.76704,22.63669,LY,70,102581
Dayrūţ,27.55642,30.81057,EG,17,102570
Whalley,49.17917,-122.86667,CA,02,102555
Edison,40.51872,-74.4121,US,NJ,102548
Skhidni Kvartaly,48.56622,39.38256,UA,14,102500
Curicó,-34.98279,-71.23943,CL,11,102438
Kangsŏn,38.93639,125.58111,KP,15,102436
La Vega,19.22031,-70.53101,DO,30,102426
Shāhzādpur,24.17687,89.5988,BD,83,102420
Tulancingo,20.08055,-98.36831,MX,13,102406
Perdizes,-23.53872,-46.68093,BR,27,102391
Yono,35.88333,139.63333,JP,34,102364
Apatzingán,19.08864,-102.35704,MX,16,102362
Ciutat Vella,41.38022,2.17319,ES,56,102347
Hillsboro,45.52289,-122.98983,US,OR,102347
Mormugao,15.38914,73.81491,IN,33,102345
Seoni,22.08503,79.55037,IN,35,102343
Shabqadar,34.21599,71.5548,PK,03,102340
Mitte,52.52003,13.40489,DE,16,102338
Sabanalarga,10.63072,-74.92214,CO,04,102334
Jishou,28.31925,109.73346,CN,11,102332
Ngong,-1.3527,36.6699,KE,19,102323
Francisco Beltrão,-26.08111,-53.055,BR,18,102312
Sebeta,8.91667,38.61667,ET,51,102300
Artëm,43.35757,132.19137,RU,59,102300
Tsuyama,35.05215,133.99885,JP,31,102294
Limerick,52.66472,-8.62306,IE,M,102287
Aurangābād,24.75204,84.3742,IN,34,102244
Lampa,-33.2863,-70.87561,CL,12,102234
Sungai Penuh,-2.0561,101.3913,ID,05,102224
Ukhta,63.56904,53.69141,RU,34,102187
Japeri,-22.64306,-43.65333,BR,21,102171
Nakhon Si Thammarat,8.43333,99.96667,TH,64,102152
Putatan,14.39861,121.05028,PH,NCR,102146
Shuifu,28.63215,104.40783,CN,29,102143
Kani,35.40435,137.05595,JP,09,102143
Ōnojō,33.53567,130.47861,JP,07,102085
Kot Radha Kishan,31.17068,74.10126,PK,04,102057
Al Jumayl,32.85286,12.0612,LY,67,102000
Shchukino,55.8,37.45,RU,48,102000
Brateyevo,55.63755,37.76438,RU,48,102000
Maldonado,-34.89791,-54.95021,UY,09,102000
Venlo,51.37,6.16806,NL,05,101988
Mairiporã,-23.31861,-46.58667,BR,27,101937
Novara,45.44694,8.62118,IT,12,101916
Shūshtar,32.04972,48.84843,IR,15,101878
Wilmersdorf,52.48333,13.31667,DE,16,101877
Al-Musayab,32.77872,44.29005,IQ,06,101873
Pôr do Sol,-15.85502,-48.12433,BR,07,101866
Parintins,-2.62833,-56.73583,BR,04,101855
Hedong,23.9196,115.7801,CN,30,101825
Hinganghāt,20.54875,78.83978,IN,16,101805
Zonguldak,41.45139,31.79305,TR,85,101749
Iğdır,39.92371,44.045,TR,88,101700
Kawachi-Nagano,34.44108,135.58283,JP,32,101692
Eastbourne,50.76871,0.28453,GB,ENG,101689
Dhamtari,20.70718,81.54874,IN,37,101677
Delta,49.08917,-123.05322,CA,02,101668
Orsha,54.51362,30.40365,BY,07,101662
Worcester,52.18935,-2.22001,GB,ENG,101659
Las Cruces,32.31232,-106.77834,US,NM,101643
Székesfehérvár,47.18995,18.41034,HU,08,101600
Lagarto,-10.91722,-37.65,BR,28,101579
Kindrativskyi,48.30282,38.05475,UA,05,101565
Bath,51.3751,-2.36172,GB,ENG,101557
Sidi Slimane,34.26479,-5.92598,MA,04,101541
Leme,-22.18556,-47.39028,BR,27,101537
Iida,35.51965,137.82074,JP,26,101536
Los Puertos de Altagracia,10.71492,-71.52168,VE,23,101527
South Bend,41.68338,-86.25001,US,IN,101516
Kansk,56.20218,95.71848,RU,91,101502
Kalmiuskyi,47.11046,37.54375,UA,05,101498
Chilliwack,49.16638,-121.95257,CA,02,101491
Queenstown Estate,1.29417,103.8025,SG,00,101480
Argenteuil,48.94788,2.24744,FR,11,101475
Khanty-Mansiysk,61.00187,69.02728,RU,32,101466
Isulan,6.62944,124.605,PH,12,101455
Itaim Bibi,-23.58581,-46.68241,BR,27,101452
Mbaké,14.79032,-15.90803,SN,03,101451
Pavlohrad,48.53214,35.86878,UA,04,101430
Simmering,48.18333,16.43333,AT,09,101420
Mustafakemalpaşa,40.03815,28.40866,TR,16,101412
Burayu,9.03528,38.66083,ET,51,101400
Chilakalūrupet,16.08987,80.16705,IN,02,101398
Malappuram,11.04199,76.08154,IN,13,101386
Ébolowa,2.9,11.15,CM,14,101363
Dartmouth,44.67134,-63.57719,CA,07,101343
Orihuela,38.08483,-0.94401,ES,60,101321
Kallang,1.33333,103.86667,SG,00,101290
Sangju,36.41528,128.16056,KR,14,101267
Perling,1.48061,103.68381,MY,01,101263
Albany,42.65258,-73.75623,US,NY,101228
São Cristóvão,-11.01472,-37.20639,BR,28,101213
Medina Estates,5.6658,-0.16307,GH,01,101207
Chakwal,32.93286,72.85394,PK,04,101200
Ngã Bảy,9.81371,105.82096,VN,92,101192
Gillingham,51.38914,0.54863,GB,ENG,101187
Suruç,36.97612,38.42533,TR,63,101178
Huacheng,24.06703,115.61309,CN,30,101165
Ocaña,8.23773,-73.35604,CO,21,101158
Hồng Ngự,10.8,105.35,VN,82,101155
Daoukro,7.0591,-3.9631,CI,81,101136
Tokuyama,34.05,131.81667,JP,45,101133
Ţimā,26.90843,31.43469,EG,24,101130
Donghae City,37.54389,129.10694,KR,06,101128
Standerton,-26.93366,29.24152,ZA,07,101101
Kanoya,31.38333,130.85,JP,18,101096
Mokopane,-24.19436,29.00974,ZA,09,101090
Dikirnis,31.08898,31.59478,EG,01,101082
New Bedford,41.63526,-70.92701,US,MA,101079
Lāhījān,37.20416,50.00919,IR,08,101073
Leuven,50.87959,4.70093,BE,VLG,101032
Mezhdurechensk,53.68993,88.06221,RU,29,101026
Bānswāra,23.54109,74.4425,IN,24,101017
Jolo,6.05222,121.00222,PH,14,101002
Ryazanskiy,55.73333,37.76667,RU,48,101000
Novyye Cherëmushki,55.7,37.58333,RU,48,101000
Elbasan,41.11138,20.08224,AL,43,100903
Pechersk,50.44441,30.52348,UA,12,100900
Ijok,3.31667,101.4,MY,12,100899
Vista,33.20004,-117.24254,US,CA,100890
Davie,26.06287,-80.2331,US,FL,100882
Errachidia,31.9314,-4.42663,MA,08,100870
Twifu Praso,5.61411,-1.5502,GH,04,100851
Red Deer,52.26682,-113.802,CA,01,100844
Solikamsk,59.66686,56.74267,RU,90,100812
El Progreso,15.4,-87.8,HN,18,100810
Chirmiri,23.19073,82.35314,IN,37,100800
Barra do Piraí,-22.47,-43.82556,BR,21,100764
Chikusei,36.316,139.98238,JP,14,100753
Sungailiat,-1.85442,106.12215,ID,35,100750
Arezzo,43.46276,11.88068,IT,16,100734
Újpest,47.56863,19.08456,HU,05,100694
Calasiao,16.0111,120.36,PH,01,100686
Glazov,58.14,52.65619,RU,80,100676
Rosarito,32.36044,-117.04645,MX,02,100660
Kallithéa,37.95,23.7,GR,ESYE31,100641
Ahar,38.4774,47.0699,IR,33,100641
Juan Díaz,9.04059,-79.44083,PA,08,100636
Yên Bái,21.72288,104.9113,VN,15,100631
Grogol,-7.60111,110.81861,ID,07,100613
Nāḩiyat al Iskandarīyah,32.8873,44.34619,IQ,06,100600
Puerto Barrios,15.72724,-88.59787,GT,09,100593
Bakwa,4.1263,27.39527,CD,16,100575
Itārsi,22.61477,77.76222,IN,35,100574
Chinatown,37.7966,-122.40858,US,CA,100574
Votuporanga,-20.42278,-49.97278,BR,27,100568
Si Maha Phot,13.96563,101.51352,TH,74,100563
Hà Tiên,10.3831,104.48753,VN,91,100560
Oleksiyivka,50.04516,36.19322,UA,07,100500
Masjed Soleymān,31.9364,49.3039,IR,15,100497
Los Rastrojos,10.02588,-69.24166,VE,13,100497
Vasco da Gama,15.39585,73.81568,IN,33,100485
Barakaldo,43.29639,-2.98813,ES,59,100435
Oleksandrivskyi,47.96788,37.80335,UA,05,100330
Ermelo,-26.53333,29.98333,ZA,07,100324
Klagenfurt am Wörthersee,46.62472,14.30528,AT,02,100316
Linxi,39.71183,118.44954,CN,10,100316
Tiébo,14.63333,-16.23333,SN,03,100289
Gangtok,27.32574,88.61216,IN,29,100286
Datia,25.67312,78.45908,IN,35,100284
Sakado,35.95694,139.38889,JP,34,100275
Sakata,38.91667,139.855,JP,44,100273
Ust’-Ilimsk,58.00056,102.66194,RU,20,100271
Girona,41.98311,2.82493,ES,56,100266
Renton,47.48288,-122.21707,US,WA,100242
Chust,41.00329,71.23791,UZ,06,100200
Kalmunai,7.40902,81.83472,LK,37,100171
Udine,46.0693,13.23715,IT,06,100170
Xinzhai,36.4,118.61667,CN,25,100168
Phagwāra,31.22452,75.77387,IN,23,100146
Izumisano,34.41667,135.31667,JP,32,100131
Trier,49.75565,6.63935,DE,08,100129
Ginowan,26.26265,127.76147,JP,47,100125
Inda Silasē,14.10307,38.28289,ET,53,100100
Negara,-8.35694,114.61694,ID,02,100074
Caçapava,-23.10083,-45.70694,BR,27,100071
Qaşr Bin Ghashīr,32.68333,13.18333,LY,77,100069
Renala Khurd,30.87878,73.59857,PK,04,100054
Punta Cana,18.58182,-68.40431,DO,10,100023
Roanoke,37.27097,-79.94143,US,VA,100011
Kangding,30.00222,101.9569,CN,32,100000
Suifenhe,44.39982,131.14775,CN,08,100000
Alamar,23.15794,-82.27837,CU,02,100000
Becontree,51.5529,0.129,GB,ENG,100000
Sumedang Utara,-6.85,107.91667,ID,30,100000
Jaffa,32.05043,34.75224,IL,05,100000
Airoli,19.15096,72.99625,IN,16,100000
Shahrak-e Pardīsān,34.55734,50.80201,IR,39,100000
P’yŏngsŏng,39.24639,125.87194,KP,15,100000
Tājūrā’,32.88167,13.35056,LY,77,100000
Colonia Lindavista,19.49156,-99.12475,MX,15,100000
Sentul,3.18333,101.68333,MY,14,100000
Seri Manjung,4.1987,100.67,MY,07,100000
Bandar Mahkota Cheras,3.0542,101.79844,MY,12,100000
Alasia,6.47489,3.16914,NG,05,100000
Raja Jang,31.22078,74.25483,PK,04,100000
Model Town,31.48104,74.32563,PK,04,100000
Subotica,46.1,19.66667,RS,VO,100000
Tekstil’shchiki,55.70033,37.74271,RU,48,100000
Nyagatare,-1.2952,30.3226,RW,11,100000
Sabt Alalayah,19.5773,41.96357,SA,11,100000
Sakiet ez Zit,34.80194,10.76361,TN,32,100000
al-Yarmūk,33.4699,36.3018,SY,13,99999
Jaramānā,33.4862,36.34614,SY,08,99999
Qincheng,27.2127,116.53008,CN,03,99987
Luckeesarai,25.1765,86.0947,IN,34,99979
Menghuan,24.43532,98.58375,CN,29,99970
Śródmieście,52.22904,21.01644,PL,78,99950
Hāgere Hiywet,8.98333,37.85,ET,51,99900
San Angelo,31.46377,-100.43704,US,TX,99893
Kambove,-10.87352,26.59746,CD,14,99884
Bislig,8.21528,126.31639,PH,13,99872
Xixiang,32.98703,107.764,CN,26,99867
Dipalpur,30.66984,73.65306,PK,04,99858
Kenosha,42.58474,-87.82119,US,WI,99858
Nabire,-3.35989,135.50074,ID,PT,99848
Chanthaburi,12.60961,102.10447,TH,48,99819
Niagara Falls,43.10012,-79.06627,CA,08,99818
Andria,41.23117,16.29797,IT,13,99784
Tucupita,9.06263,-62.05208,VE,09,99778
Clinton Township,42.58698,-82.91992,US,MI,99753
Shikohābād,27.108,78.58661,IN,36,99678
Villa de Cura,10.03863,-67.48938,VE,04,99669
Al Jammālīyah,31.18065,31.86497,EG,01,99641
San Chaung,17.0953,96.0992,MM,17,99619
Wangkui,46.83214,126.47657,CN,08,99617
Columbia,39.24038,-76.83942,US,MD,99615
Zelenodolsk,55.84376,48.51784,RU,73,99600
Al Qūşīyah,27.44023,30.81712,EG,17,99598
Dschang,5.44397,10.05332,CM,08,99582
Tucuruvi,-23.47544,-46.60609,BR,27,99559
Hwasŏng,41.25556,129.49278,KP,17,99557
Myŏnggan-dong,41.13722,129.49472,KP,17,99557
Dhahran,26.28864,50.11396,SA,06,99540
Santiago de Compostela,42.88052,-8.54569,ES,58,99536
Roubaix,50.69421,3.17456,FR,32,99507
Manbij,36.52815,37.95495,SY,09,99497
Olomouc,49.59552,17.25175,CZ,84,99496
Novoshakhtinsk,47.76037,39.93335,RU,61,99478
Erie,42.12922,-80.08506,US,PA,99475
Kāsganj,27.80882,78.64579,IN,36,99462
Šiauliai,55.93333,23.31667,LT,61,99462
Hualien City,23.97694,121.60444,TW,04,99458
Meihekou,42.52869,125.67876,CN,05,99419
Santander de Quilichao,3.00945,-76.48494,CO,09,99354
Xinle,38.34898,114.68531,CN,10,99347
Acharnés,38.08333,23.73333,GR,ESYE31,99346
Qubo Saeed Khan,27.87437,67.70886,PK,05,99308
Mafinga,-8.30019,35.29366,TZ,04,99305
Taman Melawati,3.21083,101.74825,MY,12,99304
Minyā al Qamḩ,30.51552,31.34629,EG,14,99284
Bang Rak,13.73058,100.52388,TH,40,99273
Burao,9.52213,45.53363,SO,19,99270
Bam,29.106,58.357,IR,29,99268
Manavgat,36.78672,31.44086,TR,07,99254
Guercif,34.22568,-3.35361,MA,03,99238
Khambhāt,22.31744,72.61916,IN,09,99164
Tourcoing,50.72391,3.16117,FR,32,99160
Kandhkot,28.24574,69.17974,PK,05,99155
Saku,36.21667,138.48333,JP,26,99131
Śródmieście,51.11316,17.08145,PL,72,99088
Bhola,22.68759,90.64403,BD,85,99079
Talara,-4.57722,-81.27194,PE,20,99074
Riberalta,-11.01026,-66.05257,BO,03,99070
Linghe,36.36417,119.07694,CN,25,99069
Siverskodonetsk,48.94414,38.48754,UA,14,99067
Morón,-34.65118,-58.62205,AR,01,99066
Zárate,-34.09584,-59.02423,AR,01,99061
Portsmouth Heights,36.82098,-76.36883,US,VA,99049
Kohima,25.67467,94.11099,IN,20,99039
Richmond Hill,40.69983,-73.83125,US,NY,98984
Choma,-16.80889,26.9875,ZM,07,98974
Xingcheng,40.61667,120.71667,CN,19,98968
Paoy Paet,13.65805,102.56365,KH,25,98934
Pandharpur,17.67924,75.33098,IN,16,98923
Kapurthala Town,31.38011,75.38105,IN,23,98916
Itoshima,33.54225,130.18421,JP,07,98877
Burzaco,-34.82584,-58.39502,AR,01,98859
Sarapul,56.47633,53.79782,RU,80,98830
Saint-Laurent,45.50008,-73.66585,CA,10,98828
Zwickau,50.72724,12.48839,DE,13,98796
Circoiscrizione IV,45.08125,7.63188,IT,12,98787
Kontagora,10.40319,5.4708,NG,31,98754
Corumbá,-19.00917,-57.65333,BR,11,98751
Kaiserslautern,49.443,7.77161,DE,08,98732
Alief,29.71106,-95.59633,US,TX,98725
Soma,39.18554,27.60945,TR,45,98714
Thimphu,27.46609,89.64191,BT,20,98676
Bocaue,14.79833,120.92611,PH,03,98649
Votkinsk,57.04867,53.9872,RU,80,98633
Caldas Novas,-17.74431,-48.62789,BR,29,98622
Spring Hill,28.47688,-82.52546,US,FL,98621
São Sebastião,-15.90287,-47.77613,BR,07,98612
Słupsk,54.46405,17.02872,PL,82,98608
Tatuapé,-23.53729,-46.5666,BR,27,98601
Ponta Porã,-22.53611,-55.72556,BR,11,98598
Renqiu,38.70941,116.10086,CN,10,98569
Mahuva,21.09007,71.76904,IN,09,98519
Cárdenas,23.03632,-81.20602,CU,03,98515
Bridgetown,13.10732,-59.62021,BB,08,98511
Compton,33.89585,-118.22007,US,CA,98462
Serov,59.59737,60.58608,RU,71,98438
Habboûch,33.40753,35.48177,LB,07,98433
Phong Điền,9.99753,105.6673,VN,92,98424
Xinshi,31.04704,113.14098,CN,12,98422
Vĩnh Thạnh,10.22263,105.39841,VN,92,98399
Landstraße,48.2019,16.38792,AT,09,98389
Budapest IV. kerület,47.56182,19.08909,HU,05,98374
League City,29.50745,-95.09493,US,TX,98312
Flint,43.01253,-83.68746,US,MI,98310
Silvassa,20.27386,72.99673,IN,52,98265
Al Qaţīf,26.56542,50.0089,SA,06,98259
Kōnan,35.33165,136.87042,JP,01,98255
Guaíba,-30.11389,-51.325,BR,23,98239
Balāngīr,20.70419,83.49029,IN,21,98238
Lagos de Moreno,21.35875,-101.93311,MX,14,98206
Chengzihe,45.33611,131.00489,CN,08,98188
Thayetmyo,19.32076,95.18272,MM,15,98185
Penzing,48.2,16.26667,AT,09,98176
Xishan,27.66667,113.5,CN,11,98162
Allen,33.10317,-96.67055,US,TX,98143
Barika,35.38901,5.36584,DZ,03,98141
Aïn Oussera,35.45139,2.90583,DZ,22,98107
Balashov,51.55103,43.17069,RU,67,98107
Arsi Negele,7.3547,38.67465,ET,51,98100
Dukuhturi,-6.9,109.08333,ID,07,98074
Iguatu,-6.35944,-39.29861,BR,06,98064
Fasā,28.9383,53.6482,IR,07,98061
Saint-Jean-sur-Richelieu,45.30713,-73.26259,CA,10,98036
Nawāda,24.8867,85.54364,IN,34,98029
Lugo,43.00992,-7.55602,ES,58,98025
Bhilai Charoda,21.22305,81.45609,IN,37,98008
Mīnāb,27.13104,57.08716,IR,11,97986
Dar‘ā,32.61889,36.10213,SY,06,97969
Shāmli,29.4497,77.30959,IN,36,97966
Chitose,42.81944,141.65222,JP,12,97950
Yeyuan,36.41667,118.5,CN,25,97936
Trelew,-43.24895,-65.30505,AR,04,97915
Kamyanets-Podilskyi,48.67882,26.58516,UA,09,97908
Zheleznogorsk,52.34198,35.35917,RU,41,97900
Kâhta,37.78552,38.6237,TR,02,97875
Valença,-13.37028,-39.07306,BR,05,97873
Santa Cruz de Yojoa,14.98086,-87.89091,HN,06,97848
Dorchester,42.29732,-71.0745,US,MA,97826
Erdenet,49.03333,104.08333,MN,25,97814
Hyesan-dong,41.3953,128.18727,KP,13,97794
Temixco,18.84578,-99.22367,MX,17,97788
Namalombwe,-15.39053,28.18986,ZM,09,97758
Asan,36.78361,127.00417,KR,17,97749
Catarman,12.4989,124.6377,PH,08,97738
Jharsuguda,21.85531,84.00698,IN,21,97730
Gò Công,10.36667,106.66667,VN,82,97709
Guanhu,34.42528,117.99528,CN,04,97705
Itaúna,-20.07528,-44.57639,BR,15,97669
Tha Raeng,13.86849,100.64534,TH,40,97658
Sādatpur Gujran,28.72834,77.24817,IN,07,97641
Meidling,48.16667,16.33333,AT,09,97624
Oulad Teïma,30.39467,-9.20897,MA,09,97608
Jiudian,36.9918,120.20412,CN,25,97604
Gambēla,8.25,34.58333,ET,49,97600
Chalisgaon,20.45781,75.01596,IN,16,97551
Rochdale,53.61766,-2.1552,GB,ENG,97550
Aguachica,8.30844,-73.6166,CO,10,97525
Jérémie,18.65,-74.11667,HT,14,97503
Xinxing,34.77597,105.32216,CN,15,97483
Herzliya,32.16627,34.82536,IL,05,97470
Parand,35.47195,50.97547,IR,26,97464
Rio Largo,-9.47833,-35.85333,BR,02,97435
Pyinmana,19.7381,96.20742,MM,18,97409
Villupuram,11.93975,79.49244,IN,25,97380
Amalner,21.03983,75.05887,IN,16,97369
Kuje,8.87952,7.22756,NG,11,97367
Luján,-34.5664,-59.11478,AR,01,97363
Swabi,34.12018,72.46982,PK,03,97363
Hadera,32.44192,34.9039,IL,04,97335
Deventer,52.255,6.16389,NL,15,97331
Villa Alemana,-33.04823,-71.3729,CL,01,97320
Brikama,13.27136,-16.64944,GM,05,97233
Bayeux,-7.125,-34.93222,BR,17,97203
Tellicherry,11.74811,75.4929,IN,13,97201
Naxçıvan,39.20889,45.41222,AZ,35,97200
Zhukovsky,55.59528,38.12028,RU,47,97200
Kameoka,35.0,135.58333,JP,22,97181
Mission Viejo,33.60002,-117.672,US,CA,97156
Pará de Minas,-19.86028,-44.60833,BR,15,97139
Cesena,44.1391,12.24315,IT,05,97137
Manjeri,11.12018,76.11996,IN,13,97102
Munakata,33.7957,130.55895,JP,07,97095
Messaad,34.15429,3.50309,DZ,22,97091
Escalante,10.84028,123.49917,PH,06,97050
Molenbeek-Saint-Jean,50.8499,4.31248,BE,BRU,97037
Fangshan,39.68699,115.99658,CN,22,97026
Chimaltenango,14.65881,-90.8216,GT,03,96985
Magway,20.14956,94.93246,MM,15,96954
Tumbes,-3.55592,-80.44258,PE,24,96946
Dijkot,31.21735,72.99621,PK,04,96934
Quvasoy,40.29721,71.98026,UZ,03,96900
Beshariq,40.43583,70.61028,UZ,03,96900
Bekobod,40.22083,69.26972,UZ,14,96900
Jinniu,25.80062,100.57435,CN,29,96883
Vicente Pires,-15.81009,-48.03077,BR,07,96871
Caotun,23.97699,120.68766,TW,04,96838
Ariquemes,-9.91333,-63.04083,BR,24,96833
Vacaville,38.35658,-121.98774,US,CA,96803
Grand-Bassam,5.2118,-3.73884,CI,94,96797
Binga,2.37351,20.49769,CD,25,96790
Yasuj,30.66824,51.58796,IR,05,96786
Villa Mercedes,-33.67571,-65.45783,AR,19,96781
Ben Guerir,32.24088,-7.95397,MA,07,96777
Wabu,37.58972,127.22028,KR,13,96775
Ventura,34.27834,-119.29317,US,CA,96769
Khurarianwala,31.49936,73.26763,PK,04,96743
Houzhen,36.99136,118.96582,CN,25,96737
Dogonbadan,30.3586,50.7981,IR,05,96728
Sumber,-6.76028,108.48306,ID,30,96725
Highlands Ranch,39.55388,-104.96943,US,CO,96713
Lawton,34.60869,-98.39033,US,OK,96655
Azimpur,23.7298,90.3854,BD,81,96641
Schwerin,53.62937,11.41316,DE,12,96641
Beaverton,45.48706,-122.80371,US,OR,96577
Jaworzno,50.20528,19.27498,PL,83,96541
Zhudong,24.73167,121.09083,TW,04,96518
Gongguan,21.8,109.6,CN,16,96492
Pouytenga,12.25162,-0.42565,BF,04,96469
Estelí,13.09291,-86.35589,NI,05,96422
Soligorsk,52.78981,27.53583,BY,05,96418
Nghĩa Đô,21.05,105.8,VN,01,96418
Monkayo,7.81528,126.05444,PH,11,96405
South Gate,33.95474,-118.21202,US,CA,96401
Jounieh,33.98083,35.61778,LB,05,96315
Caloundra,-26.80346,153.12195,AU,04,96305
Ceyhan,37.02472,35.8175,TR,81,96303
Birgaon,21.30758,81.62793,IN,37,96294
Shibata,37.95,139.33333,JP,29,96236
Stellenbosch,-33.93462,18.86676,ZA,11,96228
Bārmer,25.74572,71.39211,IN,24,96225
Maribor,46.55583,15.64593,SI,J2,96209
Portsmouth,36.83543,-76.29827,US,VA,96201
Muroran,42.31722,140.98806,JP,12,96197
Gütersloh,51.90693,8.37853,DE,07,96180
Limpio,-25.16611,-57.48562,PY,06,96143
Saint-Denis,48.93564,2.35387,FR,11,96128
Khōst,33.33951,69.92041,AF,37,96123
Sparks,39.53491,-119.75269,US,NV,96094
Erechim,-27.63461,-52.2754,BR,23,96087
Cáceres,39.47649,-6.37224,ES,57,96068
Nanxi,28.84209,104.97958,CN,32,96061
General Trias,14.38694,120.88167,PH,40,96022
Pūth Kalān,28.7116,77.07887,IN,07,96002
Japekrom,7.5758,-2.78516,GH,13,96000
Ramenskoye,55.56341,38.24152,RU,47,96000
Ouislane,33.91406,-5.48969,MA,03,95995
Hemel Hempstead,51.75368,-0.44975,GB,ENG,95961
Kuniyamuttūr,10.96376,76.95254,IN,25,95924
Bang Na,13.66744,100.64206,TH,40,95912
Sardārshahr,28.44062,74.491,IN,24,95911
Sānand,22.99227,72.38177,IN,09,95890
Sāhibganj,25.24425,87.63481,IN,38,95890
Ash-Shaykh Zāyid,30.02,31.0,EG,08,95854
Tema New Town,5.65396,0.0264,GH,01,95837
Lubu,23.17233,112.28298,CN,30,95820
Jastrzębie Zdrój,49.95542,18.57479,PL,83,95813
Río Gallegos,-51.6253,-69.25229,AR,20,95796
Shimada,34.81667,138.18333,JP,37,95719
Jinsha,32.08982,121.07355,CN,04,95647
Ciudad Río Bravo,25.98507,-98.08964,MX,28,95647
Psie Pole,51.14595,17.03519,PL,72,95615
Ŭnch’ŏn-ŭp,38.56556,125.42722,KP,06,95597
Paramagudi,9.54633,78.5907,IN,25,95579
Shkodër,42.06828,19.51258,AL,49,95553
Zerakpur,30.65622,76.82093,IN,23,95553
Las Rozas de Madrid,40.49292,-3.87371,ES,29,95550
Yuma,32.72532,-114.6244,US,AZ,95548
Paranavaí,-23.07306,-52.46528,BR,18,95525
Ducheng,23.24212,111.5284,CN,30,95525
Cipolletti,-38.93392,-67.99032,AR,16,95524
Kamisu,35.89685,140.66666,JP,14,95454
Burdur,37.72028,30.29083,TR,15,95436
Shenjiamen,29.95763,122.29802,CN,02,95433
Ōmura,32.92139,129.95389,JP,27,95397
San Carlos de Bariloche,-41.14557,-71.30822,AR,16,95394
Inhambane,-23.865,35.38333,MZ,03,95388
La Habana Vieja,23.13028,-82.35306,CU,02,95383
Novopolotsk,55.52618,28.59308,BY,07,95370
Tiruchengode,11.38016,77.89444,IN,25,95335
Amozoc de Mota,19.04611,-98.045,MX,21,95322
Brockton,42.08343,-71.01838,US,MA,95314
Owendo,0.29123,9.50465,GA,01,95313
Mons,50.45413,3.95229,BE,WAL,95299
Hương Thủy,16.42184,107.63999,VN,46,95299
Yotsukaidō,35.65,140.16667,JP,04,95266
Boli,45.7529,130.58452,CN,08,95260
Gafsa,34.425,8.78417,TN,30,95242
Xiaoshan,30.16746,120.25883,CN,02,95234
Saint-Michel de l'Atalaye,19.37084,-72.33472,HT,06,95216
Xingguo,34.85861,105.66861,CN,15,95211
Pagoh,2.1495,102.7704,MY,01,95202
San Fernando,36.4759,-6.19817,ES,51,95174
Dearborn,42.32226,-83.17631,US,MI,95171
Federal Way,47.32232,-122.31262,US,WA,95171
Closepet,12.72181,77.28149,IN,19,95167
Emmiganūr,15.77203,77.48345,IN,02,95149
Labuan,5.28028,115.2475,MY,15,95120
Lindi,-9.99709,39.71649,TZ,07,95096
Lee's Summit,38.91084,-94.38217,US,MO,95094
Daanbantayan,11.24681,124.01462,PH,07,95080
Vaniyambadi,12.68162,78.62014,IN,25,95061
Delft,52.00667,4.35556,NL,11,95060
Kovilpatti,9.17167,77.86989,IN,25,95057
Asheville,35.60095,-82.55402,US,NC,95056
Zaxo,37.14871,42.68591,IQ,08,95052
Ushirombo,-3.49194,31.96389,TZ,28,95052
Aqaba,29.52667,35.00778,JO,21,95048
Catumbela,-12.43002,13.54677,AO,01,95034
Frederiksberg,55.67938,12.53463,DK,17,95029
Kutloanong,-27.83333,26.75,ZA,03,95008
Biu,10.61285,12.19458,NG,27,95005
Olupona,7.60039,4.19264,NG,42,95002
Romford,51.57515,0.18582,GB,ENG,95000
Ozerki,60.03947,30.31128,RU,66,95000
Novogireyevo,55.75455,37.81834,RU,48,95000
Vostochnoe Degunino,55.8801,37.55758,RU,48,95000
Rawad,36.89479,10.18604,TN,38,94961
Cereté,8.88479,-75.79052,CO,12,94935
Roquetas de Mar,36.76419,-2.61475,ES,51,94925
Spokane Valley,47.67323,-117.23937,US,WA,94919
Kanuma,36.55,139.73333,JP,38,94903
As Salamīyah,35.01127,37.05324,SY,10,94887
Parli Vaijnāth,18.85057,76.53163,IN,16,94863
Bình Minh,10.06821,105.82221,VN,86,94862
Alkmaar,52.63167,4.74861,NL,07,94853
Tiko,4.075,9.36005,CM,09,94836
Wuchang,44.92754,127.16039,CN,08,94786
Djougou,9.70853,1.66598,BJ,13,94773
Aracruz,-19.82028,-40.27333,BR,08,94765
Leskovac,42.99806,21.94611,RS,SE,94758
Behshahr,36.69235,53.55262,IR,35,94702
Hanamaki,39.38333,141.11667,JP,16,94691
Tiflet,33.89469,-6.30649,MA,04,94684
Fordham,40.85927,-73.89847,US,NY,94678
Bibā,28.92406,30.98544,EG,18,94677
Sanjō,37.61667,138.95,JP,29,94642
Nemby,-25.3949,-57.53574,PY,06,94641
Livonia,42.36837,-83.35271,US,MI,94635
Al Qurayn,30.61618,31.73514,EG,14,94632
Mainpuri,27.22857,79.02882,IN,36,94619
Jaçanã,-23.46013,-46.5749,BR,27,94609
Khāmgaon,20.70738,76.56827,IN,16,94604
Anusawari,13.89466,100.61425,TH,40,94550
Roswell,34.02316,-84.36159,US,GA,94501
Aksum,14.12109,38.72337,ET,53,94500
Makrāna,27.04361,74.72445,IN,24,94487
Yonezawa,37.91,140.11667,JP,44,94486
São João del Rei,-21.13556,-44.26167,BR,15,94468
Orem,40.2969,-111.69465,US,UT,94457
Allinagaram,10.02737,77.47815,IN,25,94453
Dunhou,27.05,114.9,CN,03,94445
Bayan Hot,38.83861,105.66861,CN,20,94445
Tsentralno-Miskyi,48.06167,37.97157,UA,05,94417
Yuzivskyi,48.0,37.80006,UA,05,94228
Azumino,36.28815,137.88705,JP,26,94222
Daxi,24.88373,121.29043,TW,04,94222
Novyy Urengoy,66.08333,76.63333,RU,87,94212
Boryeong,36.34931,126.59772,KR,17,94191
Yilan,24.757,121.753,TW,04,94188
Awsīm,30.12303,31.13571,EG,08,94174
Gjakovë,42.38028,20.43083,XK,10096859,94158
Yishui,35.78472,118.62806,CN,25,94115
Ruwa,-17.88972,31.24472,ZW,04,94083
Sông Cầu,13.4556,109.22348,VN,66,94066
Pendang,5.99516,100.47885,MY,02,94033
Chomedey,45.53333,-73.75,CA,10,94030
Paracatu,-17.22222,-46.87472,BR,15,94023
Fall River,41.70149,-71.15505,US,MA,94000
Cacém,38.76698,-9.29793,PT,14,93982
Gudiyatham,12.94601,78.87377,IN,25,93973
Zhongduo,28.8466,108.76416,CN,33,93928
Hayes,51.51579,-0.4234,GB,ENG,93928
Ashiya,34.72807,135.30264,JP,13,93922
Dhār,22.59373,75.29774,IN,35,93917
Lawrence,38.97167,-95.23525,US,KS,93917
Gambat,27.3517,68.5215,PK,05,93884
Gesundbrunnen,52.55035,13.39139,DE,16,93862
Novoural’sk,57.25483,60.09052,RU,71,93849
The Woodlands,30.15799,-95.48938,US,TX,93847
Zheleznogorsk,56.25109,93.53142,RU,91,93834
Bandar Kinrara,3.04926,101.64153,MY,12,93822
Fangcheng,33.25692,113.00099,CN,09,93808
West Albany,42.68313,-73.77845,US,NY,93794
Khương Đình,20.98366,105.81537,VN,01,93780
Norrköping,58.59419,16.1826,SE,16,93765
Bohicon,7.17826,2.0667,BJ,18,93744
Daotian,36.83389,118.89778,CN,25,93728
Yakima,46.60207,-120.5059,US,WA,93701
Kharkivskyi Masyv,50.40848,30.66006,UA,12,93700
Baijiantan,45.69298,85.13942,CN,13,93697
Yunnanyi,25.4245,100.689,CN,29,93671
Shuangliao,43.51067,123.50069,CN,05,93666
Mogi Mirim,-22.43194,-46.95778,BR,27,93650
Lajeado,-29.46694,-51.96139,BR,23,93646
García,25.80092,-100.58612,MX,19,93641
Quincy,42.25288,-71.00227,US,MA,93618
Aflou,34.11279,2.10228,DZ,25,93585
Yala,6.53995,101.28128,TH,70,93558
Dipolog,8.56697,123.33471,PH,09,93549
Al-Qāsim,32.29799,44.68282,IQ,06,93546
Baraut,29.10199,77.26334,IN,36,93544
Zhaoyuan,45.51971,125.07633,CN,08,93505
Michurinsk,52.90761,40.4823,RU,72,93499
Kuala Nerus,5.37293,103.02053,MY,13,93485
Kribi,2.93725,9.90765,CM,14,93482
Guadalajara,40.62862,-3.16185,ES,54,93470
Düren,50.80434,6.49299,DE,07,93440
České Budějovice,48.97447,14.47434,CZ,79,93426
Fuwwah,31.20365,30.54908,EG,21,93392
Yashio,35.82255,139.83905,JP,34,93363
Flatbush,40.65205,-73.95903,US,NY,93361
Lysychansk,48.91211,38.42088,UA,14,93340
Monastir,35.77799,10.82617,TN,16,93306
Harlow,51.77655,0.11158,GB,ENG,93300
Dalai,45.5,124.3,CN,05,93297
Hesperia,34.42639,-117.30088,US,CA,93295
Lere,10.38584,8.57286,NG,23,93290
La Spezia,44.103,9.82375,IT,08,93288
Carson,33.83141,-118.28202,US,CA,93281
Barletta,41.31429,16.28165,IT,13,93279
Modi‘in Makkabbim Re‘ut,31.89385,35.01504,IL,02,93277
Polatlı,39.57715,32.14132,TR,68,93262
Tangwu,36.44667,118.85972,CN,25,93260
Boca Raton,26.35869,-80.0831,US,FL,93235
Jiayue,36.02361,119.17611,CN,25,93228
Budapest XVIII. kerület,47.44417,19.17595,HU,05,93225
Santa Monica,34.01949,-118.49138,US,CA,93220
Kalibo,11.7086,122.3648,PH,06,93218
Rubio,7.70156,-72.35551,VE,20,93197
Praga Północ,52.25443,21.03472,PL,78,93192
Kalyani,22.9757,88.4337,IN,28,93184
Changping,40.21612,116.23471,CN,22,93174
Inagi,35.63295,139.49967,JP,40,93151
Râmnicu Vâlcea,45.1,24.36667,RO,39,93151
Ōbu,35.01756,136.94947,JP,01,93123
Galle,6.0461,80.2103,LK,34,93118
Stilfontein,-26.84493,26.76829,ZA,10,93110
Doddaballapura,13.29452,77.53777,IN,19,93105
Heerlen,50.88365,5.98154,NL,05,93084
Ozamiz City,8.1481,123.8405,PH,10,93082
Lorca,37.67119,-1.7017,ES,31,93079
Itajubá,-22.42556,-45.45278,BR,15,93073
Qonce,-32.88076,27.39377,ZA,05,93072
Jinja,0.43902,33.20317,UG,E,93061
Nouméa,-22.27407,166.44884,NC,02,93060
Kitakami,39.28333,141.11667,JP,16,93045
Heho,20.72315,96.82278,MM,11,93041
Kalaw,20.63459,96.56454,MM,11,93032
Osnovyanskyi,49.93657,36.24128,UA,07,93000
Wonosobo,-7.35889,109.90306,ID,07,92990
La Marsa,36.87818,10.32466,TN,36,92987
Kineshma,57.43665,42.12766,RU,21,92983
Negage,-7.75938,15.2722,AO,15,92950
Bafra,41.56787,35.90311,TR,55,92944
Chīrāla,15.82385,80.35219,IN,02,92942
Wukari,7.87139,9.77786,NG,43,92933
Krasnogorsk,55.81904,37.32984,RU,47,92932
San Marcos,33.14337,-117.16614,US,CA,92931
Pushkin,59.71417,30.39642,RU,66,92889
Hastings,50.85568,0.58009,GB,ENG,92855
Moa,20.65776,-74.95075,CU,12,92852
Lianzhou,24.78186,112.3712,CN,30,92827
Sunyani,7.33991,-2.32676,GH,13,92825
Malacatán,14.91132,-92.05788,GT,17,92816
Avaré,-23.09861,-48.92583,BR,27,92805
Boyle Heights,34.0339,-118.20535,US,CA,92785
Magadan,59.56274,150.80211,RU,44,92782
Banco Filipino Homes,14.43379,121.02231,PH,NCR,92752
Beni Mered,36.52389,2.86131,DZ,20,92749
Igbo-Ora,7.43383,3.28788,NG,32,92719
Cajamar,-23.35611,-46.87694,BR,27,92689
High Peak,53.36797,-1.84536,GB,ENG,92666
Akot,21.0963,77.0588,IN,16,92637
Kaizuka,34.45,135.35,JP,32,92632
Palimanan,-6.70694,108.42417,ID,30,92600
Fatehpur,27.99486,74.95628,IN,24,92595
Patos,-7.02444,-37.28,BR,17,92575
Yingqiu,36.52663,118.99285,CN,25,92564
Plantation,26.13421,-80.23184,US,FL,92560
Grudziądz,53.48411,18.75366,PL,73,92552
Gharroli,28.6167,77.33207,IN,07,92540
Njombe,-9.34917,34.77167,TZ,30,92537
Rahlstedt,53.60194,10.15667,DE,04,92511
Semenyih,2.9516,101.843,MY,12,92491
Maizuru,35.45,135.33333,JP,22,92465
Selong,-8.6503,116.5318,ID,17,92464
Concepción,10.4119,-71.68919,VE,23,92463
Lynn,42.46676,-70.94949,US,MA,92457
Villa María,-32.40751,-63.24016,AR,05,92453
Ratchaburi,13.53671,99.81712,TH,52,92448
Pamekasan,-7.1568,113.4746,ID,08,92447
Gravatá,-8.20111,-35.56472,BR,30,92429
Clementi Housing Estate,1.31583,103.76472,SG,00,92420
Sendai,31.81667,130.3,JP,18,92403
Al Hārithah,30.58481,47.76114,IQ,02,92395
Esslingen,48.73961,9.30473,DE,01,92390
Darlington,54.52429,-1.55039,GB,ENG,92363
Muğla,37.21807,28.3665,TR,48,92328
Bang Phlat,13.79425,100.50447,TH,40,92325
Tübingen,48.52266,9.05222,DE,01,92322
Pandeglang,-6.3084,106.1067,ID,33,92316
Miami Beach,25.79065,-80.13005,US,FL,92312
Rajpura,30.47856,76.59284,IN,23,92301
Dongcun,36.77667,121.15972,CN,25,92282
Lucas do Rio Verde,-13.07127,-55.91479,BR,14,92256
Sibolga,1.74016,98.78117,ID,26,92244
Serra Talhada,-7.99194,-38.29833,BR,30,92228
Sakai,36.1473,136.19408,JP,06,92210
Vila Formosa,-23.56786,-46.54599,BR,27,92186
Arden-Arcade,38.6025,-121.37854,US,CA,92186
Pariaman,-0.61898,100.11997,ID,24,92183
Kudus,-6.8048,110.8405,ID,07,92156
Ballarpur,19.84696,79.34578,IN,16,92146
Rohri,27.69203,68.89503,PK,05,92135
Westminster,33.75918,-118.00673,US,CA,92114
Alessandria,44.90924,8.61007,IT,12,92104
Longonjo,-12.90795,15.24845,AO,08,92103
Longmont,40.16721,-105.10193,US,CO,92088
Hohoe,7.15181,0.47362,GH,08,92076
Delmas,-26.1466,28.68322,ZA,07,92046
Nasinu,-18.07051,178.51313,FJ,01,92043
Duitama,5.8245,-73.03408,CO,36,92040
Muan,34.99014,126.47899,KR,16,92009
Danjiangkou,32.54278,111.50861,CN,12,92008
Kot Kapūra,30.58061,74.82609,IN,23,91979
Tepatitlán de Morelos,20.81692,-102.76347,MX,14,91959
Bai’anba,30.76283,108.43717,CN,33,91947
Kabirwala,30.40472,71.86269,PK,04,91932
Erciş,39.02587,43.35964,TR,65,91915
Bugulma,54.5378,52.7985,RU,73,91900
El Shorouk,30.13806,31.61556,EG,11,91899
Sassari,40.72586,8.55552,IT,14,91895
Kilosa,-6.83333,36.98333,TZ,10,91889
Manhuaçu,-20.25806,-42.03361,BR,15,91886
Caringin,-6.70611,106.82139,ID,30,91845
Bhandāra,21.16817,79.64885,IN,16,91845
Santa Barbara,34.42083,-119.69819,US,CA,91842
Ubatuba,-23.43389,-45.07111,BR,27,91824
Iserlohn,51.37547,7.70281,DE,07,91811
Witten,51.44362,7.35258,DE,07,91808
Nisshin,35.13676,137.05238,JP,01,91795
Higashi-Matsuyama,36.03333,139.41667,JP,34,91791
Cuamba,-14.80306,36.53722,MZ,07,91780
Stevenage,51.90224,-0.20256,GB,ENG,91774
São João da Boa Vista,-21.96917,-46.79806,BR,27,91771
Pickering,43.90012,-79.13289,CA,08,91771
Cidade Ocidental,-16.10971,-47.93261,BR,29,91767
Zhongshu,24.51667,103.76667,CN,29,91750
Türkmenbaşy,40.02216,52.95517,TM,02,91745
Southport,53.64581,-3.01008,GB,ENG,91703
Phú Thọ,21.39963,105.22221,VN,25,91650
Ratingen,51.29724,6.84929,DE,07,91606
Porto Amboim,-10.73251,13.76844,AO,06,91605
Soran,36.65558,44.54217,IQ,11,91589
Redding,40.58654,-122.39168,US,CA,91582
Xingren,25.43333,105.23333,CN,18,91579
Cárdenas,18.00135,-93.37559,MX,27,91558
Grahamstown,-33.30422,26.53276,ZA,05,91548
Banga,6.42381,124.77603,PH,12,91536
Longquan,24.67193,102.1613,CN,29,91534
Kalamariá,40.5825,22.95028,GR,ESYE12,91518
Yatou,37.1566,122.43762,CN,25,91517
Tanfang,36.69977,118.67087,CN,25,91460
Kars,40.59825,43.08548,TR,84,91450
Patrocínio,-18.94389,-46.9925,BR,15,91449
Lingyuan,41.24,119.40111,CN,19,91418
Surallah,6.37527,124.74521,PH,12,91412
Lodja,-3.52105,23.6005,CD,27,91409
Tartu,58.38062,26.72509,EE,18,91407
Sablayan,12.8346,120.769,PH,41,91406
Molārband,28.50295,77.31442,IN,07,91402
Pergamino,-33.89101,-60.57462,AR,01,91399
Marl,51.65671,7.09038,DE,07,91398
Bagaha,24.52898,85.06019,IN,34,91383
Macon,32.84069,-83.6324,US,GA,91351
Bạch Mai,20.98333,105.83333,VN,01,91308
Jirapa,10.53689,-2.70155,GH,11,91279
Rayachoti,14.05723,78.75056,IN,02,91234
Arujá,-23.39611,-46.32083,BR,27,91157
Al Minshāh,26.4775,31.80394,EG,24,91149
Daisen,39.44116,140.48961,JP,02,91143
Nakonde,-9.34213,32.745,ZM,10,91107
Bethlehem,-28.23078,28.30707,ZA,03,91075
Niğde,37.96583,34.67935,TR,73,91039
Newmarket,44.05011,-79.46631,CA,08,91034
Lünen,51.61634,7.52872,DE,07,91009
Yaroslavskiy,55.88333,37.71667,RU,48,91000
Lefortovo,55.76667,37.7,RU,48,91000
Launceston,-41.43876,147.13467,AU,06,90953
Ga-Rankuwa,-25.61692,27.99471,ZA,10,90945
Gaoyou,32.78933,119.44182,CN,04,90911
Kunjah,32.52982,73.97486,PK,04,90905
Lüleburgaz,41.40173,27.35746,TR,39,90899
Myitkyina,25.38327,97.39637,MM,04,90894
Lqoliaa,30.29759,-9.46597,MA,09,90890
Yulinshi,38.29181,109.73753,CN,26,90870
Chauk,20.89921,94.81784,MM,15,90870
Al Badrashayn,29.85,31.26667,EG,08,90833
Thakhèk,17.41027,104.83068,LA,15,90800
Chinhoyi,-17.36667,30.2,ZW,05,90800
Namyangju,37.63667,127.21417,KR,13,90798
‘Amrān,15.6594,43.94385,YE,19,90792
Imizu,36.76835,137.12572,JP,42,90742
Meridian,43.61211,-116.39151,US,ID,90739
San Leandro,37.72493,-122.15608,US,CA,90712
Kishorganj,24.43944,90.78291,BD,81,90690
Caratinga,-19.78972,-42.13917,BR,15,90687
Mtwapa,-3.93938,39.74877,KE,23,90677
Emure-Ekiti,7.43636,5.45925,NG,54,90645
Hanting,36.77083,119.21083,CN,25,90637
Bohodukhivskyi,47.96688,37.86255,UA,05,90600
Kattaqo’rg’on Shahri,39.90546,66.26556,UZ,10,90600
Greenville,35.61266,-77.36635,US,NC,90597
Hradec Králové,50.20923,15.83277,CZ,82,90596
Tongren,27.71722,109.18528,CN,18,90593
Saquarema,-22.89889,-42.46985,BR,21,90583
Körfez,40.76704,29.78275,TR,41,90580
Mihara,34.4,133.08333,JP,11,90573
Çankırı,40.59995,33.6153,TR,82,90564
Eslāmābād-e Gharb,34.1089,46.52988,IR,13,90559
Chester,53.1905,-2.89189,GB,ENG,90524
Moḩammadīyeh,36.22374,50.18247,IR,38,90513
Retalhuleu,14.53575,-91.67848,GT,15,90505
Araripina,-7.57611,-40.49833,BR,30,90504
Nanaimo,49.16638,-123.94003,CA,02,90504
Ziway,7.93333,38.71667,ET,51,90500
Palmerston North,-40.35636,175.61113,NZ,F3,90500
Kuznetsk,53.11675,46.60037,RU,57,90480
Tual,-5.62878,132.75229,ID,28,90470
Montelíbano,7.97917,-75.4202,CO,12,90450
Xihe,31.68635,113.46585,CN,12,90422
Guliston,40.49536,68.77542,UZ,16,90398
San Juan Bautista,11.01243,-63.94412,VE,17,90387
Ústí nad Labem,50.6607,14.03227,CZ,89,90378
Cubal,-13.03865,14.2455,AO,01,90367
Kadayanallur,9.07277,77.34152,IN,25,90364
Phra Khanong,13.70185,100.60157,TH,40,90354
Valparai,10.32691,76.95116,IN,25,90353
Masvingo,-20.06373,30.82766,ZW,08,90286
Abū Qurqāş,27.93043,30.83826,EG,10,90266
Duobao,30.67,112.68952,CN,12,90257
Kirovo-Chepetsk,58.55091,50.031,RU,33,90252
Berdsk,54.75352,83.09624,RU,53,90250
Bougouni,11.41769,-7.48323,ML,06,90234
Bela Bela,-24.88333,28.28333,ZA,09,90210
Pleven,43.41791,24.61666,BG,50,90209
Reconquista,-29.15,-59.65,AR,21,90184
Huddinge,59.23705,17.98192,SE,26,90182
Pollachi,10.65825,77.0085,IN,25,90180
Daharki,28.05361,69.70249,PK,05,90177
Sishui,35.64889,117.27583,CN,25,90175
Prosperidad,8.58,125.89639,PH,13,90162
El Khroub,36.26333,6.69361,DZ,04,90122
Alabel,6.10179,125.29048,PH,12,90120
Wajir,1.7471,40.05732,KE,54,90116
Marudi,4.18333,114.31667,MY,11,90100
New Plymouth,-39.06667,174.08333,NZ,F9,90100
Kāvali,14.9163,79.99449,IN,02,90099
Edmond,35.65283,-97.4781,US,OK,90092
Wembley,51.55242,-0.29686,GB,ENG,90045
Airdrie,51.30011,-114.03528,CA,01,90044
San Vicente,-35.0249,-58.42409,AR,01,90021
Botoşani,47.75,26.66667,RO,07,90010
Dubai Silicon Oasis,25.11985,55.38718,AE,03,90000
Cela,-11.42173,15.12345,AO,06,90000
Cafunfo,-8.7672,17.99572,AO,17,90000
Quissecula,-11.39223,15.09201,AO,06,90000
Kanata,45.3001,-75.91606,CA,08,90000
Gantang,27.4375,111.97306,CN,11,90000
Roha,18.43687,73.11964,IN,16,90000
Alvand,36.1893,50.0643,IR,38,90000
Chinatown,40.71649,-73.99625,US,NY,90000
Luomen,34.75417,105.02472,CN,15,89998
Fort-de-France,14.60365,-61.07418,MQ,MQ,89995
Ancona,43.60717,13.5103,IT,10,89994
Isieke,6.38186,8.03736,NG,53,89990
Huaidian,33.43333,115.03333,CN,09,89978
Mancherial,18.87074,79.42863,IN,40,89935
Dinga,32.64101,73.72039,PK,04,89922
Kwail-ŭp,38.44611,125.01861,KP,06,89895
Ponte Rasa,-23.51567,-46.49373,BR,27,89881
Mogok,22.91766,96.50982,MM,08,89855
Nampa,43.54072,-116.56346,US,ID,89839
Saphan Sung,13.77002,100.6848,TH,40,89825
Point Pedro,9.81667,80.23333,LK,38,89810
Butajīra,8.11667,38.36667,ET,55,89800
Avignon,43.94834,4.80892,FR,93,89769
Gatchina,59.57639,30.12833,RU,42,89761
Baisha,21.71667,109.68333,CN,16,89759
Grays,51.47566,0.32521,GB,ENG,89755
Msaken,35.72917,10.58082,TN,23,89745
Itapeva,-23.98222,-48.87556,BR,27,89728
Olavarría,-36.89384,-60.32319,AR,01,89721
Masasi,-10.71667,38.8,TZ,11,89700
Lillestrøm,59.95597,11.04918,NO,01,89684
Cáceres,-16.07056,-57.67889,BR,14,89681
Calauan,14.14989,121.3152,PH,40,89670
Avaniyāpuram,9.88179,78.11255,IN,25,89635
Nyaunglebin,17.95363,96.72247,MM,16,89626
Trenton,40.21705,-74.74294,US,NJ,89620
Kōka,34.9802,136.15752,JP,35,89619
Sangyoung,16.80607,96.13355,MM,17,89618
Miaohang,31.32466,121.43953,CN,23,89615
Maitland,-32.73308,151.5574,AU,02,89597
Sandy Hills,40.58106,-111.85077,US,UT,89575
Aricanduva,-23.57381,-46.51561,BR,27,89574
Murādnagar,28.78069,77.49865,IN,36,89482
Tuggeranong,-35.41647,149.06954,AU,01,89461
Ankleshwar,21.63236,72.99001,IN,09,89457
Circoiscrizione VII,45.07824,7.69718,IT,12,89448
Fujin,47.24723,132.02957,CN,08,89442
Kadiri,14.11168,78.15982,IN,02,89429
Granada,11.93062,-85.95368,NI,06,89409
Níkaia,37.96667,23.65,GR,ESYE31,89380
Tân Bình,10.8025,106.66,VN,79,89373
Katwa,0.08928,29.30858,CD,11,89352
Mulongo,-7.83486,26.99852,CD,15,89340
Marseille 13,43.31856,5.40836,FR,93,89316
Lankaran,38.75428,48.85062,AZ,29,89300
Huaicheng,23.91952,112.17629,CN,30,89294
Shahdol,23.29356,81.3619,IN,35,89289
Shrirampur,19.62201,74.65699,IN,16,89282
Kwangyang,34.97528,127.58917,KR,16,89281
Alīgūdarz,33.404,49.69179,IR,23,89268
Ŭndŏk,42.51878,130.33479,KP,17,89244
Houmt Souk,33.87576,10.85745,TN,28,89228
Miragoâne,18.44599,-73.08957,HT,15,89202
Gießen,50.58727,8.67554,DE,05,89179
Polangui,13.2923,123.4855,PH,05,89176
Hongseong,36.6009,126.665,KR,17,89174
Mahobā,25.2905,79.87533,IN,36,89170
Guidonia Montecelio,41.99362,12.72238,IT,07,89165
Micheng,25.34294,100.48725,CN,29,89144
Lorena,-22.73083,-45.12472,BR,27,89125
Mudon,16.25624,97.7246,MM,13,89123
Lucheng,31.23357,117.28057,CN,01,89119
Hede,33.7722,120.26176,CN,04,89107
Kūhdasht,33.53335,47.60999,IR,23,89091
Chengxiang,31.39798,109.57063,CN,33,89080
Cruzeiro do Sul,-7.62759,-72.67756,BR,01,89072
Biyalā,31.17419,31.2218,EG,21,89068
Harrogate,53.99078,-1.5373,GB,ENG,89060
Banjar,-8.19,114.9675,ID,02,89040
Bibir Hat,22.68347,91.79058,BD,84,89030
Sambava,-14.26667,50.16667,MG,72,89003
Biryulëvo Zapadnoye,55.58726,37.64579,RU,48,89000
Kholodna Hora,50.0042,36.1762,UA,07,89000
Nusaybin,37.07028,41.21465,TR,72,88977
Cicurug,-6.78139,106.7825,ID,30,88965
Nandajie,29.33773,105.89237,CN,33,88948
Lengshuitan,26.4111,111.59559,CN,11,88935
Kartasura,-7.55194,110.73778,ID,07,88927
Calabanga,13.7068,123.2087,PH,05,88918
Shwebo,22.56925,95.69818,MM,10,88914
Iga,34.75797,136.13468,JP,23,88895
Sao Domingos,-23.49337,-46.74761,BR,27,88884
Talavera de la Reina,39.96348,-4.83076,ES,54,88856
Hartlepool,54.68554,-1.21028,GB,ENG,88855
Ereğli,41.28261,31.41806,TR,85,88848
Fusagasugá,4.33646,-74.36378,CO,33,88820
Mangaldan,16.07,120.4025,PH,01,88818
Newton,42.33704,-71.20922,US,MA,88817
Nuneaton,52.52323,-1.46523,GB,ENG,88813
Toms River,39.95373,-74.19792,US,NJ,88791
Rāmgarh,23.6303,85.52156,IN,38,88781
Habiganj,24.38044,91.41299,BD,86,88760
Wangqing,43.31077,129.76334,CN,05,88732
Budapest II. kerület,47.51984,19.02218,HU,05,88729
Rafaela,-31.25285,-61.49078,AR,21,88713
Carmel,39.97837,-86.11804,US,IN,88713
Xiazhuang,36.44917,119.83556,CN,25,88710
Contai,21.77985,87.74892,IN,28,88702
Khan Na Yao,13.82557,100.67735,TH,40,88678
Hanau am Main,50.13423,8.91418,DE,05,88648
Montero,-17.33874,-63.25093,BO,08,88616
Sangrūr,30.24506,75.84488,IN,23,88615
Chosica,-11.94306,-76.70944,PE,15,88606
Val Dor,5.25198,100.49046,MY,09,88600
Campo di Marte,43.77693,11.27707,IT,16,88588
Alaghsas,17.0187,8.0168,NE,01,88561
Thul,28.2403,68.7755,PK,05,88554
Centro,28.1272,-15.4314,ES,53,88546
Gengqing,31.81668,98.5806,CN,32,88542
Pardubice,50.04075,15.77659,CZ,86,88520
Linjiacun,35.99389,119.65028,CN,25,88509
Zhoujiaba,30.84349,108.36642,CN,33,88494
Barra do Corda,-5.50556,-45.24333,BR,13,88492
Norwalk,41.1176,-73.4079,US,CT,88485
Waukegan,42.36363,-87.84479,US,IL,88475
Deltona,28.90054,-81.26367,US,FL,88474
Takayama,36.13333,137.25,JP,09,88473
Berisso,-34.8715,-57.88328,AR,01,88470
La Haute-Saint-Charles,46.89028,-71.37222,CA,10,88460
Honghe,36.40278,118.91806,CN,25,88458
Hawthorne,33.9164,-118.35257,US,CA,88451
Montepuez,-13.12556,38.99972,MZ,01,88442
Nirmal,19.09685,78.34407,IN,40,88433
Fūlād Shahr,32.48664,51.39673,IR,28,88426
Al Bahah,20.01288,41.46767,SA,02,88419
Fukuroi,34.75,137.91667,JP,37,88395
Bhimdatta,28.96399,80.17715,NP,7,88381
Klangenan,-6.70944,108.44,ID,30,88378
El Puerto de Santa María,36.59389,-6.23298,ES,51,88364
Mobara,35.42583,140.29608,JP,04,88330
Ben Arous,36.75452,10.22167,TN,27,88322
Quixadá,-4.97139,-39.01528,BR,06,88321
Ciénaga,11.00703,-74.24765,CO,38,88311
Le Kram,36.83578,10.31641,TN,36,88302
Hastings,-39.6381,176.84918,NZ,F2,88300
Heroica Ciudad de Juchitán de Zaragoza,16.43375,-95.02181,MX,20,88280
Ifo,6.81491,3.19518,NG,16,88272
Baixi,28.6997,104.54917,CN,32,88251
Fort Smith,35.38592,-94.39855,US,AR,88194
Deoband,29.69505,77.67964,IN,36,88171
North Vancouver,49.31636,-123.06934,CA,02,88168
Suffolk,36.72836,-76.58496,US,VA,88161
Sugar Land,29.61968,-95.63495,US,TX,88156
Livermore,37.68187,-121.76801,US,CA,88126
Lidu,29.73861,107.29477,CN,33,88124
Kozan,37.45517,35.81573,TR,81,88115
Neyyāttinkara,8.39854,77.08586,IN,13,88104
Tāndā,26.54953,82.65841,IN,36,88073
Bais,9.59111,123.12278,PH,07,88050
Mogoditshane,-24.62694,25.86556,BW,06,88004
Nowshera Kalan,34.0191,71.97445,PK,03,88003
Taikkyi,17.31439,95.96293,MM,17,88000
Sarov,54.94802,43.31521,RU,51,88000
Arayat,15.1505,120.7697,PH,03,87987
Nashua,42.76537,-71.46757,US,NH,87970
Yuzhou,34.15474,113.46811,CN,09,87961
Qorveh,35.1664,47.80564,IR,16,87953
Samannūd,30.9616,31.24069,EG,05,87921
Yingge,24.95608,121.3507,TW,03,87920
Wakiso,0.40444,32.45944,UG,C,87900
Idiofa,-4.96589,19.59151,CD,20,87882
Gusong,28.3133,105.2377,CN,32,87882
Kolar,23.16478,77.41893,IN,35,87882
Yozgat,39.82,34.80444,TR,66,87881
Al-Tabqa,35.83758,38.54828,SY,04,87880
Reading,40.33565,-75.92687,US,PA,87879
Jhumri Telaiya,24.4349,85.52951,IN,38,87867
Amsterdam-Zuidoost,52.3075,4.97222,NL,07,87854
Redditch,52.3065,-1.94569,GB,ENG,87847
Surigao,9.789,125.495,PH,13,87832
Perus,-23.40472,-46.75472,BR,27,87823
Balkanabat,39.51075,54.36713,TM,02,87822
Yeysk,46.69263,38.27907,RU,38,87814
Tagaytay,14.09532,120.93355,PH,40,87811
Ŏrang,41.44778,129.65556,KP,17,87757
Arecibo,18.47245,-66.71573,PR,013,87754
Hanchuan,30.65,113.76667,CN,12,87737
Aruppukkottai,9.5096,78.09588,IN,25,87722
Takasago,34.76298,134.79229,JP,13,87722
Maumere,-8.6199,122.2111,ID,18,87720
Buzuluk,52.77825,52.25854,RU,55,87714
Dapitan,8.6561,123.4227,PH,09,87699
Concord,35.40888,-80.58158,US,NC,87696
Farīdkot,30.67399,74.75579,IN,23,87695
Tiefu,34.53333,118.03333,CN,04,87689
Maco,7.36194,125.85528,PH,11,87680
San Antonio,-33.59473,-71.60746,CL,01,87675
Velbert,51.33537,7.04348,DE,07,87669
Kadugli,11.01111,29.71833,SD,50,87666
Qiongshan,20.00864,110.35384,CN,31,87657
Madgaon,15.27501,73.95786,IN,33,87650
Gitarama,-2.07444,29.75667,RW,15,87613
Ludwigsburg,48.89731,9.19161,DE,01,87603
Deqing,30.54485,119.9599,CN,02,87576
Gurupi,-11.72917,-49.06861,BR,31,87545
Indio,33.7207,-116.21677,US,CA,87533
Rio Rancho,35.23338,-106.66447,US,NM,87521
Enchanted Hills,35.33676,-106.59296,US,NM,87521
Taroudant,30.47028,-8.87695,MA,09,87520
Shevchenkivskyi,48.56346,39.33216,UA,14,87516
Junín,-34.59391,-60.94644,AR,01,87509
Santa Fe,35.68698,-105.9378,US,NM,87505
Sandy,40.59161,-111.8841,US,UT,87461
Xujiang,26.83945,116.32011,CN,03,87459
Settsu,34.77819,135.59512,JP,32,87456
Wonosari,-7.96556,110.60361,ID,10,87454
Patnos,39.22493,42.85693,TR,04,87451
Whittier,33.97918,-118.03284,US,CA,87438
Velampālaiyam,11.13764,77.31064,IN,25,87427
Thượng Cát,21.09342,105.73188,VN,01,87406
Ben Gardane,33.13783,11.21965,TN,28,87404
Bantayan,11.1683,123.7223,PH,07,87394
Midrand,-25.976,28.118,ZA,06,87387
Maghnia,34.84969,-1.72753,DZ,15,87373
Canarsie,40.64372,-73.90069,US,NY,87366
Jamūī,24.92606,86.22531,IN,34,87357
Qaraçuxur,40.39667,49.97361,AZ,09,87349
Maladziečna,54.3167,26.854,BY,05,87339
Bishan New Town,1.3504,103.84875,SG,00,87320
Glyfáda,37.86289,23.75802,GR,ESYE31,87305
Lisovyi Masyv,50.4725,30.63113,UA,12,87300
Igede-Ekiti,7.6685,5.12627,NG,54,87282
Kirkland,47.68149,-122.20874,US,WA,87281
Ende,-8.8432,121.6623,ID,18,87269
Mishan,45.55,131.88333,CN,08,87257
Lund,55.70584,13.19321,SE,27,87244
Nenjiang,49.17405,125.21967,CN,08,87236
Sefrou,33.83186,-4.828,MA,03,87234
Anjār,23.11316,70.02671,IN,09,87183
Menifee,33.72835,-117.14642,US,CA,87174
Cornellà de Llobregat,41.35,2.08333,ES,56,87173
Fulham,51.48026,-0.1993,GB,ENG,87161
Londonderry County Borough,54.99721,-7.30917,GB,NIR,87153
Paralakhemundi,18.77619,84.09504,IN,21,87152
Houndé,11.5,-3.51667,BF,09,87151
Brindisi,40.63215,17.93607,IT,13,87141
Newport Beach,33.61891,-117.92895,US,CA,87127
Tracy,37.73987,-121.42618,US,CA,87075
Ad Douiem,14.0012,32.3116,SD,41,87068
Citrus Heights,38.70712,-121.28106,US,CA,87056
Norton,-17.88333,30.7,ZW,05,87039
Bend,44.05817,-121.31531,US,OR,87014
Lerik,38.77388,48.41497,AZ,31,87000
Gubkin,51.28375,37.5351,RU,09,87000
Vavoua,7.38194,-6.47778,CI,96,86977
Brigittenau,48.24275,16.37551,AT,09,86967
Effium,6.63105,8.05814,NG,53,86945
Jharia,23.74079,86.41456,IN,38,86938
Hacienda Santa Fe,20.51806,-103.38056,MX,14,86935
Kongolo,-5.38532,27.00029,CD,29,86932
Ban Mai,7.20411,100.54508,TH,68,86899
Sơn Trà,16.06068,108.23256,VN,48,86890
Menglang,22.56214,99.91029,CN,29,86877
San Ramón de la Nueva Orán,-23.13705,-64.32426,AR,17,86867
Ad Dawādimī,24.50772,44.39237,SA,10,86861
Campana,-34.16327,-58.95919,AR,01,86860
Montréal-Nord,45.6016,-73.63063,CA,10,86857
Louis Trichardt,-23.04385,29.90319,ZA,09,86854
Kāraikāl,10.91667,79.83333,IN,22,86838
Canton,42.30865,-83.48216,US,MI,86825
Caguas,18.23412,-66.0485,PR,025,86804
Kāmthi,21.21615,79.1973,IN,16,86793
Lehigh Acres,26.62535,-81.6248,US,FL,86784
Hānsi,29.10239,75.96253,IN,10,86770
Greenburgh,41.03287,-73.84291,US,NY,86764
Kasoa,5.53449,-0.41679,GH,04,86753
Shizilu,35.17111,118.82889,CN,25,86749
Asnières-sur-Seine,48.91667,2.28333,FR,11,86742
Batticaloa,7.7102,81.6924,LK,37,86742
Nanterre,48.89198,2.20675,FR,11,86719
Gbawe,5.57692,-0.31038,GH,01,86718
Tumaco,1.79112,-78.79275,CO,20,86713
Chaykovskiy,56.76323,54.11256,RU,90,86712
Rat Burana,13.68163,100.5059,TH,40,86695
Atlixco,18.90815,-98.43613,MX,21,86690
Brno střed,49.19343,16.60712,CZ,78,86685
Ixelles,50.83333,4.36667,BE,BRU,86671
Mayiladuthurai,11.10354,79.655,IN,25,86660
Podilskyi,48.50357,32.28035,UA,10,86652
Jiangshan,36.67806,120.52917,CN,25,86642
Hualpén,-36.78908,-73.10165,CL,06,86639
Paraiso,18.40116,-93.21406,MX,27,86632
Vĩnh Tuy,21.0,105.88333,VN,01,86618
Gotemba,35.31859,138.94343,JP,37,86614
Abū an Numrus,29.95,31.2,EG,08,86601
Bojonegoro,-7.1502,111.8817,ID,08,86568
Zhaogezhuang,39.76538,118.41191,CN,10,86555
Toledo,39.8581,-4.02263,ES,54,86526
Al Farwānīyah,29.2775,47.95861,KW,07,86525
Anakapalle,17.69134,83.00395,IN,02,86519
Victorias,10.90154,123.0705,PH,06,86510
Hamakita,34.8,137.78333,JP,37,86502
Tulcán,0.8124,-77.71709,EC,05,86498
Idanre,7.1127,5.1159,NG,48,86468
Apartadó,7.88299,-76.62587,CO,02,86438
Bloomington,44.8408,-93.29828,US,MN,86435
West Town,41.89381,-87.67493,US,IL,86429
Amsterdam-Centrum,52.37406,4.89938,NL,07,86422
Anlong,25.1,105.51667,CN,18,86416
Tagbilaran City,9.65556,123.85219,PH,07,86411
Puli,23.96639,120.96952,TW,04,86406
Navegantes,-26.89889,-48.65417,BR,26,86401
Germantown,39.17316,-77.27165,US,MD,86395
Kitanagoya,35.24702,136.87832,JP,01,86385
Le Sud-Ouest,45.47187,-73.58986,CA,10,86347
Gyōda,36.14074,139.46011,JP,34,86343
Clifton,40.85843,-74.16376,US,NJ,86334
Nitra,48.30763,18.08453,SK,04,86329
Miaoli,24.56427,120.82367,TW,04,86327
Qamdo,31.1304,97.17982,CN,14,86280
Cái Răng,10.0009,105.75095,VN,92,86278
Kampung Manjoi,4.6192,101.0685,MY,07,86266
Dunkirk,51.0344,2.37681,FR,32,86263
Bangkalan,-7.0455,112.7351,ID,08,86250
Chigorodó,7.66638,-76.68106,CO,02,86239
Kasihan,-7.82694,110.32917,ID,10,86234
Viacha,-16.65,-68.3,BO,04,86218
Maduravoyal,13.0675,80.1632,IN,25,86195
Ibshawāy,29.35896,30.68061,EG,04,86186
Kashiwazaki,37.36667,138.55,JP,29,86183
Lyon 08,45.73626,4.86866,FR,84,86154
Sārni,22.10317,78.17159,IN,35,86141
Grimsby,53.56539,-0.07553,GB,ENG,86138
Nanfeng,23.72695,111.79723,CN,30,86129
Ama,35.18307,136.7997,JP,01,86126
Cannock,52.69045,-2.03085,GB,ENG,86121
Duluth,46.78327,-92.10658,US,MN,86110
Moncton,46.09454,-64.7965,CA,04,86106
Rutoma,-0.56667,30.38333,UG,W,86100
Champaign,40.11642,-88.24338,US,IL,86096
Volos,39.36923,22.94769,GR,ESYE14,86048
Samch’ŏn,38.35944,125.32586,KP,06,86042
Gbarnga,6.99543,-9.47122,LR,01,86031
Potiskum,11.71391,11.08108,NG,44,86002
Ar Rumaylah,25.40338,55.4334,AE,02,86000
Tajrīsh,35.8044,51.4256,IR,26,86000
Lianozovo,55.89783,37.5868,RU,48,86000
Babushkin,55.86931,37.72966,RU,48,86000
Novi Pazar,43.13667,20.51222,RS,SE,85996
Melilla,35.29369,-2.93833,ES,ML,85985
Poitiers,46.58261,0.34348,FR,75,85960
Dausa,26.89,76.33584,IN,24,85960
Kepong,3.21398,101.64018,MY,14,85960
Keffi,8.84651,7.87354,NG,56,85911
Coari,-4.085,-63.14139,BR,04,85910
Galway,53.27245,-9.05095,IE,C,85910
Usol’ye-Sibirskoye,52.75194,103.64528,RU,20,85900
Bukit Timah,1.328,103.791,SG,00,85900
Cacoal,-11.43861,-61.44722,BR,24,85893
Lichterfelde,52.4333,13.30762,DE,16,85885
Panevėžys,55.73186,24.35983,LT,60,85885
Zhonggulou,30.82491,108.38413,CN,33,85873
Parādīp Garh,20.31641,86.6085,IN,21,85868
Heidelberg,-26.50476,28.35921,ZA,06,85858
Makoko,6.49611,3.38778,NG,05,85840
Flensburg,54.78805,9.43722,DE,10,85838
Longnan,33.39791,104.91703,CN,15,85826
Peterborough,44.30012,-78.31623,CA,08,85807
Agua Rasa,-23.56684,-46.57188,BR,27,85788
Ryūgasaki,35.9,140.18333,JP,14,85761
Treviso,45.66673,12.2416,IT,20,85760
Helong,42.53974,128.99722,CN,05,85756
Near North Side,41.90003,-87.6345,US,IL,85711
Tecomán,18.91614,-103.87713,MX,08,85689
Peñaflor,-33.60627,-70.87649,CL,12,85671
Obruchevo,55.6591,37.52291,RU,48,85616
Adwa,14.16347,38.89924,ET,53,85600
Esmeraldas,-19.7625,-44.31389,BR,15,85598
Chino,34.01223,-117.68894,US,CA,85595
Arauca,7.08471,-70.75908,CO,03,85585
El Bayadh,33.68318,1.01927,DZ,42,85577
Mukachevo,48.44248,22.718,UA,25,85569
Krasnaya Glinka,53.7383,52.9392,RU,55,85566
Redenção,-8.02861,-50.03139,BR,16,85563
Yokote,39.31691,140.55034,JP,02,85555
Alhambra,34.09529,-118.12701,US,CA,85551
Svetlanovskiy,60.00276,30.33051,RU,42,85508
Bangil,-7.59939,112.8186,ID,08,85504
Định Công,20.98389,105.82694,VN,01,85502
Nanding,36.74833,118.05583,CN,25,85495
Birni N Konni,13.79599,5.25026,NE,06,85494
Moriyama,35.06667,135.98333,JP,35,85485
Ogden,41.223,-111.97383,US,UT,85444
Sóc Sơn,21.25782,105.84894,VN,01,85431
Lakang,24.66051,97.18923,MM,04,85423
Versailles,48.80359,2.13424,FR,11,85416
Guozhen,34.36591,107.35904,CN,26,85415
Voznesenskyi,47.93161,37.62971,UA,05,85399
Sandnes,58.85244,5.73521,NO,14,85386
Khalifah A City,24.42588,54.605,AE,01,85374
Tārūt,26.5733,50.04028,SA,06,85371
Los Reyes Acaquilpan,19.36357,-98.97707,MX,15,85359
Maun,-19.98333,23.41667,BW,11,85350
Santo Amaro,-23.64542,-46.70394,BR,27,85349
Torre del Greco,40.78931,14.36806,IT,04,85332
Al Marj,32.49257,20.82909,LY,66,85315
Lido di Ostia,41.73212,12.27654,IT,07,85301
Redwood City,37.48522,-122.23635,US,CA,85288
Sekimachi,35.48333,136.91667,JP,09,85283
Dengzhou,37.80822,120.75908,CN,25,85279
Wedding,52.54734,13.35594,DE,16,85275
Mehestan,35.98907,50.74512,IR,44,85200
Yegor’yevsk,55.37952,39.04122,RU,47,85200
Goiana,-7.56056,-35.0025,BR,30,85160
Courbevoie,48.89672,2.25666,FR,11,85158
Bellingham,48.75955,-122.48822,US,WA,85146
Qufu,35.59667,116.99111,CN,25,85144
Essaouira,31.5125,-9.77,MA,07,85137
Makeni,8.88605,-12.04417,SL,02,85116
Iwamizawa,43.20028,141.75972,JP,12,85107
Hingoli,19.71464,77.14238,IN,16,85103
Gia Nghĩa,12.00423,107.69074,VN,68,85082
Muñoz,15.71611,120.90306,PH,03,85061
Monte Chingolo,-34.7296,-58.35421,AR,01,85060
O'Fallon,38.81061,-90.69985,US,MO,85040
Puerto Maldonado,-12.58946,-69.19948,PE,17,85024
Santa Inês,-3.66667,-45.38,BR,13,85014
Mohammed Bin Zayed City,24.34794,54.55368,AE,01,85000
Sintang,0.06667,111.5,ID,11,85000
Rukban,33.31405,38.70342,JO,15,85000
Damansara Damai,3.19893,101.59184,MY,12,85000
Vwawa,-9.10806,32.93472,TZ,32,85000
Repentigny,45.74222,-73.45008,CA,10,84965
Gonaïves,19.44755,-72.68928,HT,06,84961
Unaí,-16.3575,-46.90611,BR,15,84930
Guanambi,-14.22333,-42.78139,BR,05,84928
Sathon,13.7085,100.52619,TH,40,84916
Bāruni,25.47509,85.96813,IN,34,84888
Hoover,33.40539,-86.81138,US,AL,84848
Créteil,48.79266,2.46569,FR,11,84833
Jeypore,18.8563,82.5716,IN,21,84830
Como,45.80819,9.0832,IT,09,84808
Ílion,38.03333,23.7,GR,ESYE31,84793
Madaripur,23.17097,90.20935,BD,81,84789
Ciudad Mante,22.74277,-98.97172,MX,28,84787
Konotop,51.23251,33.2004,UA,21,84787
Ijuí,-28.38778,-53.91472,BR,23,84780
Pato Branco,-26.22861,-52.67056,BR,18,84779
Rivera,-30.90534,-55.55076,UY,13,84775
Komae,35.63424,139.57546,JP,40,84772
Laojunmiao,39.83333,97.73333,CN,15,84769
Cottbus,51.75769,14.32888,DE,11,84754
Túxpam de Rodríguez Cano,20.95777,-97.40805,MX,30,84750
Seropédica,-22.74389,-43.7075,BR,21,84737
Chiguayante,-36.9256,-73.02841,CL,06,84718
Epe,6.58412,3.98336,NG,05,84711
El Ejido,36.77629,-2.81456,ES,51,84710
Nakatsu,33.59811,131.1883,JP,30,84701
Al-Manākh,31.26786,32.28464,EG,19,84679
Melbourne,28.08363,-80.60811,US,FL,84678
Gamboru,12.37299,14.2069,NG,27,84672
Dien Bien Phu,21.38602,103.02301,VN,11,84672
Tlaxcala,19.31777,-98.23846,MX,29,84670
Hawr al ‘Anz,25.27744,55.33675,AE,03,84661
Akhisar,38.91852,27.84006,TR,45,84659
Danbury,41.39482,-73.45401,US,CT,84657
Sumenep,-7.01152,113.86042,ID,08,84656
Ushiku,35.96667,140.13333,JP,14,84651
Katunayaka,7.16992,79.88837,LK,36,84643
Yeongju,36.82167,128.63083,KR,14,84625
Dacheng,19.50927,109.39275,CN,31,84620
Mianyang,33.15703,106.69445,CN,26,84606
Bijnor,29.373,78.13636,IN,36,84593
Tanjay,9.5162,123.158,PH,07,84593
St Albans,51.75,-0.33333,GB,ENG,84561
Fnidek,35.84906,-5.35747,MA,01,84558
Dhoraji,21.73359,70.45004,IN,09,84545
East Norwalk,41.10565,-73.39845,US,CT,84530
Gununo,6.92471,37.65263,ET,56,84510
Āreka,7.06667,37.7,ET,56,84500
Edinburg,26.30174,-98.16334,US,TX,84497
Vīrappanchathiram,11.35314,77.71253,IN,25,84453
Sunrise,26.13397,-80.1131,US,FL,84439
Salina Cruz,16.17535,-95.19424,MX,20,84438
Dundee,-28.16678,30.23371,ZA,02,84413
Carrao,-23.55108,-46.53829,BR,27,84397
Wilhelmshaven,53.5476,8.10395,DE,06,84393
Qūş,25.91544,32.76287,EG,23,84386
Nowy Sącz,49.62177,20.69705,PL,77,84376
Ogaminana,7.59383,6.21798,NG,41,84373
Akçapınar,38.94728,38.9423,TR,62,84366
Kasserine,35.16758,8.83651,TN,02,84365
Chita,35.00267,136.8642,JP,01,84364
Karakol,42.49047,78.39197,KG,07,84351
Piet Retief,-27.00706,30.81323,ZA,07,84349
Mackay,-21.15345,149.16554,AU,04,84333
Dazhong,33.19973,120.4578,CN,04,84323
Ettadhamen,36.83246,10.10995,TN,38,84312
Suceava,47.63333,26.25,RO,34,84308
Heróica Zitácuaro,19.43657,-100.35639,MX,16,84307
Liaolan,36.67444,119.87528,CN,25,84306
Bālāghāt,21.8156,80.18845,IN,35,84261
Trinidad,-14.83223,-64.90335,BO,03,84259
Phuthaditjhaba,-28.52423,28.81582,ZA,03,84258
Çerkezköy,41.28629,27.99939,TR,59,84234
Jinxiang,27.43265,120.60625,CN,02,84231
Yurga,55.72306,84.88611,RU,29,84220
Timbuktu,16.77348,-3.00742,ML,08,84208
Voskresenka,50.48481,30.6032,UA,12,84200
Hellersdorf,52.53319,13.6088,DE,16,84103
Dongxia,36.74918,118.58268,CN,25,84083
Saint-Pierre,-21.3393,55.47811,RE,RE,84077
Techiman,7.59054,-1.93947,GH,14,84074
Bloomington,39.16533,-86.52639,US,IN,84067
Komendantsky aerodrom,60.00448,30.27523,RU,66,84052
Belo Jardim,-8.33556,-36.42417,BR,30,84033
Kampung Sungai Kajang,3.4161,101.173,MY,12,84031
Feni,23.0144,91.3966,BD,84,84028
Udhampur,32.92431,75.13573,IN,12,84015
Wanju,35.84509,127.14752,KR,03,84009
Najībābād,29.61194,78.34274,IN,36,84006
Wako,35.78944,139.62333,JP,34,83989
Binonga,10.7719,122.9817,PH,06,83980
Reinickendorf,52.56395,13.33552,DE,16,83972
Degan,29.27846,106.23157,CN,33,83950
Xiannü,32.42806,119.56048,CN,04,83936
Bāghestān,35.64706,51.13378,IR,26,83934
Ayase,35.43515,139.4256,JP,19,83913
Idaiyarpālaiyam,11.03937,76.92369,IN,25,83908
Higashiyamato,35.76298,139.44575,JP,40,83901
Cicero,41.84559,-87.75394,US,IL,83886
Darhan,49.48667,105.92278,MN,23,83883
Paris 10 Entrepôt,48.8709,2.3561,FR,11,83873
Yinma,36.66083,119.4625,CN,25,83872
Hemet,33.74761,-116.97307,US,CA,83861
Chiclana de la Frontera,36.41976,-6.14367,ES,51,83831
Cianorte,-23.66333,-52.605,BR,18,83816
Pinheiro,-2.52139,-45.0825,BR,13,83777
Ocotlán,20.35116,-102.76832,MX,14,83769
Fredrikstad,59.2181,10.9298,NO,13,83761
Sliven,42.68607,26.32558,BG,56,83740
Jardim Paulista,-23.56675,-46.66439,BR,27,83667
South Shields,54.99859,-1.4323,GB,ENG,83655
Derry,54.9981,-7.30934,GB,NIR,83652
Hilversum,52.22333,5.17639,NL,07,83640
Lingdong,46.55428,131.14493,CN,08,83636
Nanzhang Chengguanzhen,31.78394,111.82752,CN,12,83604
Hamma Bouziane,36.41205,6.59603,DZ,04,83603
Al Qanāţir al Khayrīyah,30.19327,31.13703,EG,12,83568
San Pedro,33.73585,-118.29229,US,CA,83556
Đông Ngạc,21.08063,105.77397,VN,01,83544
Ahwatukee Foothills,33.34171,-111.98403,US,AZ,83464
Paris 10e Arrondissement,48.87668,2.35904,FR,11,83459
Kisilevsk,53.99623,86.64847,RU,29,83431
Busto Arsizio,45.61128,8.84914,IT,09,83405
Şabrātah,32.79335,12.48845,LY,68,83398
Yangp'yŏng,37.48972,127.49056,KR,13,83367
João Monlevade,-19.81,-43.17361,BR,15,83360
Ungsang,35.40611,129.16861,KR,20,83360
Kafr az Zayyāt,30.8248,30.81805,EG,05,83348
Johns Creek,34.02893,-84.19858,US,GA,83335
La Piedad de Cabadas,20.34107,-102.02251,MX,16,83323
Mission,26.21591,-98.32529,US,TX,83298
Yamatokōriyama,34.60658,135.77033,JP,28,83285
Troy,42.60559,-83.14993,US,MI,83280
São Bento do Sul,-26.25028,-49.37861,BR,26,83277
Marilao,14.75778,120.94833,PH,03,83276
Buena Park,33.86751,-117.99812,US,CA,83270
Xucheng,20.33025,110.16643,CN,30,83267
Ihiala,5.85475,6.85944,NG,25,83265
Harihar,14.51288,75.80716,IN,19,83219
Chilla Soroda Bāngar,28.59572,77.30189,IN,07,83217
Kapiri Mposhi,-13.97147,28.66985,ZM,02,83211
Carpina,-7.85083,-35.25472,BR,30,83205
Fort Abbas,29.19344,72.85525,PK,04,83192
Sirsilla,18.38865,78.81048,IN,40,83186
Moju,-1.88389,-48.76889,BR,16,83182
Ceuta,35.88919,-5.32042,ES,CE,83179
Sinwŏn-ŭp,38.23532,125.76244,KP,06,83161
Pori,61.48072,21.78518,FI,04,83157
Owariasahi,35.208,137.03,JP,01,83144
Margahayukencana,-6.97083,107.5675,ID,30,83119
Wensu,41.27548,80.23612,CN,13,83110
Al Khārjah,25.45101,30.54653,EG,13,83108
Al-Khārijah,25.25,30.55,EG,13,83108
Bulacan,14.79278,120.87889,PH,03,83101
San José de Guanipa,8.88724,-64.16512,VE,02,83092
Picos,-7.07694,-41.46694,BR,20,83090
Amakusa,32.45861,130.19306,JP,21,83082
Echizen,35.88571,136.17073,JP,06,83078
Kimitsu,35.35043,139.87029,JP,04,83058
Galesong,-5.3166,119.3661,ID,38,83050
Bambari,5.76795,20.67565,CF,11,83029
Mar del Tuyú,-36.57429,-56.6939,AR,01,83016
Hecun,36.53333,114.11111,CN,10,83009
San Fernando,16.61591,120.31663,PH,01,83003
Kamigyō-ku,35.02954,135.75666,JP,22,83000
Mid-City,34.04126,-118.36058,US,CA,83000
Ḩawsh ‘Īsá,30.9128,30.29019,EG,03,82999
Ningyang,35.76417,116.79139,CN,25,82994
Bingerville,5.35581,-3.88537,CI,93,82983
Lodwar,3.11988,35.59642,KE,51,82970
Karauli,26.49831,77.02755,IN,24,82960
Mānsa,29.98844,75.40167,IN,23,82956
Uccle,50.80225,4.33943,BE,BRU,82929
Prešov,48.99923,21.2355,SK,05,82927
David,8.42729,-82.43085,PA,02,82907
Jinshi,29.60487,111.87012,CN,11,82906
Weston-super-Mare,51.34603,-2.97665,GB,ENG,82903
Palm Coast,29.58497,-81.20784,US,FL,82893
Yuanping,38.71528,112.7575,CN,24,82883
Minden,52.28953,8.91455,DE,07,82879
Charlesbourg,46.899,-71.305,CA,10,82870
Montego Bay,18.47116,-77.91883,JM,12,82867
Kraljevo,43.72583,20.68944,RS,SE,82846
Norderstedt,53.70177,9.99328,DE,10,82844
Fayetteville,36.06258,-94.15743,US,AR,82830
Sioux City,42.49999,-96.40031,US,IA,82821
Yacuiba,-22.01643,-63.67753,BO,09,82803
Pontevedra,42.431,-8.64435,ES,58,82802
Muhanga,-2.02269,29.70691,RW,15,82797
Shīrvān,37.39669,57.92952,IR,43,82790
Marj Al Hamam,31.90274,35.84645,JO,16,82788
Sobradinho II,-15.63361,-47.83478,BR,07,82785
Ochota,52.22096,20.98526,PL,78,82774
Havířov,49.77984,18.43688,CZ,85,82768
La Villa del Rosario,10.3258,-72.31343,VE,23,82766
Shikokuchūō,33.9754,133.54895,JP,05,82754
Atlantis,-33.56668,18.48335,ZA,11,82736
Aoxi,27.42589,115.83643,CN,03,82717
Liping,26.23111,109.13139,CN,18,82710
Pau,43.31117,-0.35583,FR,75,82697
Rutshuru,-1.18666,29.44669,CD,11,82680
Kelo,9.30859,15.80658,TD,14,82677
An Hải,16.06667,108.23333,VN,48,82635
Sidi Kacem,34.22149,-5.70775,MA,04,82632
Algorta,43.34927,-3.0094,ES,59,82624
Halifax,53.71667,-1.85,GB,ENG,82624
Torrevieja,37.97872,-0.68222,ES,60,82599
Changqing,36.5575,116.72722,CN,25,82598
Jacobina,-11.18143,-40.51372,BR,05,82590
Malapatan,5.96917,125.28944,PH,12,82577
Lyon 07,45.74525,4.84197,FR,84,82573
Cruzeiro,-22.57316,-44.97108,BR,27,82571
Dali Old Town,25.68863,100.15894,CN,29,82566
Sinhyeon,34.8825,128.62667,KR,20,82560
Xindian,36.7975,118.29444,CN,25,82555
San Martín,-33.08338,-68.47312,AR,13,82549
Saint-Hubert,45.50008,-73.41583,CA,10,82548
Jangipur,24.47001,88.07659,IN,28,82548
Ecunna,-12.67889,15.50556,AO,08,82541
Muş,38.73163,41.48482,TR,49,82536
Douar Hicher,36.82657,10.08974,TN,39,82532
Anzhero-Sudzhensk,56.07568,86.02434,RU,29,82526
Yima,34.73806,111.88389,CN,09,82509
Sahand,37.95104,46.1103,IR,33,82494
Lake Forest,33.64697,-117.68922,US,CA,82492
Arcoverde,-8.41889,-37.05389,BR,30,82487
Pernik,42.59671,23.03318,BG,49,82467
Qiaoguan,36.56444,118.88389,CN,25,82467
Manono,-7.29862,27.39894,CD,29,82465
Merced,37.30216,-120.48297,US,CA,82436
Minyat an Naşr,31.12624,31.64313,EG,01,82429
Sant Boi de Llobregat,41.34357,2.03659,ES,56,82428
Pozuelo de Alarcón,40.43293,-3.81338,ES,29,82428
Bagamoyo,-6.44222,38.90422,TZ,02,82426
Cukai,4.25,103.41667,MY,13,82425
Parit Sulung,1.976,102.8835,MY,01,82399
Nangong,37.35464,115.38881,CN,10,82386
Mbalmayo,3.51667,11.5,CM,11,82384
Sabaneta,6.15153,-75.61657,CO,02,82375
Limão,-23.49283,-46.66916,BR,27,82373
Troitsk,54.09224,61.56756,RU,13,82338
Mādabā,31.71599,35.79392,JO,23,82335
Maţāy,28.41866,30.77861,EG,10,82328
Hengelo,52.26583,6.79306,NL,15,82311
Reef Al Fujairah City,25.14479,56.24764,AE,04,82310
Nizip,37.00972,37.79417,TR,83,82308
Nakhon Sawan,15.70472,100.13717,TH,16,82305
Colombes,48.91882,2.25404,FR,11,82300
Lākshām,23.24018,91.12143,BD,84,82290
Longview,32.5007,-94.74049,US,TX,82287
Les Corts,41.38712,2.13007,ES,56,82270
Gobindgarh,30.67089,76.30192,IN,23,82266
Dondo,-19.60944,34.74306,MZ,05,82260
Maple Ridge,49.21939,-122.60193,CA,02,82256
Caldas,6.09106,-75.63569,CO,02,82234
Ōmihachiman,35.12861,136.0976,JP,35,82233
Budapest VIII. kerület,47.48919,19.07012,HU,05,82222
Atambua,-9.10611,124.8925,ID,18,82196
Anguo,34.83056,116.81944,CN,04,82181
Quixeramobim,-5.19917,-39.29278,BR,06,82177
Fatsa,41.02886,37.49977,TR,52,82160
Três Rios,-22.11667,-43.20917,BR,21,82142
Azov,47.1069,39.41486,RU,61,82133
Pagbilao,13.96689,121.69835,PH,40,82132
Bryan,30.67436,-96.36996,US,TX,82118
Ipoti,7.87377,5.07691,NG,54,82113
Tanashichō,35.72922,139.53813,JP,40,82112
Shiwan,23.00107,113.077,CN,30,82031
Edmonton,51.62561,-0.05798,GB,ENG,82000
Westland,42.3242,-83.40021,US,MI,82000
Ishwardi,24.12858,89.06573,BD,83,81995
Tamworth,52.63399,-1.69587,GB,ENG,81964
Limay,14.56194,120.59833,PH,03,81960
Bolgatanga,10.78556,-0.85139,GH,10,81958
Donghe,32.23341,106.30126,CN,32,81953
Gosport,50.79509,-1.12902,GB,ENG,81952
La Dorada,5.44783,-74.66311,CO,37,81950
Le Tampon,-21.2766,55.51766,RE,RE,81943
Ratodero,27.80227,68.28902,PK,05,81935
Saunda,23.66453,85.32694,IN,38,81915
Akiruno,35.72854,139.2318,JP,40,81912
Breña,-12.05605,-77.05295,PE,15,81909
Moema,-23.59521,-46.66449,BR,27,81899
Presidencia Roque Sáenz Peña,-26.79095,-60.44132,AR,03,81879
Maraimalainagar,12.79782,80.02502,IN,25,81872
Huaiyang,37.76145,114.51703,CN,10,81861
Coslada,40.42378,-3.56129,ES,29,81860
Ashoknagar,24.57578,77.73123,IN,35,81828
Qal‘at Bīshah,20.00054,42.6052,SA,11,81828
Sesto San Giovanni,45.53329,9.22585,IT,09,81822
Macaíba,-5.85833,-35.35389,BR,22,81821
Gwangju,37.41,127.25722,KR,13,81780
Agboville,5.92801,-4.21319,CI,82,81770
Villingen-Schwenningen,48.06226,8.49358,DE,01,81770
Tamanghasset,22.785,5.52278,DZ,53,81752
Kaspiysk,42.88165,47.63919,RU,17,81752
Lucca,43.84369,10.50447,IT,16,81748
Babamba,0.18333,27.48333,CD,30,81740
Phulwari Sharif,25.57765,85.07246,IN,34,81740
Tangping,22.03177,111.93537,CN,30,81729
Ar Rass,25.86944,43.4973,SA,08,81728
Mhow,22.5589,75.76543,IN,35,81702
Warwick,41.7001,-71.41617,US,RI,81699
Bartın,41.63583,32.3375,TR,87,81692
Luzern,47.05048,8.30635,CH,LU,81691
Barkā’,23.67872,57.88605,OM,02,81647
Al Khānkah,30.21035,31.36812,EG,12,81646
Kasongo,-4.42741,26.66656,CD,10,81629
Lakewood,33.85363,-118.13396,US,CA,81611
Guider,9.9333,13.94671,CM,13,81608
Salmās,38.1973,44.7653,IR,01,81606
Yirga ‘Alem,6.75,38.41667,ET,SI,81600
An Khê,13.95,108.65,VN,52,81600
Naqadeh,36.9553,45.388,IR,01,81598
São Sebastião,-23.76,-45.40972,BR,27,81595
Būr Fu’ād,31.24408,32.31955,EG,19,81591
Timóteo,-19.58106,-42.64953,BR,15,81579
Scunthorpe,53.57905,-0.65437,GB,ENG,81576
Tiznit,29.69742,-9.73162,MA,09,81569
Muntilan,-7.58111,110.29278,ID,07,81555
Paysandú,-32.3171,-58.08072,UY,11,81550
Uman,48.7501,30.21944,UA,01,81525
Pacatuba,-3.98417,-38.62028,BR,06,81524
Yan Nawa,13.69634,100.54212,TH,40,81521
Remedios de Escalada de San Martín,-34.72589,-58.39663,AR,01,81465
Beauport,46.85884,-71.19201,CA,10,81425
Yudong,29.385,106.51944,CN,33,81408
Malout,30.21121,74.4818,IN,23,81406
Kadi,23.29908,72.33362,IN,09,81404
Bulungu,-4.54437,18.60364,CD,20,81393
Balqash,46.84546,74.98213,KZ,12,81364
Guaynabo,18.35745,-66.111,PR,061,81360
Farmington Hills,42.48531,-83.37716,US,MI,81330
Sarishābāri,24.75127,89.83126,BD,H,81325
Fatehjang,33.56492,72.64281,PK,04,81321
San Tan Valley,33.1911,-111.528,US,AZ,81321
Mount Pleasant,32.79407,-79.86259,US,SC,81317
Athi River,-1.4563,36.97826,KE,31,81302
Lagoa Santa,-19.63006,-43.9009,BR,15,81299
Lambayong,6.51944,125.04444,PH,12,81288
Konstanz,47.66033,9.17582,DE,01,81275
Tatebayashi,36.25,139.53333,JP,10,81274
Mweka,-4.85187,21.5595,CD,18,81267
Konin,52.22338,18.25121,PL,86,81258
Nangen,35.41,127.38583,KR,03,81257
Changning,28.57773,104.92087,CN,32,81248
Vijalpor,20.92212,72.90945,IN,09,81245
Pozzuoli,40.84394,14.0952,IT,04,81231
Reşiţa,45.30083,21.88917,RO,12,81228
Žilina,49.22315,18.73941,SK,08,81219
Palakollu,16.5167,81.73,IN,02,81199
Kabalo,-6.05255,26.9143,CD,29,81191
Baudhuinville,-7.08408,29.73681,CD,29,81181
Sokcho,38.20701,128.59181,KR,06,81164
Xiugu,27.91132,116.77637,CN,03,81153
Himatnagar,23.59893,72.96602,IN,09,81137
Lalupon,7.46791,4.06594,NG,32,81130
Pilar,-34.45867,-58.91398,AR,01,81120
Al Ḩurshah,32.76472,12.67389,LY,68,81119
Worms,49.63278,8.35916,DE,08,81099
Cranston,41.77982,-71.43728,US,RI,81073
Ozersk,55.75556,60.70278,RU,13,81023
Tallaght,53.2859,-6.37344,IE,L,81022
Rockhampton,-23.38032,150.50595,AU,04,81021
Moabit,52.52635,13.33903,DE,16,81021
San Timoteo,9.7901,-71.07084,VE,23,81017
Yessentuki,44.04826,42.85638,RU,70,81015
São Miguel,-23.49417,-46.43222,BR,27,81011
Vitry-sur-Seine,48.78716,2.40332,FR,11,81001
Largo,27.90979,-82.78842,US,FL,81000
Naesŏ,35.24972,128.52,KR,20,80987
Santa Cecilia,-23.5318,-46.65288,BR,27,80972
Diyarb Najm,30.75438,31.44016,EG,14,80954
Dholka,22.72732,72.44128,IN,09,80945
Feicheng,35.26056,117.9675,CN,25,80929
Mooca,-23.56135,-46.59641,BR,27,80880
Aveiro,40.64575,-8.64643,PT,02,80880
Ravenna,44.41344,12.20121,IT,05,80868
Shanting,35.07528,117.45778,CN,25,80843
Rouissat,31.92427,5.35018,DZ,50,80784
Madido,-15.35454,28.37416,ZM,09,80782
Klin,56.33169,36.7292,RU,47,80778
Getxo,43.35689,-3.01146,ES,59,80770
Buta,2.78582,24.72997,CD,13,80751
Kotkapura,30.5819,74.83298,IN,23,80741
East Hastings,49.27169,-123.06186,CA,02,80740
Fiumicino,41.77093,12.23662,IT,07,80738
Homestead,25.46872,-80.47756,US,FL,80737
Junlian,28.17106,104.51162,CN,32,80708
Lecce,40.35481,18.17244,IT,13,80695
South Suffolk,36.71709,-76.59023,US,VA,80690
Avondale,33.4356,-112.3496,US,AZ,80684
Atakpamé,7.53333,1.13333,TG,25,80683
Berestovskyi,48.04426,37.87654,UA,05,80671
Curvelo,-18.75639,-44.43083,BR,15,80665
Lai Vung,10.25664,105.59329,VN,82,80649
Mijas,36.59575,-4.63728,ES,51,80630
Güigüe,10.08344,-67.77799,VE,07,80627
Bargarh,21.33348,83.61905,IN,21,80625
Nianzhuang,34.29722,117.77222,CN,04,80617
Aulnay-sous-Bois,48.93814,2.49402,FR,11,80615
Kharghar,19.04979,73.07024,IN,16,80612
Tepeji del Río de Ocampo,19.90546,-99.34229,MX,13,80612
Kōtari,34.92097,135.70547,JP,22,80608
Chatham,51.37891,0.52786,GB,ENG,80596
Varese,45.82058,8.82511,IT,09,80588
Tustin,33.74585,-117.82617,US,CA,80583
Santa Catarina Pinula,14.57047,-90.49925,GT,07,80582
Bustos,14.95806,120.91778,PH,03,80565
Samā’il,23.29838,57.9531,OM,01,80538
Casa Verde,-23.50099,-46.65744,BR,27,80536
Khemis Miliana,36.26104,2.22015,DZ,35,80512
Ambalantota,6.1196,81.0214,LK,34,80506
Bakhmut,48.59419,37.99886,UA,05,80500
Bani Yas City,24.30978,54.62944,AE,01,80498
Água Rasa,-20.43333,-45.16667,BR,15,80484
Yingjiang,24.71022,97.93671,CN,29,80481
Elbistan,38.20591,37.1983,TR,46,80456
Kondoa,-4.9,35.78333,TZ,03,80443
Serrinha,-11.66417,-39.0075,BR,05,80435
Mountain View,37.38605,-122.08385,US,CA,80435
Napa,38.29714,-122.28553,US,CA,80434
Kairāna,29.39541,77.2054,IN,36,80432
Brajarajnagar,21.81667,83.91667,IN,21,80403
Zhuanghe,39.70083,122.99111,CN,19,80384
Hannō,35.85194,139.31806,JP,34,80361
Bonāb,37.3404,46.0561,IR,33,80359
Loushanguan,28.1368,106.822,CN,18,80344
Somerville,42.3876,-71.0995,US,MA,80318
Kāmāreddi,18.32001,78.34177,IN,40,80315
Baoying,33.22917,119.30917,CN,04,80292
Giugliano in Campania,40.92849,14.20197,IT,04,80269
Kedungwaru,-8.06667,111.91667,ID,08,80257
Kendall,25.67927,-80.31727,US,FL,80241
Lawrence,42.70704,-71.16311,US,MA,80231
Dashiqiao,40.63732,122.50251,CN,19,80223
Budapest XV. kerület,47.56263,19.11681,HU,05,80218
Panshi,42.93719,126.05743,CN,05,80200
Palwancha,17.58152,80.67651,IN,40,80199
Neumünster,54.07399,9.98456,DE,10,80196
Chapadinha,-3.74167,-43.36028,BR,13,80195
Serpong,-6.31694,106.66417,ID,30,80193
Meru,0.04626,37.65587,KE,35,80191
Piotrków Trybunalski,51.40547,19.70321,PL,74,80128
Purmerend,52.505,4.95972,NL,07,80117
Qŭnghirot,43.04333,58.83944,UZ,09,80090
Alahabad,30.87696,74.05524,PK,04,80084
Nyeri,-0.42013,36.94759,KE,44,80081
Cachoeira do Sul,-30.03917,-52.89389,BR,23,80070
Xichang,21.63333,108.95,CN,16,80064
Gamagōri,34.83333,137.23333,JP,01,80063
Manmād,20.25334,74.43755,IN,16,80058
Srikalahasti,13.75514,79.70143,IN,02,80056
Huanglou,36.64709,118.60554,CN,25,80055
Dushan,25.83333,107.53333,CN,18,80045
Kanyama,-7.51668,24.17404,CD,15,80043
Vorkuta,67.50867,64.0667,RU,34,80039
Sangmélima,2.93333,11.98333,CM,14,80036
Três Corações,-21.69694,-45.25333,BR,15,80032
El Cafetal,10.46541,-66.82951,VE,15,80029
Rikaze,29.25,88.88333,CN,14,80000
Sha Tin Wai,22.37756,114.19753,HK,NST,80000
Hajiawa,36.23579,44.79469,IQ,05,80000
Khewra,32.6491,73.01059,PK,04,80000
Fili,55.74543,37.48837,RU,48,80000
Cung Kiệm,21.18697,106.16076,VN,24,80000
Ughelli,5.48956,6.00407,NG,36,79986
Dorsten,51.66166,6.96514,DE,07,79981
Stockton-on-Tees,54.56848,-1.3187,GB,ENG,79957
Tan-Tan,28.43799,-11.10321,MA,10,79942
Parma,41.40477,-81.72291,US,OH,79937
Miabi,-6.22149,23.39254,CD,04,79929
Drobeta-Turnu Severin,44.62693,22.65288,RO,26,79865
New Rochelle,40.91149,-73.78235,US,NY,79846
San José Pinula,14.546,-90.41288,GT,07,79844
Paco,14.588,120.993,PH,NCR,79839
Kottagūdem,17.55106,80.61779,IN,40,79819
Lynchburg,37.41375,-79.14225,US,VA,79812
Lelystad,52.50833,5.475,NL,16,79811
Medford,42.32652,-122.87559,US,OR,79805
Telêmaco Borba,-24.32389,-50.61556,BR,18,79792
Zrenjanin,45.38361,20.38194,RS,VO,79773
Deerfield Beach,26.31841,-80.09977,US,FL,79768
Songlou,34.57231,116.60239,CN,04,79763
Pongch’ŏn-ŭp,38.12389,126.20472,KP,06,79740
Bella Vista,-34.5651,-58.69034,AR,01,79737
San Francisco,8.53556,125.95,PH,13,79718
Lerdo,25.53611,-103.52485,MX,10,79669
Taixing,32.16667,120.01361,CN,04,79655
Genteng,-8.36667,114.15,ID,08,79652
Kidapawan,7.00833,125.08944,PH,12,79652
Bolenge,0.0,18.21667,CD,02,79648
Amstelveen,52.30083,4.86389,NL,07,79639
Sathorn,13.74998,100.51682,TH,40,79624
Bende,5.55874,7.63359,NG,45,79618
Sylmar,34.30778,-118.44925,US,CA,79614
Kropotkin,45.43722,40.5704,RU,38,79599
Calarcá,4.52949,-75.64091,CO,23,79569
Oke Mesi,7.81667,4.91667,NG,42,79563
Kimpese,-5.5615,14.43159,CD,08,79539
Khrustalnyi,48.14241,38.92369,UA,14,79533
Kafanchan,9.58126,8.2926,NG,23,79522
Edfu,24.97916,32.87722,EG,16,79510
Pleasanton,37.66243,-121.87468,US,CA,79510
Saint-Léonard,45.58773,-73.59501,CA,10,79495
Tangjiazhuang,39.74326,118.45099,CN,10,79489
São Roque,-23.52917,-47.13528,BR,27,79484
Shadrinsk,56.08616,63.63816,RU,40,79479
Willowdale,43.76672,-79.39909,CA,08,79440
Talagang,32.92766,72.41594,PK,04,79431
Huehuetenango,15.32097,-91.47001,GT,08,79426
Senhor do Bonfim,-10.46139,-40.18944,BR,05,79424
Dosso,13.049,3.1937,NE,03,79406
Bang Sue subdistrict,13.80645,100.53062,TH,40,79405
Lüdenscheid,51.21977,7.6273,DE,07,79386
Zarzis,33.50398,11.11215,TN,28,79316
Caçador,-26.77528,-51.015,BR,26,79313
Phuket,7.89059,98.3981,TH,62,79308
Kahna Nau,31.36709,74.36899,PK,04,79301
Polotsk,55.4879,28.7856,BY,07,79285
Tefé,-3.36841,-64.72054,BR,04,79278
Sant Cugat del Vallès,41.47063,2.08611,ES,56,79253
Nawābganj,26.93129,81.19841,IN,36,79246
Gedangan,-7.39083,112.72667,ID,08,79230
Cyberjaya,2.92281,101.65718,MY,12,79200
Yanta,36.24111,115.66722,CN,25,79196
Belmont Cragin,41.9317,-87.76867,US,IL,79159
Bwizibwera,-0.59167,30.62861,UG,W,79157
Brooklyn Park,45.09413,-93.35634,US,MN,79149
Gueckedou,8.56744,-10.1336,GN,N,79140
Gokak,16.16901,74.82393,IN,19,79121
Ceará-Mirim,-5.63444,-35.42556,BR,22,79115
Mamou,10.37546,-12.09148,GN,M,79109
Zhuangyuan,37.30553,120.82747,CN,25,79106
Tīkamgarh,24.74327,78.83061,IN,35,79106
Ikom,5.96669,8.70632,NG,22,79103
Arakkonam,13.08449,79.67053,IN,25,79080
Wuyang,31.9925,116.24722,CN,01,79070
Kashihara,34.58333,135.61667,JP,32,79058
Xiongzhou,25.11667,114.3,CN,30,79050
Chaigou,36.24889,119.62417,CN,25,79043
Būmahen,35.72972,51.86884,IR,26,79034
Matão,-21.60333,-48.36583,BR,27,79033
Ponorogo,-7.8685,111.462,ID,08,79026
Arāria,26.14934,87.51323,IN,34,79021
Agulu,6.10045,7.061,NG,25,79021
Netrakona,24.88352,90.72898,BD,H,79016
Goodyear,33.43532,-112.35821,US,AZ,79003
Kaambooni,-1.63772,41.5866,SO,09,79000
Alfenas,-21.42917,-45.94722,BR,15,78970
Catanzaro,38.88247,16.60086,IT,03,78970
Prince George,53.9166,-122.75301,CA,02,78943
Mossel Bay,-34.18307,22.14605,ZA,11,78940
Nakatsugawa,35.48333,137.5,JP,09,78930
New Westminster,49.20678,-122.91092,CA,02,78916
Kennewick,46.21125,-119.13723,US,WA,78896
Marburg an der Lahn,50.80904,8.77069,DE,05,78895
Russas,-4.94028,-37.97583,BR,06,78882
Bistriţa,47.13316,24.50011,RO,06,78877
Marseille 08,43.27083,5.3821,FR,93,78837
Cẩm Lệ,16.01771,108.20381,VN,48,78837
Xinzhou,30.86667,114.8,CN,12,78767
Shitanjing,39.23417,106.34389,CN,21,78765
Coffs Harbour,-30.29626,153.11351,AU,02,78759
Chiang Rai,19.90858,99.8325,TH,03,78756
Deurne,51.22134,4.46595,BE,VLG,78747
Sagaing,21.8787,95.97965,MM,10,78739
Koch Bihār,26.32539,89.44508,IN,28,78737
Mooka,36.43333,140.01667,JP,38,78720
Tumen,42.96562,129.84199,CN,05,78719
Natori-shi,38.16667,140.88333,JP,24,78718
Avilés,43.55473,-5.92483,ES,34,78715
Armant,25.61988,32.54305,EG,23,78695
Kharakvasla,18.43997,73.77545,IN,16,78684
Gualeguaychú,-33.00777,-58.51836,AR,08,78676
Thanhlyin,16.78195,96.24678,MM,17,78667
Isiolo,0.35462,37.58218,KE,18,78650
Vyborg,60.70763,28.75283,RU,42,78633
Alameda,37.77099,-122.26087,US,CA,78630
Palencia,42.00955,-4.52406,ES,55,78629
Curepipe,-20.31628,57.52594,MU,17,78618
Danané,7.25957,-8.15498,CI,78,78614
Arona,28.09962,-16.68102,ES,53,78614
Waliso,8.53417,37.96515,ET,51,78600
Tupi,6.33444,124.95278,PH,12,78599
Qinggang,29.4677,106.23618,CN,33,78582
Hengbei,23.87968,115.72546,CN,30,78575
Honjō,36.2378,139.19023,JP,34,78569
Bhadohi,25.39526,82.5703,IN,36,78568
Torrent,39.43705,-0.46546,ES,60,78543
Circoiscrizione I,45.06639,7.6868,IT,12,78523
Lins,-21.67861,-49.7425,BR,27,78503
Carlisle,54.8951,-2.9382,GB,ENG,78470
Town 'n' Country,28.01057,-82.57732,US,FL,78442
Bellflower,33.88168,-118.11701,US,CA,78441
Kőbánya,47.48427,19.13913,HU,05,78414
Yishan,36.22107,118.69663,CN,25,78408
Kātoya,23.64558,88.13258,IN,28,78408
Youhao,47.85306,128.83565,CN,08,78402
Joensuu,62.60118,29.76316,FI,12,78398
Medininagar,24.03971,84.0658,IN,38,78396
Wāshīm,20.11128,77.133,IN,16,78387
Reutov,55.76273,37.86303,RU,47,78370
Bagbera,22.75948,86.19049,IN,38,78356
Savarkundla,21.33726,71.3035,IN,09,78354
Bandar-e Emam Khomeyni,30.43698,49.10288,IR,15,78353
Toyooka,35.54008,134.82038,JP,13,78348
Putatan,5.9258,116.06094,MY,16,78340
Chino Hills,33.9938,-117.75888,US,CA,78309
Bang Kruai,13.805,100.47283,TH,38,78305
Denov,38.26746,67.89886,UZ,12,78300
Bloomington,40.4842,-88.99369,US,IL,78292
Basoda,23.85153,77.93652,IN,35,78289
Santa Cruz del Quiché,15.02995,-91.14876,GT,14,78279
Daura,11.5541,11.406,NG,44,78277
Al Ḩayy,32.17419,46.04345,IQ,16,78272
Bamban,15.27386,120.56683,PH,03,78260
Pingyi,35.50056,117.63083,CN,25,78254
Southall,51.50896,-0.3713,GB,ENG,78253
Budapest XVII. kerület,47.47997,19.25388,HU,05,78250
Wulong,29.32431,107.76056,CN,33,78225
Valvedditturai,9.81667,80.16667,LK,38,78205
Rheinhausen,51.40055,6.71187,DE,07,78203
Linping,30.4225,120.29722,CN,02,78180
Huai Khwang,13.7768,100.57895,TH,40,78175
Sirs al Layyānah,30.4428,30.96975,EG,09,78168
Ilioúpoli,37.93149,23.76779,GR,ESYE31,78153
San Juan,-3.77611,-73.28139,PE,16,78153
Zahlé,33.84675,35.90203,LB,08,78145
Daet,14.1122,122.9553,PH,05,78142
Daugavpils,55.88333,26.53333,LV,06,78126
Blue Mountains,-33.71331,150.33065,AU,02,78121
Rugby,52.37092,-1.26417,GB,ENG,78117
Kashiba,34.53472,135.70925,JP,28,78113
Alafaya,28.5641,-81.2114,US,FL,78113
Wa,10.06069,-2.50192,GH,11,78107
Vanadzor,40.8074,44.49704,AM,06,78100
Kouvola,60.86667,26.7,FI,08,78094
Donggongon,5.90702,116.10146,MY,16,78086
Szombathely,47.23088,16.62155,HU,22,78025
Xixiang,22.59306,113.8889,CN,30,78022
Matala,-14.73272,15.03479,AO,09,78000
Colón,9.36025,-79.90019,PA,04,78000
Alekseyevka,55.63,37.8,RU,47,78000
Kuacjok,8.30278,27.98,SS,08,78000
Tanuku,16.75438,81.68143,IN,02,77962
Gurdaspur,32.03933,75.40318,IN,23,77928
Castrop-Rauxel,51.55657,7.31155,DE,07,77924
Marsala,37.7992,12.4367,IT,15,77915
Ouro Preto,-20.39484,-43.50517,BR,15,77914
Kizugawa,34.73668,135.83994,JP,22,77907
Pakse,15.12022,105.79898,LA,02,77900
Tome,38.70882,141.15578,JP,24,77897
Springdale,36.18674,-94.12881,US,AR,77859
Luleå,65.58415,22.15465,SE,14,77832
Edattala,10.05639,76.38451,IN,13,77811
Shap Pat Heung,22.4248,114.03581,HK,NYL,77775
Marseille 15,43.37224,5.35386,FR,93,77770
Jardim Botânico,-15.86527,-47.81477,BR,07,77767
Huankou,34.87,116.66972,CN,04,77758
Ciranjang-hilir,-6.82,107.25722,ID,30,77758
Linkou,45.2762,130.27332,CN,08,77754
Nchelenge,-9.34506,28.73396,ZM,04,77746
Racine,42.72613,-87.78285,US,WI,77742
Ipiales,0.82501,-77.63966,CO,20,77729
Roosendaal,51.53083,4.46528,NL,06,77725
Hakkâri,37.57444,43.74083,TR,70,77699
Ukunda,-4.2929,39.56404,KE,28,77686
Bauang,16.53083,120.33306,PH,01,77670
Nikkō,36.75,139.61667,JP,38,77661
Jaboticabal,-21.25472,-48.32222,BR,27,77652
Hasselt,50.93106,5.33781,BE,VLG,77651
Keningau,5.3378,116.1602,MY,16,77650
Gateshead,54.96209,-1.60168,GB,ENG,77649
Huangmei,30.19235,116.02496,CN,12,77633
Campo Limpo Paulista,-23.20554,-46.7838,BR,27,77632
Numan,9.46374,12.03062,NG,35,77617
Hammond,41.58337,-87.50004,US,IN,77614
Feicheng,36.24861,116.76583,CN,25,77606
Ītāy al Bārūd,30.88697,30.66724,EG,03,77606
Milpitas,37.42827,-121.90662,US,CA,77604
Ouarzazate,30.91894,-6.89341,MA,08,77603
Inowrocław,52.79886,18.26387,PL,73,77597
Ünye,41.14049,37.28851,TR,52,77585
Bodhan,18.66208,77.88581,IN,40,77573
Santo Ângelo,-28.29917,-54.26306,BR,23,77568
Songling,31.1933,120.71758,CN,04,77566
Bogenhausen,48.15221,11.61585,DE,02,77542
Jishui,33.73333,115.4,CN,09,77540
Aalst,50.93604,4.0355,BE,VLG,77534
Lubin,51.40089,16.20149,PL,72,77532
Mechelen,51.02574,4.47762,BE,VLG,77530
Santa Rosa,-27.87083,-54.48139,BR,23,77519
Lisburn,54.52337,-6.03527,GB,NIR,77506
Welk’īt’ē,8.28333,37.78333,ET,55,77500
Bagong Barrio,14.66638,120.99322,PH,NCR,77490
Kambar,27.58753,68.00066,PK,05,77481
Barracas,-34.64966,-58.38341,AR,07,77474
Nazareth,32.70087,35.29719,IL,03,77445
Mazatenango,14.53412,-91.50311,GT,20,77431
Khomeyn,33.63889,50.08003,IR,34,77425
Shulan,44.41134,126.94827,CN,05,77420
Balrāmpur,27.42949,82.18545,IN,36,77396
Tsubame,37.6645,138.92518,JP,29,77382
Mandela,5.55221,-0.33912,GH,01,77371
Suva,-18.13683,178.42531,FJ,01,77366
Jelenia Góra,50.89973,15.72899,PL,72,77366
Matehuala,23.64824,-100.64334,MX,24,77328
Gebiley,9.70028,43.62444,SO,20,77320
Quatre Bornes,-20.26381,57.4791,MU,17,77308
Fukuchiyama,35.3,135.11667,JP,22,77306
Mungyeong,36.59458,128.19946,KR,14,77304
Bāramūla,34.209,74.34285,IN,12,77276
Paisley,55.83173,-4.43254,GB,SCT,77270
Keur Médoune,14.75835,-15.90434,SN,03,77255
Agua Prieta,31.3224,-109.54251,MX,26,77254
Canindé,-4.35889,-39.31167,BR,06,77244
Pesaro,43.90921,12.9164,IT,10,77241
Kanasín,20.93485,-89.55822,MX,31,77240
Cozumel,20.50038,-86.94272,MX,23,77236
Baicheng,36.32743,119.77875,CN,25,77235
Lod,31.9467,34.8903,IL,02,77223
Wawer,52.19656,21.17752,PL,78,77205
Aş Şuwayrah,32.92556,44.77583,IQ,16,77200
Akihabara,35.69848,139.77253,JP,40,77200
Siedlce,52.16772,22.29006,PL,78,77185
Damiao,34.26411,117.36379,CN,04,77179
South Surrey,49.05,-122.79167,CA,02,77170
Santa Cruz de Barahona,18.20861,-71.10068,DO,03,77160
Gary,41.59337,-87.34643,US,IN,77156
Shūsh,32.1942,48.2436,IR,15,77148
Putney,51.46072,-0.21814,GB,ENG,77140
Karwar,14.81361,74.12972,IN,19,77139
Ovalle,-30.60106,-71.19901,CL,07,77138
Kunitachi,35.6833,139.43848,JP,40,77130
Scranton,41.40916,-75.6649,US,PA,77118
Şurmān,32.75668,12.57159,LY,68,77114
Mafikeng,-25.86522,25.64421,ZA,10,77110
Coyah,9.70643,-13.38465,GN,D,77103
Pok Fu Lam,22.26861,114.12924,HK,HSO,77100
Voskresensk,55.313,38.691,RU,47,77086
Keratsíni,37.9625,23.61972,GR,ESYE31,77077
Baldwin Park,34.08529,-117.9609,US,CA,77071
Dhuliān,24.68127,87.9535,IN,28,77070
Yên Hòa,21.02185,105.79147,VN,01,77029
Hunchun,42.86736,130.35689,CN,05,77028
Nabari,34.61667,136.08333,JP,23,77022
Kagoro,9.60776,8.39043,NG,23,77008
Auburn,47.30732,-122.22845,US,WA,77006
Rabkavi-Banhatti,16.47,75.12,IN,19,77004
Yalta,44.50218,34.16624,UA,11,77003
Dubai Festival City,25.22177,55.35733,AE,03,77000
Les Rivières,46.81847,-71.272,CA,10,77000
Hassi Bahbah,35.07109,3.0299,DZ,22,77000
Zahir Pir,28.81284,70.52341,PK,04,76979
Mawāna,29.10288,77.92199,IN,36,76973
Tsurusaki,33.24528,131.69165,JP,30,76968
Józsefváros,47.48938,19.07292,HU,05,76957
Khlong Chan,13.78126,100.64506,TH,40,76934
Sarqant,45.41322,79.91713,KZ,12510144,76919
Shirpur,21.34821,74.88035,IN,16,76905
Kiserian,-1.4275,36.6865,KE,19,76903
Pirassununga,-21.99611,-47.42583,BR,27,76877
Valença,-22.24556,-43.70028,BR,21,76869
Marseille 09,43.25433,5.4057,FR,93,76868
Puerto Padre,21.19594,-76.60351,CU,13,76838
Budge Budge,22.48275,88.18176,IN,28,76837
Arraiján,8.9398,-79.64038,PA,13,76815
La Rochelle,46.16308,-1.15222,FR,75,76810
Kundla,21.34222,71.30633,IN,09,76809
Itapetinga,-15.24889,-40.24778,BR,05,76795
Fishers,39.95559,-86.01387,US,IN,76794
Shrewsbury,52.71009,-2.75208,GB,ENG,76782
Saint Joseph,39.76861,-94.84663,US,MO,76780
Al Maţār al ‘Atīq,25.25138,51.55569,QA,01,76774
Sandu,19.7894,109.215,CN,31,76757
Mmabatho,-25.85,25.63333,ZA,10,76754
Visnagar,23.69855,72.5521,IN,09,76753
Liangxiang,39.73598,116.13295,CN,22,76744
Champigny-sur-Marne,48.81642,2.49366,FR,11,76726
Melong,5.12181,9.96143,CM,05,76716
Brookes Point,8.77201,117.8371,PH,41,76715
Kannauj,27.05524,79.9188,IN,36,76714
Zhaodun,34.3027,117.85699,CN,04,76691
Luxembourg,49.60982,6.13268,LU,LU,76684
Yenakiyeve,48.23857,38.20403,UA,05,76673
La Louvière,50.48657,4.18785,BE,WAL,76668
Giảng Võ,21.03066,105.81252,VN,01,76658
Pančevo,44.87177,20.64167,RS,VO,76654
Fenghua,29.65628,121.4064,CN,02,76653
Khajoori Khas,28.70958,77.2587,IN,07,76640
Rueil-Malmaison,48.8765,2.18967,FR,11,76616
Neelankarai,12.9495,80.2592,IN,25,76600
Nagīna,29.44433,78.43646,IN,36,76593
Caledon,43.86544,-79.99322,CA,08,76581
Juhaynah,26.67418,31.49686,EG,24,76555
Biruaca,7.84483,-67.51679,VE,03,76553
Vinhedo,-23.02972,-46.97528,BR,27,76540
Pharr,26.1948,-98.18362,US,TX,76538
Tianguá,-3.73222,-40.99167,BR,06,76537
Fuorigrotta,40.83333,14.2,IT,04,76521
Fylde,53.83333,-2.91667,GB,ENG,76500
Badagara,11.59776,75.58142,IN,13,76493
Fazilka,30.40207,74.02836,IN,23,76492
Rheine,52.28509,7.44055,DE,07,76491
Hujra Shah Muqim,30.74168,73.82327,PK,04,76462
Bawku,11.05926,-0.24249,GH,10,76459
Bunbury,-33.32711,115.64137,AU,08,76452
Shiki,35.83333,139.58333,JP,34,76445
Upland,34.09751,-117.64839,US,CA,76443
Crewe,53.09787,-2.44161,GB,ENG,76437
Viçosa,-20.75389,-42.88194,BR,15,76430
Oss,51.765,5.51806,NL,06,76430
Yaxing,19.44778,109.26273,CN,31,76427
Yuktae-dong,40.02472,128.15972,KP,03,76427
Dangkao,11.50881,104.89144,KH,22,76421
Ciudad Satelite,-16.43085,-71.52921,PE,04,76410
Fünfhaus,48.19596,16.3183,AT,09,76396
Antibes,43.58127,7.12487,FR,93,76393
Yangliuqing,39.1375,116.99972,CN,28,76387
Stoney Creek,43.21681,-79.76633,CA,08,76382
Folsom,38.67796,-121.17606,US,CA,76375
Modiin Ilit,31.93221,35.04416,IL,06,76374
Bebedouro,-20.94944,-48.47917,BR,27,76373
Basoko,1.23909,23.61598,CD,30,76371
Odendaalsrus,-27.87394,26.69072,ZA,03,76371
Thawi Watthana,13.78316,100.37805,TH,40,76351
Electronic City Phase I,12.85492,77.6633,IN,19,76348
Aira,31.77429,130.59208,JP,18,76348
Qiuji,33.8,118.0,CN,04,76343
Budapest XXI. kerület,47.42215,19.06641,HU,05,76339
Baytown,29.7355,-94.97743,US,TX,76335
Sant'Ana do Livramento,-30.89083,-55.53278,BR,23,76321
Furukawa,38.57167,140.95556,JP,24,76312
Latina,41.46614,12.9043,IT,07,76305
Zhlobin,52.8926,30.024,BY,02,76304
Mineralnye Vody,44.21028,43.13528,RU,70,76280
Babahoyo,-1.80493,-79.52492,EC,13,76279
Midyat,37.41908,41.33909,TR,72,76268
Lae,-6.72333,146.99611,PG,14,76255
Matara,5.94851,80.53528,LK,34,76254
Manresa,41.72815,1.82399,ES,56,76250
Nahāvand,34.19088,48.37446,IR,09,76250
Ramla,31.92624,34.8635,IL,02,76246
Tuban,-6.8976,112.0649,ID,08,76242
Thanh Liệt,20.96667,105.81667,VN,01,76238
Sakon Nakhon,17.16116,104.14725,TH,20,76237
Ratnagiri,16.99154,73.31022,IN,16,76229
Mbabane,-26.31667,31.13333,SZ,01,76218
Kiyose,35.77952,139.53014,JP,40,76208
Keshod,21.30328,70.24861,IN,09,76193
Qingquan,30.45113,115.25593,CN,12,76154
Viersen,51.25435,6.39441,DE,07,76153
Esteio,-29.86139,-51.17917,BR,23,76137
San Ramon,37.77993,-121.97802,US,CA,76134
Adzopé,6.10694,-3.86194,CI,82,76122
Camden,39.92595,-75.11962,US,NJ,76119
Bracknell,51.41363,-0.75054,GB,ENG,76103
Shibukawa,36.48333,139.0,JP,10,76098
Oleksandriya,48.67466,33.11761,UA,10,76097
Konnagar,22.70508,88.34446,IN,28,76082
Shirbīn,31.19688,31.5243,EG,01,76081
Yurihonjō,39.3895,140.05813,JP,02,76077
Ash Shuhadā’,30.59683,30.89931,EG,09,76071
Lake Charles,30.21309,-93.2044,US,LA,76070
Chintamani,13.40051,78.05172,IN,19,76068
Kalamazoo,42.29171,-85.58723,US,MI,76041
Shouxian,34.84648,116.45884,CN,04,76030
Paharpur,32.10502,70.97055,PK,03,76027
Brick,40.05928,-74.13708,US,NJ,76021
Nagornyy,55.65,37.61667,RU,48,76000
Kebomas,-7.16667,112.6333,ID,08,75982
Cinisello Balsamo,45.55823,9.21495,IT,09,75943
Itapema,-27.09028,-48.61139,BR,26,75940
Arlington Heights,42.08836,-87.98063,US,IL,75926
San Sebastián de los Reyes,40.55555,-3.62733,ES,29,75912
Plymouth,45.01052,-93.45551,US,MN,75907
Maymana,35.92139,64.78361,AF,07,75900
Delmenhorst,53.0511,8.63091,DE,06,75893
Lintong,34.37803,109.20892,CN,26,75882
La Libertad,-2.233,-80.91039,EC,10,75881
South Ozone Park,40.6701,-73.81902,US,NY,75878
Doral,25.81954,-80.35533,US,FL,75874
Ciudad Choluteca,13.30569,-87.17882,HN,02,75872
Pammal,12.975,80.13472,IN,25,75870
Karangsembung,-6.8487,108.6422,ID,30,75856
Buchanan,5.87693,-10.04964,LR,11,75854
Mashtūl as Sūq,30.36056,31.3776,EG,14,75837
Sindhnūr,15.76983,76.75581,IN,19,75837
Sankt Gallen,47.42391,9.37477,CH,SG,75833
Santo Antônio do Descoberto,-15.93972,-48.255,BR,29,75829
Rolândia,-23.30972,-51.36917,BR,18,75818
Kamensk-Shakhtinsky,48.31779,40.25948,RU,61,75814
Belovo,54.42119,86.29907,RU,29,75764
Takefu,35.90393,136.16687,JP,06,75753
Tarub,-6.93333,109.16667,ID,07,75739
Waterford,42.69303,-83.41181,US,MI,75737
Madhubani,26.35367,86.07169,IN,34,75736
Kageleke,37.30096,79.60128,CN,13,75730
Kotido,2.98056,34.13306,UG,N,75700
Turbat,26.00122,63.04849,PK,02,75694
Bodināyakkanūr,10.01171,77.34976,IN,25,75680
Kanjia,36.37227,119.58208,CN,25,75669
Yinzhu,35.87861,119.97528,CN,25,75656
Khadki,18.5635,73.85205,IN,16,75654
Battersea,51.47475,-0.15547,GB,ENG,75651
Chekhov,55.14552,37.46193,RU,47,75643
Bihać,44.81694,15.87083,BA,01,75641
Souk El Arbaa,34.68473,-6.00344,MA,04,75635
Battaramulla South,6.8964,79.9181,LK,36,75633
Warabi,35.82188,139.68545,JP,34,75614
Sapiranga,-29.63806,-51.00694,BR,23,75613
Ibiúna,-23.65639,-47.2225,BR,27,75605
Kita,13.03885,-9.48817,ML,03,75598
Gare,48.83337,2.37513,FR,11,75580
Dhrāngadhra,22.99167,71.46793,IN,09,75578
Kryukiv,49.02894,33.43847,UA,18,75578
Al Karama,25.24004,55.30106,AE,03,75560
Tezpur,26.63333,92.8,IN,03,75540
Osijek,45.55066,18.6942,HR,10,75535
Lapa,-23.52355,-46.70726,BR,27,75533
Piła,53.15145,16.73782,PL,86,75532
Nevşehir,38.625,34.71222,TR,50,75527
Evanston,42.04114,-87.69006,US,IL,75527
Kanaker-Zeytun,40.22,44.53833,AM,11,75500
Gladbeck,51.57077,6.98593,DE,07,75499
Ode,7.7899,5.7117,NG,48,75463
Miki,34.8,134.98333,JP,13,75450
Manteca,37.79743,-121.21605,US,CA,75448
Schiedam,51.91917,4.38889,NL,11,75438
Ra'anana,32.1836,34.87386,IL,02,75421
Döbling,48.25,16.33333,AT,09,75418
Saint-Maur-des-Fossés,48.79395,2.49323,FR,11,75402
Srivilliputhur,9.51272,77.63369,IN,25,75396
Anhanguera,-23.43088,-46.79295,BR,27,75360
Bariq,18.92966,41.92953,SA,11,75351
Ulu Tiram,1.6,103.81667,MY,01,75350
Chaoyang,42.66223,126.0263,CN,05,75347
Dawbon,16.51634,95.60285,MM,03,75325
Benipur,26.05509,86.14557,IN,34,75317
Ekpé,6.39209,2.53725,BJ,16,75313
Kai,35.68463,138.50979,JP,46,75313
East Kilbride,55.76412,-4.17669,GB,SCT,75310
Wyoming,42.91336,-85.70531,US,MI,75275
Kruševac,43.58,21.33389,RS,SE,75256
Hongch’ŏn,37.6918,127.8857,KR,06,75251
Kampong Chhnang,12.25,104.66667,KH,03,75244
Trujillo Alto,18.35467,-66.00739,PR,139,75243
Shangmei,27.74278,111.29556,CN,11,75233
Pāloncha,17.60184,80.70509,IN,40,75224
Igbo-Ukwu,6.01798,7.02027,NG,25,75224
Mek’ī,8.15,38.81667,ET,51,75200
Loveland,40.39776,-105.07498,US,CO,75182
Rundu,-17.91796,19.77314,NA,40,75180
Cheektowaga,42.90339,-78.75475,US,NY,75178
Hove,50.83088,-0.1672,GB,ENG,75174
Concórdia,-27.23417,-52.02778,BR,26,75167
Crateús,-5.17775,-40.66949,BR,06,75159
Fuyu,47.79494,124.45773,CN,08,75147
Virac,13.5848,124.2374,PH,05,75135
Kings Bridge,40.87871,-73.90514,US,NY,75132
Pedro Juan Caballero,-22.54925,-55.7387,PY,02,75109
Bismarck,46.80833,-100.78374,US,ND,75092
Basyūn,30.93976,30.81338,EG,05,75084
Kpalimé,6.9,0.63333,TG,25,75084
Okegawa,36.0,139.55722,JP,34,75062
Kumanovo,42.13279,21.71585,MK,D7,75051
Katano,34.79329,135.68596,JP,32,75033
Gela,37.07381,14.24038,IT,15,75001
Barra do Dande,-8.47175,13.37011,AO,19,75000
Feriana,34.94529,8.56789,TN,02,75000
Katoro,-2.99983,31.93261,TZ,28,75000
Tekstylnyk,47.94594,37.69848,UA,05,75000
Củ Chi,10.97333,106.49325,VN,79,75000
Sukagawa,37.28333,140.38333,JP,08,74992
Spijkenisse,51.845,4.32917,NL,11,74988
Encarnación,-27.33176,-55.86662,PY,11,74983
Aprilia,41.59452,12.65419,IT,07,74977
Xinying,23.30694,120.31056,TW,04,74972
Perris,33.78252,-117.22865,US,CA,74971
Haninge,59.16775,18.14478,SE,26,74968
Maozhou,22.76361,113.81288,CN,30,74910
Jaora,23.63783,75.12711,IN,35,74907
Bethlehem,40.62593,-75.37046,US,PA,74892
Gävle,60.67452,17.14174,SE,03,74884
Arnsberg,51.38333,8.08333,DE,07,74879
Topi,34.07034,72.62147,PK,03,74867
Molepolole,-24.40659,25.49508,BW,06,74861
Tura,25.51421,90.20239,IN,18,74858
Gūdūr,14.15093,79.8521,IN,02,74851
Albany,31.57851,-84.15574,US,GA,74843
El Tocuyo,9.78709,-69.79294,VE,13,74829
Hihyā,30.6713,31.58801,EG,14,74823
Huilong,31.81111,121.655,CN,04,74818
Keren,15.77792,38.45107,ER,01,74800
Ubud,-8.5098,115.2654,ID,02,74800
Yotsuya,35.68972,139.71641,JP,40,74800
Nam Cheong,22.32799,114.15389,HK,KSS,74780
Beidao,34.56861,105.89333,CN,15,74767
Troisdorf,50.80901,7.14968,DE,07,74749
Moroni,-11.70216,43.25506,KM,02,74749
Aylesbury,51.81665,-0.81458,GB,ENG,74748
Valdemoro,40.19081,-3.67887,ES,29,74745
Bhalwal,32.26576,72.89809,PK,04,74744
Ciudad Real,38.98626,-3.92907,ES,54,74743
Helmond,51.48167,5.66111,NL,06,74740
Yanggu,36.11056,115.77528,CN,25,74725
Kowloon West End,22.32848,114.18514,HK,KKC,74710
Alicia,16.77936,121.69734,PH,02,74699
Schaumburg,42.03336,-88.08341,US,IL,74693
Am Timan,11.0433,20.28342,TD,13,74691
Évosmos,40.67056,22.90833,GR,ESYE12,74686
Parque Do Carmo,-23.57595,-46.46298,BR,27,74677
Changnyeong,35.54145,128.49506,KR,20,74668
Mirpur Mathelo,28.02136,69.54914,PK,05,74651
Gobernador Gálvez,-33.03016,-60.64045,AR,21,74650
Vedado del Cotorro,23.05,-82.25,CU,02,74650
Jōyō,34.84396,135.80561,JP,22,74607
Longgang,29.69744,105.71369,CN,33,74605
Banská Bystrica,48.73947,19.14932,SK,01,74590
Asbest,57.00816,61.46344,RU,71,74583
Narnaul,28.04444,76.10833,IN,10,74581
Sunāmganj,25.06889,91.40243,BD,86,74570
Cannes,43.55135,7.01275,FR,93,74545
Gastonia,35.26208,-81.1873,US,NC,74543
Irecê,-11.30417,-41.85583,BR,05,74507
Hyosha,0.69781,29.51863,CD,11,74502
Brownsville,40.66094,-73.92014,US,NY,74497
Balotra,25.83242,72.24,IN,24,74496
Union City,37.59577,-122.01913,US,CA,74494
Bismil,37.84514,40.65931,TR,21,74493
Aramoko-Ekiti,7.70483,5.04054,NG,54,74491
Katori-shi,35.89767,140.49943,JP,04,74469
Kharar,30.74632,76.64689,IN,23,74460
Shancheng,34.79528,116.08167,CN,25,74459
Bilecik,40.14192,29.97932,TR,11,74457
Zhangzhai,34.61667,116.95,CN,04,74433
Calais,50.95194,1.85635,FR,32,74433
Izumiōtsu,34.5,135.4,JP,32,74412
Nanma,36.18478,118.15486,CN,25,74406
Méagui,5.4119,-6.5603,CI,76,74365
Iţsā,29.2376,30.78944,EG,04,74357
Huicheng,29.86925,118.43364,CN,01,74349
Asti,44.90162,8.20751,IT,12,74348
Foumbot,5.50803,10.6325,CM,08,74319
Tatsuno,34.83184,134.54338,JP,13,74316
Bolingbrook,41.69864,-88.0684,US,IL,74306
Yadgir,16.77007,77.13755,IN,19,74294
Bosaso,11.28421,49.18158,SO,03,74287
Rāmhormoz,31.27997,49.60351,IR,15,74285
Kilifi,-3.63045,39.84992,KE,23,74270
Harda,22.34414,77.09536,IN,35,74268
Yuanshang,36.76833,120.34556,CN,25,74253
Ragusa,36.92574,14.72443,IT,15,74251
Silao de la Victoria,20.94361,-101.42696,MX,11,74242
Iowa City,41.66113,-91.53017,US,IA,74220
Pilkhua,28.71271,77.656,IN,36,74212
Seosan,36.78167,126.45222,KR,17,74208
Tosu,33.36667,130.51667,JP,33,74196
Khalándrion,38.02369,23.80068,GR,ESYE31,74192
Vélez-Málaga,36.78107,-4.10266,ES,51,74190
Suixi,33.89067,116.77473,CN,01,74172
Eusébio,-3.89,-38.45056,BR,06,74170
Layton,41.06022,-111.97105,US,UT,74143
Xinmin,41.99083,122.82528,CN,19,74139
Missouri City,29.61857,-95.53772,US,TX,74139
Appleton,44.26193,-88.41538,US,WI,74139
Igbara-Odo,7.50251,5.06258,NG,54,74121
Zhangzhuang,34.51944,117.00556,CN,04,74114
Ambājogāi,18.73312,76.38616,IN,16,74114
Meshgīn Shahr,38.399,47.682,IR,32,74109
Al Qā’im,34.39251,40.98945,IQ,01,74100
Shelby,42.67087,-83.03298,US,MI,74099
Fuentes del Valle,19.6325,-99.13861,MX,15,74087
Imerintsiatosika,-18.98333,47.31667,MG,13,74085
Béziers,43.34122,3.21402,FR,76,74081
Kāpas Herd,28.52614,77.08396,IN,07,74073
Bafia,4.75,11.23333,CM,11,74050
Gucheng Chengguanzhen,32.26604,111.63476,CN,12,74038
Xianshuigu,38.985,117.38278,CN,28,74028
Zaraza,9.35029,-65.32452,VE,12,74017
Oriximiná,-1.76556,-55.86611,BR,16,74016
Fort Myers,26.62168,-81.84059,US,FL,74013
Inuyama,35.37995,136.94295,JP,01,73995
Bela,25.92058,81.99629,IN,36,73992
Ostrowiec Świętokrzyski,50.92936,21.38525,PL,84,73989
Sarai Alamgir,32.90495,73.75518,PK,04,73967
Boynton Beach,26.52535,-80.06643,US,FL,73966
Wattenscheid,51.48057,7.14251,DE,07,73965
Bocholt,51.83879,6.61531,DE,07,73943
Yunyang,33.44743,112.71422,CN,09,73922
Casoria,40.90751,14.293,IT,04,73918
Msalātah,32.58345,14.03627,LY,82,73907
Jonesboro,35.8423,-90.70428,US,AR,73907
Majene,-3.5403,118.9707,ID,41,73883
Kortrijk,50.82803,3.26487,BE,VLG,73879
Youssoufia,32.24634,-8.52941,MA,07,73848
Sipalay,9.75194,122.40417,PH,06,73847
Gbadolite,4.279,21.00284,CD,26,73835
Rabkavi,16.47567,75.1106,IN,19,73835
Pistoia,43.93064,10.92365,IT,16,73832
Chimbas,-31.49313,-68.53263,AR,18,73829
Gandia,38.96667,-0.18333,ES,60,73829
South Lawndale,41.84364,-87.71255,US,IL,73826
Prilep,41.34558,21.5537,MK,E3,73814
Ozubulu,5.95753,6.85305,NG,25,73812
Vlaardingen,51.9125,4.34167,NL,11,73798
Ifrane,33.52666,-5.11019,MA,03,73782
Kyōtanabe,34.8045,135.76681,JP,22,73753
Bundaberg,-24.86621,152.3479,AU,04,73747
Aku,6.70902,7.31826,NG,47,73742
Huayuan,28.28635,117.20656,CN,03,73732
Shibīn al Qanāţir,30.31269,31.32018,EG,12,73711
Goianésia,-15.3175,-49.1175,BR,29,73707
Lanxi,29.21588,119.47156,CN,02,73706
Logan Square,41.92337,-87.69922,US,IL,73702
Oudtshoorn,-33.60047,22.19955,ZA,11,73694
Drohobych,49.35196,23.51121,UA,15,73682
Detmold,51.93855,8.87318,DE,07,73680
Bawāna,28.7982,77.03431,IN,07,73680
Al Buraymī,24.25088,55.79312,OM,10,73670
Kasama,36.38333,140.26667,JP,14,73664
Genhe,50.78333,121.51667,CN,20,73631
Gresik,-7.15389,112.65611,ID,08,73629
Birobidzhan,48.793,132.92033,RU,89,73623
Oyan,8.05,4.76667,NG,42,73622
Shāhābād,27.6431,79.9402,IN,36,73606
Chokolivka,50.42444,30.44732,UA,12,73600
Walvis Bay,-22.9575,14.50528,NA,29,73598
Don Carlos,7.68,125.005,PH,10,73592
Sewon,-7.87639,110.35889,ID,10,73585
Virudhachalam,11.51497,79.32824,IN,25,73585
Luocheng,29.38481,104.02862,CN,32,73581
Kabanjahe,3.1001,98.4908,ID,26,73581
Rapid City,44.08054,-103.23101,US,SD,73569
Necochea,-38.5545,-58.73961,AR,01,73557
Chāndpur,29.13489,78.27187,IN,36,73555
Cao Bằng,22.66568,106.25786,VN,04,73549
Târgu Jiu,45.05,23.28333,RO,19,73545
Bat Khela,34.6178,71.97247,PK,03,73525
Jega,12.22336,4.37971,NG,40,73495
Warner Robins,32.61574,-83.62664,US,GA,73490
Cosmópolis,-22.64583,-47.19611,BR,27,73474
Heguan,36.88998,118.57379,CN,25,73470
Solok,-0.8006,100.6571,ID,24,73438
Kāsipālaiyam,11.31984,77.70971,IN,25,73425
Rochester Hills,42.65837,-83.14993,US,MI,73424
Viana,-20.39028,-40.49611,BR,08,73423
Chibuto,-24.68667,33.53056,MZ,02,73393
Canary Wharf,51.50519,-0.02085,GB,ENG,73390
Sikandarābād,28.45226,77.70004,IN,36,73379
Asaba,6.19824,6.73187,NG,36,73374
Chilca,-12.08628,-75.20827,PE,12,73371
Cloverdale,49.10797,-122.7276,CA,02,73355
Ohafia-Ifigh,5.61455,7.81191,NG,45,73355
Juegang,32.31737,121.18552,CN,04,73317
Virudunagar,9.58509,77.95787,IN,25,73273
Bonao,18.94154,-70.41111,DO,31,73269
Khlong San,13.73008,100.50874,TH,40,73263
Yoshikawa,35.89232,139.84184,JP,34,73262
Belek,36.8631,31.06541,TR,07,73260
Decatur,39.84031,-88.9548,US,IL,73254
Kadiyivka,48.56818,38.64352,UA,14,73248
Tatvan,38.49221,42.28269,TR,13,73222
General Roca,-39.03333,-67.58333,AR,16,73212
Kawit,14.44426,120.90164,PH,40,73210
Fada N'gourma,12.06157,0.35843,BF,08,73200
Peterhof,59.88333,29.9,RU,66,73199
Shostka,51.86434,33.47283,UA,21,73197
Pierrefonds-Roxboro,45.5019,-73.8417,CA,10,73194
Pacajus,-4.1725,-38.46056,BR,06,73188
Taman Senai,1.6006,103.6419,MY,01,73176
Dazaifu,33.51278,130.52389,JP,07,73164
Southfield,42.47337,-83.22187,US,MI,73156
Richard-Toll,16.4625,-15.70083,SN,14,73147
Pattukkottai,10.42358,79.31949,IN,25,73135
Siemianowice Śląskie,50.32738,19.02901,PL,83,73121
Negēlē,5.31667,39.58333,ET,51,73100
Mayagüez,18.20107,-67.13962,PR,097,73077
Néa Smýrni,37.94504,23.71416,GR,ESYE31,73076
Ţāmiyah,29.47639,30.96119,EG,04,73070
Joypur Hāt,25.10147,89.02734,BD,83,73068
Ishioka,36.18333,140.26667,JP,14,73061
Gaspar,-26.93139,-48.95889,BR,26,73053
Majalengka,-6.83611,108.22778,ID,30,73052
Pusad,19.91274,77.57838,IN,16,73046
Berdychiv,49.89421,28.58236,UA,27,73046
Sihanoukville,10.60932,103.52958,KH,28,73036
Ratchathewi,13.759,100.53358,TH,40,73035
Alegrete,-29.78306,-55.79194,BR,23,73028
Jatibarang,-6.47472,108.31528,ID,30,73010
Beled Hawo,3.9284,41.87997,SO,06,73000
Shixing,24.94824,114.06572,CN,30,72996
Koch'ang,35.43333,126.7,KR,03,72996
Rubí,41.49226,2.03305,ES,56,72987
Zlín,49.22645,17.67065,CZ,90,72973
Jurong East,1.32888,103.73995,SG,04,72960
Dongdu,35.85,117.7,CN,25,72957
Balanga,14.67611,120.53611,PH,03,72954
San Juan de la Maguana,18.8064,-71.22626,DO,23,72950
Bayreuth,49.94782,11.57893,DE,02,72940
Oyem,1.5995,11.57933,GA,09,72939
Rābigh,22.79856,39.03493,SA,14,72928
Lappeenranta,61.05871,28.18871,FI,09,72909
Ostrów Wielkopolski,51.65501,17.80686,PL,86,72898
Saint George,37.10415,-113.58412,US,UT,72897
Padre Las Casas,-38.76081,-72.5982,CL,04,72892
Rosh Ha‘Ayin,32.09556,34.95664,IL,02,72881
Caserta,41.07262,14.33231,IT,04,72844
Yanjia,29.82758,106.99734,CN,33,72825
Dachnoye,59.84167,30.25583,RU,66,72822
Bethal,-26.45794,29.46553,ZA,07,72821
Krathum Baen,13.6533,100.25972,TH,55,72819
Nanyuki,0.00624,37.07398,KE,29,72813
New Britain,41.66121,-72.77954,US,CT,72808
Tindivanam,12.234,79.65551,IN,25,72796
Dongkan,33.99972,119.83083,CN,04,72789
Chopda,21.24578,75.29946,IN,16,72783
Minusinsk,53.70117,91.70797,RU,91,72781
Paine,-33.80796,-70.74109,CL,12,72759
Almelo,52.35667,6.6625,NL,15,72725
Thaba Nchu,-29.20932,26.83898,ZA,03,72721
Selva Alegre,-16.37057,-71.52724,PE,04,72696
Hương Trà,16.52539,107.4755,VN,46,72677
Huangchuan,32.13902,115.04286,CN,09,72663
Georgiyevsk,44.1494,43.47019,RU,70,72649
Daytona Beach,29.21081,-81.02283,US,FL,72647
Yelabuga,55.76232,52.04425,RU,73,72643
Franklin,35.92506,-86.86889,US,TN,72639
Naro-Fominsk,55.38752,36.73307,RU,47,72632
Port Area,14.58945,120.96698,PH,NCR,72605
Sitrah,26.15472,50.62056,BH,16,72601
Wusu,44.43105,84.67623,CN,13,72587
Nutana Sector,52.09998,-106.63709,CA,11,72564
Talā,30.6798,30.94364,EG,09,72536
Lanxi,46.25773,126.28065,CN,08,72528
Guamúchil,25.4587,-108.07732,MX,25,72500
Tailândia,-2.94722,-48.95306,BR,16,72493
Miyang,24.40417,103.44278,CN,29,72485
Ferkessédougou,9.5928,-5.19449,CI,87,72476
Taliparamba,12.04161,75.35927,IN,13,72465
Steglitz,52.45606,13.332,DE,16,72464
Hekinan,34.88333,136.98333,JP,01,72458
Jiangzhuang,36.49444,119.79417,CN,25,72453
Beichengqu,40.43944,113.15361,CN,20,72444
Gongju,36.45556,127.12472,KR,17,72435
Arua,3.02013,30.91105,UG,N,72400
Candeias,-12.66778,-38.55056,BR,05,72382
Socopó,8.23062,-70.82198,VE,05,72352
Sangāreddi,17.62477,78.08669,IN,40,72344
Shumen,43.27064,26.92286,BG,54,72342
Venado Tuerto,-33.74585,-61.96711,AR,21,72340
Pālghar,19.69693,72.76543,IN,16,72335
Maroúsi,38.05,23.8,GR,ESYE31,72333
Kalima,-5.4854,28.21601,CD,29,72327
Bangkok Yai,13.72319,100.476,TH,40,72321
Xinzhi,36.49889,111.70472,CN,24,72303
Finlyandskiy,59.96824,30.36415,RU,42,72292
Turlock,37.49466,-120.84659,US,CA,72292
Dharapuram,10.73828,77.53223,IN,25,72291
Abancay,-13.63426,-72.8838,PE,03,72277
Temple,31.09823,-97.34278,US,TX,72277
Licheng,31.42813,119.48353,CN,04,72276
Sobradinho,-15.64713,-47.79315,BR,07,72273
Adelaide Hills,-34.91119,138.70735,AU,05,72260
Guanajuato,21.01858,-101.2591,MX,11,72237
Cascavel,-4.13306,-38.24194,BR,06,72232
Suva Reka,42.35861,20.825,XK,10097361,72229
West Ridge,41.99975,-87.69284,US,IL,72211
Radès,36.76946,10.27468,TN,27,72209
K’olīto,7.31667,38.08333,ET,55,72200
Chiryū,35.0,137.03333,JP,01,72193
Ash Shafā,21.07268,40.31842,SA,14,72190
Apple Valley,34.50083,-117.18588,US,CA,72174
Sagay,10.94472,123.42417,PH,06,72153
Sarnia,42.97866,-82.40407,CA,08,72125
Kyosai,34.85028,128.58861,KR,20,72124
Mysłowice,50.20745,19.16668,PL,83,72124
Payyanur,12.0935,75.20249,IN,13,72111
Ōtawara,36.86667,140.03333,JP,38,72087
Casa Nova,-9.17419,-40.97514,BR,05,72086
Nizwá,22.93333,57.53333,OM,01,72076
Zhoucheng,35.91222,116.31167,CN,25,72070
Sault Ste. Marie,46.51677,-84.33325,CA,08,72051
Sakrand,26.13845,68.27444,PK,05,72040
Itapira,-22.43611,-46.82167,BR,27,72022
Thị Trấn Mạo Khê,21.05858,106.59255,VN,22,72012
Mariano Roque Alonso,-25.20791,-57.53202,PY,06,72008
Rio do Sul,-27.21417,-49.64306,BR,26,72006
Larnaca,34.9221,33.62794,CY,03,72000
Purley,51.33678,-0.11201,GB,ENG,72000
Bandar Saujana Utama,3.20663,101.47729,MY,12,72000
Al Līth,20.14804,40.27224,SA,14,72000
Bromma,59.34,17.94,SE,26,72000
Lynwood,33.93029,-118.21146,US,CA,71989
La Paz,15.44125,120.72863,PH,03,71978
Waukesha,43.01168,-88.23148,US,WI,71970
Le Bardo,36.81058,10.13481,TN,36,71961
Gouda,52.01667,4.70833,NL,11,71952
Sheopur,25.66472,76.69616,IN,35,71951
Channapatna,12.65143,77.20672,IN,19,71942
Bothaville,-27.3887,26.61701,ZA,03,71934
Araranguá,-28.93575,-49.49538,BR,26,71922
Antalaha,-14.90033,50.27876,MG,72,71898
Caidian,30.58333,114.03333,CN,12,71891
Busia,0.46005,34.11169,KE,13,71886
Canton,40.79895,-81.37845,US,OH,71885
Guildford,51.23536,-0.57427,GB,ENG,71873
Koyilandy,11.4381,75.69306,IN,13,71873
Mbouda,5.62611,10.25421,CM,08,71867
Afikpo,5.89258,7.93534,NG,53,71866
Landshut,48.52961,12.16179,DE,02,71863
Santa Lucía,27.91174,-15.54071,ES,53,71863
Gulfport,30.36742,-89.09282,US,MS,71856
Panzos,15.39862,-89.64147,GT,01,71846
Sunzha,43.32059,45.04903,RU,19,71841
Santa Isabel do Pará,-1.29861,-48.16056,BR,16,71837
Amatitlán,14.4774,-90.63489,GT,07,71836
Castro,-24.78927,-50.01225,BR,18,71809
Livyi Bereh,48.59381,34.56034,UA,04,71809
Saint John,45.27076,-66.05616,CA,04,71808
São Sebastião do Paraíso,-20.91694,-46.99139,BR,15,71796
Farīdpur,28.20997,79.54149,IN,36,71783
Tando Jam,25.42813,68.52923,PK,05,71760
Yüksekova,37.57362,44.28716,TR,70,71729
Birkhadem,36.71499,3.05002,DZ,01,71722
Zaandam,52.43854,4.82643,NL,07,71708
Borås,57.72101,12.9401,SE,28,71700
Shakhtarsk,48.05657,38.43826,UA,05,71700
Nyvky,50.46461,30.40593,UA,12,71700
Mānikganj,23.85768,90.00957,BD,81,71698
Esbjerg,55.47028,8.45187,DK,21,71698
Bouar,5.93404,15.59599,CF,09,71680
Migori,-1.06343,34.47313,KE,36,71668
Barauni,25.4709,85.976,IN,34,71660
Yawata,34.87009,135.7027,JP,22,71656
Apomu,7.35156,4.18335,NG,42,71656
Minami-Alps,35.616,138.46344,JP,46,71618
Xiuyan,40.29278,123.27444,CN,19,71614
Dārayyā,33.45835,36.23256,SY,08,71596
Delgado,13.72171,-89.16874,SV,10,71594
Pawtucket,41.87871,-71.38256,US,RI,71591
Chernogorsk,53.82878,91.30953,RU,31,71582
Lauderhill,26.14036,-80.21338,US,FL,71579
Peckham,51.47403,-0.06969,GB,ENG,71552
Rock Hill,34.92487,-81.02508,US,SC,71548
Khanabad,36.68304,69.11279,AF,24,71531
Sragen,-7.42639,111.02222,ID,07,71522
Luohuang,29.34662,106.43514,CN,33,71515
Madīnat as Sādāt,30.36742,30.50871,EG,03,71501
Tākestān,36.07057,49.69571,IR,38,71499
Campo Formoso,-10.5075,-40.32139,BR,05,71487
Dias d'Ávila,-12.6125,-38.29694,BR,05,71485
Fuengirola,36.53998,-4.62473,ES,51,71482
Solana,17.6528,121.691,PH,02,71475
Shangsi,22.15627,107.97953,CN,16,71468
Fiditi,7.71393,3.91665,NG,32,71461
Silver Spring,38.99067,-77.02609,US,MD,71452
Barnsley,53.55,-1.48333,GB,ENG,71447
Qarasu,44.20276,80.41639,CN,13,71446
Tokmok,42.84194,75.30149,KG,02,71443
Yumbo,3.58234,-76.49146,CO,29,71436
Borongan,11.60806,125.43194,PH,08,71431
Yukuhashi,33.72873,130.983,JP,07,71426
Medenine,33.35495,10.50548,TN,28,71406
Triyuga,26.7919,86.699,NP,1,71405
Shahrixon,40.71331,72.05706,UZ,01,71400
Oroquieta,8.4859,123.8048,PH,10,71373
Upington,-28.44776,21.25612,ZA,08,71373
Trujillo,9.36587,-70.43659,VE,21,71362
Don Torcuato,-34.49459,-58.62729,AR,01,71356
Zelenogorsk,56.10921,94.58698,RU,91,71354
West Gulfport,30.40409,-89.0942,US,MS,71329
Lowestoft,52.47523,1.75167,GB,ENG,71327
Krishnagiri,12.51921,78.21382,IN,25,71323
Parys,-26.9033,27.45727,ZA,03,71319
Agios Dimitrios,37.93333,23.73333,GR,ESYE31,71294
Sopur,34.28671,74.47228,IN,12,71292
Yalova,40.65501,29.27693,TR,92,71289
Winneba,5.35113,-0.62313,GH,04,71288
Szolnok,47.18066,20.19835,HU,20,71285
Changtu,42.77884,124.09545,CN,19,71284
Ban Ko Sire,7.88747,98.42575,TH,62,71284
Växjö,56.87767,14.80906,SE,12,71282
Huashan,34.63,116.73583,CN,04,71281
Ilidža,43.83148,18.30697,BA,01,71277
Lüneburg,53.25122,10.41548,DE,06,71260
Tôlanaro,-25.03249,46.98329,MG,53,71258
El Pueblito,20.54006,-100.44093,MX,22,71254
Flower Mound,33.01457,-97.09696,US,TX,71253
Stargard,53.33672,15.0499,PL,87,71224
Cremona,45.13325,10.02129,IT,09,71223
Rāyagada,19.17132,83.41428,IN,21,71208
Serendah,3.3646,101.6041,MY,12,71202
Anlu,31.2575,113.67833,CN,12,71198
Guasave,25.56792,-108.46949,MX,25,71196
Fernandópolis,-20.28389,-50.24639,BR,27,71186
Yilan,46.3223,129.56081,CN,08,71180
Zahirābād,17.68138,77.60743,IN,40,71166
Sur,22.56667,59.52889,OM,04,71152
Linjiang,31.09956,108.21964,CN,33,71149
Carpi,44.78237,10.8777,IT,05,71148
Khopoli,18.78562,73.34589,IN,16,71141
San Francisco del Rincón,21.01889,-101.85844,MX,11,71139
Centreville,38.84039,-77.42888,US,VA,71135
Grazhdanka,60.017,30.417,RU,66,71128
Ratangarh,28.08137,74.61854,IN,24,71124
Lafayette,40.4167,-86.87529,US,IN,71111
Moanda,-1.56652,13.1987,GA,02,71099
Thākurgaon,26.03097,88.46989,BD,87,71096
Hala,25.81459,68.42198,PK,05,71094
Mārkāpur,15.73534,79.26848,IN,02,71092
Passaic,40.85677,-74.12848,US,NJ,71085
Billstedt,53.55,10.13333,DE,04,71077
Guiping,23.39483,110.07434,CN,16,71066
Gemlik,40.43094,29.15969,TR,16,71063
Campo Belo,-23.62808,-46.66791,BR,27,71058
Tenri,34.58333,135.83333,JP,28,71052
Riverview,27.86614,-82.32648,US,FL,71050
Kalamassery,10.0614,76.32631,IN,13,71038
Sougueur,35.18568,1.49612,DZ,13,71036
Redlands,34.05557,-117.18254,US,CA,71035
Orita-Eruwa,7.55632,3.44107,NG,32,71027
Zográfos,37.97574,23.76911,GR,ESYE31,71026
Missoula,46.87215,-113.994,US,MT,71022
Rancho Cordova,38.58907,-121.30273,US,CA,71017
Farshūţ,26.05501,32.16274,EG,23,71013
Celle,52.62264,10.08047,DE,06,71010
Prymorskyi,47.07098,37.49973,UA,05,71008
Bolpur,23.66278,87.69695,IN,28,70998
Panjim,15.49574,73.82624,IN,33,70991
Rānāghāt,23.17623,88.56667,IN,28,70984
Horizonte,-4.09802,-38.486,BR,06,70983
Tanabe,33.73333,135.36667,JP,43,70972
Doba,8.66389,16.85324,TD,09,70942
Hongwŏn,40.02528,127.95583,KP,03,70923
Aubervilliers,48.91667,2.38333,FR,11,70914
Indaial,-26.89778,-49.23167,BR,26,70900
Wilmington,39.74595,-75.54659,US,DE,70898
Al Ghanāyim,26.87524,31.32963,EG,17,70884
Kuandian,40.72861,124.78472,CN,19,70867
Gwadar,25.12163,62.32541,PK,02,70852
Kiến Hưng,20.95833,105.78972,VN,01,70833
Musashimurayama,35.74242,139.42635,JP,40,70829
Shenzhen City Centre,22.53589,114.0771,CN,30,70826
Vila Nova de Gaia,41.12401,-8.61241,PT,17,70811
Aïn Temouchent,35.29749,-1.14037,DZ,36,70810
Uwajima,33.22375,132.56001,JP,05,70809
Ejura,7.38558,-1.35617,GH,02,70807
Poyang,28.99242,116.66754,CN,03,70787
Yongfeng,27.45493,112.16943,CN,11,70783
Lahraouyine,33.54138,-7.52848,MA,06,70783
Kopeysk,55.11686,61.61807,RU,13,70780
Eha Amufu,6.65915,7.75961,NG,47,70779
Fatehābād,29.51525,75.45554,IN,10,70777
Bāpatla,15.90422,80.46743,IN,02,70777
Södertälje,59.19554,17.62525,SE,26,70777
Gongchangling,41.11667,123.45,CN,19,70761
Beypore,11.17151,75.80611,IN,13,70751
Bir el Ater,34.74488,8.06024,DZ,33,70749
Jimo,36.38972,120.46222,CN,25,70733
Malumfashi,11.78935,7.62061,NG,24,70709
Cổ Đô,21.27964,105.36404,VN,01,70706
Janaúba,-15.8025,-43.30889,BR,15,70699
Koppal,15.34522,76.15478,IN,19,70698
Buenavista,8.97694,125.40889,PH,13,70691
Al Qanāyāt,30.61927,31.46165,EG,14,70687
Pala,9.3646,14.90725,TD,20,70677
Tongyeong,34.84957,128.42779,KR,20,70641
Badvel,14.7451,79.06288,IN,02,70626
Antanifotsy,-19.65,47.31667,MG,12,70626
Dialakorodji,12.70354,-7.96463,ML,07,70619
Sherwood Park,53.51684,-113.3187,CA,01,70618
Dādri,28.55257,77.55403,IN,36,70609
Kurortnyy,60.16562,29.908,RU,42,70589
Chingford,51.63033,0.00051,GB,ENG,70583
Samar,48.62893,35.2589,UA,04,70550
Thenkasi,8.96003,77.31525,IN,25,70545
New Braunfels,29.703,-98.12445,US,TX,70543
Pabianice,51.66446,19.35473,PL,74,70542
Altamura,40.82664,16.54952,IT,13,70539
Berekum,7.4534,-2.58404,GH,13,70536
Suratgarh,29.3215,73.89979,IN,24,70536
Santa María Chimalhuacán,19.42155,-98.95038,MX,15,70519
Mariano,8.83333,125.11667,PH,10,70516
Auraiya,26.46517,79.50918,IN,36,70508
Lamezia Terme,38.96255,16.30938,IT,03,70501
Vol’sk,52.04172,47.38267,RU,67,70500
Nungua,5.60105,-0.07713,GH,01,70483
Bailundo,-9.57499,15.99442,AO,12,70481
Halmstad,56.67446,12.85676,SE,06,70480
Cherry Hill,39.93484,-75.03073,US,NJ,70475
Mykytivskyi,48.31421,38.00378,UA,05,70474
Baiquan,47.60659,126.08231,CN,08,70472
Beloretsk,53.96206,58.39996,RU,08,70468
Palani,10.45034,77.5209,IN,25,70467
Benidorm,38.53816,-0.13098,ES,60,70450
Contramaestre,20.29884,-76.24499,CU,15,70438
Nabeul,36.45606,10.73763,TN,19,70437
Ishimbay,53.44769,56.03873,RU,08,70421
Alamata,12.416,39.55971,ET,53,70400
Capanema,-1.19583,-47.18083,BR,16,70394
Pagar Alam,-4.02506,103.24694,ID,32,70386
Grande Prairie,55.16667,-118.80271,CA,01,70385
Linares,24.85798,-99.56768,MX,19,70378
Bayramaly,37.61852,62.16715,TM,05,70376
Jiangyan,32.50611,120.14278,CN,04,70375
Maidenhead,51.52279,-0.71986,GB,ENG,70374
Shiguai,40.70583,110.28556,CN,20,70357
Faro,37.01869,-7.92716,PT,09,70347
Maebaru-chūō,33.55916,130.20148,JP,07,70339
Eniwa,42.89357,141.576,JP,12,70331
Flagstaff,35.19807,-111.65127,US,AZ,70320
Rittō,35.02745,135.99971,JP,35,70312
Chivacoa,10.15951,-68.89453,VE,22,70298
Farroupilha,-29.225,-51.34778,BR,23,70286
Anan,33.91667,134.65,JP,39,70285
Martil,35.61662,-5.27522,MA,01,70274
Danao,10.52083,124.02722,PH,07,70270
Gniezno,52.53481,17.58259,PL,86,70269
Brumado,-14.20361,-41.66528,BR,05,70268
Alphen aan den Rijn,52.12917,4.65546,NL,11,70251
Kadirli,37.37389,36.09611,TR,91,70248
Goya,-29.13995,-59.26343,AR,06,70245
Châu Đốc,10.7,105.11667,VN,91,70239
Phaya Thai,13.7803,100.54261,TH,40,70238
Dārāb,28.75171,54.54065,IR,07,70232
Şirvan,39.93778,48.929,AZ,07,70220
Schweizer-Reneke,-27.18871,25.32931,ZA,10,70214
Adler,43.42896,39.92391,RU,38,70200
Dimbokro,6.64678,-4.70519,CI,81,70198
Confederation,52.13912,-106.70356,CA,11,70192
Fuyang,30.05333,119.95194,CN,02,70183
Faranah,10.04036,-10.74343,GN,F,70181
Haining,30.53629,120.68638,CN,02,70171
Doğubayazıt,39.54694,44.08417,TR,04,70171
Alcalá de Guadaira,37.33791,-5.83951,ES,51,70155
Shankou,21.6,109.71667,CN,16,70153
Chapayevsk,52.9771,49.7086,RU,65,70147
Stafford,52.80521,-2.11636,GB,ENG,70145
Mauban,14.191,121.7309,PH,40,70135
Tsurugashima,35.95996,139.40283,JP,34,70117
Nallūr,11.1003,77.39136,IN,25,70115
Taungdwingyi,20.0065,95.54531,MM,15,70094
Inaruwa,26.60675,87.1478,NP,1,70093
Indang,14.19528,120.87694,PH,40,70092
Muncie,40.19338,-85.38636,US,IN,70087
Mineiros,-17.56944,-52.55111,BR,29,70081
Pan’an,34.75472,105.11167,CN,15,70072
Grajaú,-5.81944,-46.13861,BR,13,70065
Cahama,-16.28556,14.30962,AO,07,70061
Bamberg,49.89873,10.90067,DE,02,70047
Khāliş,33.80809,44.53343,IQ,10,70046
Ayvalık,39.31927,26.69341,TR,10,70002
Uxbridge,51.5489,-0.48211,GB,ENG,70000
Baikonur,45.61667,63.31667,KZ,08,70000
Dainava (Kaunas),54.91525,23.96831,LT,57,70000
Rabwah,31.75511,72.91403,PK,04,70000
Fordon,53.14821,18.17036,PL,73,70000
Vikindu,-7.00667,39.29849,TZ,02,70000
Mira Mesa,32.9156,-117.14392,US,CA,70000
Woodland Hills,34.16834,-118.60592,US,CA,70000
Linh Đàm,20.96441,105.83054,VN,01,70000
Raha,-4.838,122.7209,ID,22,69980
Duyên Hải,9.63497,106.49237,VN,86,69961
Weston,26.10037,-80.39977,US,FL,69959
Imola,44.35916,11.7132,IT,05,69953
Aigáleo,37.98333,23.68333,GR,ESYE31,69946
Izmayil,45.35058,28.83751,UA,17,69932
Mengcheng Chengguanzhen,33.26611,116.56605,CN,01,69916
San Joaquín,10.26061,-67.79348,VE,07,69894
Abhar,36.1468,49.218,IR,36,69889
Xinhe,36.925,119.59306,CN,25,69884
Moquegua,-17.19747,-70.93587,PE,18,69882
Shima,28.98773,105.92441,CN,33,69881
Güira de Melena,22.79688,-82.50651,CU,AR,69879
Chamrajnagar,11.92312,76.93949,IN,19,69875
Mertoyudan,-7.52,110.22639,ID,07,69871
Consolación del Sur,22.50545,-83.51309,CU,01,69857
Mīthepur,28.4974,77.31856,IN,07,69837
Vaasa,63.096,21.61577,FI,15,69819
Segamat,2.5148,102.8158,MY,01,69816
Rājbirāj,26.53968,86.74796,NP,2,69803
Ciro,7.83333,38.23333,ET,55,69800
Vidradnyi,50.43194,30.42231,UA,12,69800
Mérignac,44.84247,-0.64512,FR,75,69791
Bondowoso,-7.91346,113.82145,ID,08,69783
Satpayev,47.90409,67.54112,KZ,12510145,69782
Santa Cruz de Mara,10.79269,-71.68505,VE,23,69781
Māngrol,21.12268,70.11484,IN,09,69779
Kahror Pakka,29.6243,71.91437,PK,04,69743
Kaura Namoda,12.59371,6.58648,NG,57,69725
Basavakalyan,17.87445,76.94972,IN,19,69717
Planeta Rica,8.4115,-75.58508,CO,12,69708
Āsosa,10.06667,34.53333,ET,47,69700
Las Piedras,-34.7302,-56.21915,UY,02,69682
Kladno,50.14734,14.10285,CZ,88,69664
Pul Pehlad,28.49938,77.29104,IN,07,69657
Tacarigua,10.08621,-67.91982,VE,07,69636
Abū ‘Arīsh,16.96887,42.83251,SA,17,69632
Bairro Parque Nossa Senhora do Carmo,-23.40598,-46.31611,BR,27,69630
Khāsh,28.22107,61.21582,IR,04,69603
Fengping,24.39735,98.5177,CN,29,69586
Brossard,45.45008,-73.46583,CA,10,69575
Chāībāsa,22.55038,85.80249,IN,38,69565
Dougnane,14.95856,-16.86999,SN,07,69556
Tournai,50.60715,3.38932,BE,WAL,69554
Yokota,35.75,139.38333,JP,40,69550
Linares,-35.84667,-71.59308,CL,11,69535
Rhondda,51.65896,-3.44885,GB,WLS,69506
Biguaçu,-27.49417,-48.65556,BR,26,69486
Karonga,-9.93333,33.93333,MW,N,69486
Frederick,39.41427,-77.41054,US,MD,69479
Fuefuki,35.63526,138.63853,JP,46,69463
Frontera,26.92814,-101.45212,MX,07,69462
Minamiarupusu,35.60855,138.46473,JP,46,69459
Villa Carlos Paz,-31.4183,-64.49008,AR,05,69451
Pasco,46.23958,-119.10057,US,WA,69451
Mobārakeh,32.34612,51.50205,IR,28,69449
Thanlyin,16.76887,96.24503,MM,17,69448
Dobrich,43.56491,27.83138,BG,40,69434
Chengxian Chengguanzhen,33.74775,105.73294,CN,15,69427
Pittsburg,38.02798,-121.88468,US,CA,69424
Luquembo,-10.73912,17.71766,AO,12,69420
Núi Thành,15.43194,108.65946,VN,48,69406
Sayyān,15.17177,44.32442,YE,16,69404
Tripunittura,9.94283,76.33331,IN,13,69390
Bongabon,15.6321,121.1448,PH,03,69376
Gujar Khan,33.25411,73.30433,PK,04,69374
Kungsholmen,59.33183,18.04118,SE,26,69363
Xininglu,44.33957,84.90425,CN,13,69361
Kot Malik Barkhurdar,30.20379,66.98723,PK,02,69359
Chuhar Kana,31.75,73.8,PK,04,69321
Ridgewood,40.7001,-73.90569,US,NY,69317
Palatine,42.1103,-88.03424,US,IL,69308
Kampung Baru Balakong,3.02938,101.74714,MY,12,69302
Toyoake,35.038,136.99931,JP,01,69295
Bitola,41.03226,21.33553,MK,06,69287
Ambovombe,-25.17838,46.08722,MG,52,69265
Shājāpur,23.42637,76.27775,IN,35,69263
Anseong,37.01083,127.27028,KR,13,69255
Xuantan,29.20856,105.56974,CN,32,69250
Jiehu,35.54278,118.455,CN,25,69245
Bargny,14.69707,-17.23015,SN,01,69242
Ōdate,40.27178,140.55756,JP,02,69237
Verdun,45.46005,-73.57058,CA,10,69229
Suwałki,54.11175,22.93087,PL,81,69222
Mettupalayam,11.29971,76.93485,IN,25,69213
North Richland Hills,32.8343,-97.2289,US,TX,69204
San Leonardo,15.363,120.9639,PH,03,69180
Valdefuentes,40.49367,-3.6359,ES,29,69176
Union City,40.77955,-74.02375,US,NJ,69156
Kissimmee,28.30468,-81.41667,US,FL,69152
Linjiang,41.80694,126.90778,CN,05,69149
Hunedoara,45.75,22.9,RO,21,69136
Las Cumbres,9.09211,-79.53895,PA,08,69102
San Carlo All'Arena,40.86511,14.26291,IT,04,69094
Khlong Kum,13.78843,100.68033,TH,40,69071
Sunām,30.12883,75.79943,IN,23,69069
Tantou,26.03033,119.59739,CN,07,69050
Bhawānipatna,19.90717,83.16697,IN,21,69045
Sōja,34.67534,133.75091,JP,31,69030
Mindelo,16.89014,-24.98042,CV,11,69013
Ostend,51.21551,2.927,BE,VLG,69011
Nganjuk,-7.6051,111.9035,ID,08,69011
Sint-Niklaas,51.16509,4.1437,BE,VLG,69010
Chicoutimi,48.41963,-71.06369,CA,10,69004
Calauag,13.9575,122.288,PH,40,68999
Xiaoshi,41.29711,124.12092,CN,19,68994
Ziauddin Pur,28.70873,77.27654,IN,07,68993
Lençóis Paulista,-22.59861,-48.80028,BR,27,68990
Boconó,9.25385,-70.25105,VE,21,68990
Magalang,15.2151,120.6596,PH,03,68988
Ihnāsyā al Madīnah,29.0895,30.94319,EG,18,68976
Jamkhandi,16.50461,75.29146,IN,19,68938
Bogale,16.29415,95.39742,MM,03,68938
Güines,22.83837,-82.02673,CU,MA,68935
Royal Tunbridge Wells,51.13321,0.26256,GB,ENG,68910
Walnut Creek,37.90631,-122.06496,US,CA,68910
Ad Dilinjāt,30.82796,30.53552,EG,03,68901
Darnytskyi Masyv,50.44311,30.62759,UA,12,68900
Koson,39.0375,65.585,UZ,08,68900
Cantaura,9.30571,-64.35841,VE,02,68885
Granada,3.54625,-73.70687,CO,19,68876
Inongo,-1.9275,18.2881,CD,24,68852
Hoorn,52.6425,5.05972,NL,07,68852
Basmat,19.32872,77.15746,IN,16,68846
Libon,13.2997,123.4386,PH,05,68846
Assen,52.99667,6.5625,NL,01,68836
Chulucanas,-5.0925,-80.1625,PE,20,68835
Tuymazy,54.60638,53.71179,RU,08,68829
Taj Pul,28.49482,77.30587,IN,07,68796
Enugu-Ukwu,6.17146,7.00525,NG,25,68785
Cordova,35.15565,-89.7762,US,TN,68779
Moriya,35.93333,140.0,JP,14,68777
Itō,34.96667,139.08333,JP,37,68773
Yachimata,35.65,140.31667,JP,04,68769
Cabedelo,-6.98111,-34.83389,BR,17,68767
Venâncio Aires,-29.60639,-52.19194,BR,23,68763
Ponferrada,42.54664,-6.59619,ES,55,68736
Itapecuru Mirim,-3.3925,-44.35861,BR,13,68723
Jinjiang,19.73782,110.00928,CN,31,68720
Lupon,6.89814,126.00961,PH,11,68717
Gion,34.43333,132.46667,JP,11,68713
Idah,7.11345,6.73866,NG,41,68703
Yunmen,30.08274,106.32376,CN,33,68698
Lys’va,58.10737,57.81063,RU,90,68660
Knysna,-34.03627,23.04713,ZA,11,68659
Wushan,34.72083,104.88583,CN,15,68643
Kayamkulam,9.18173,76.50093,IN,13,68634
Mount Vernon,40.9126,-73.83708,US,NY,68628
Darya Khan,31.78447,71.10197,PK,04,68622
Dharmapuri,12.1277,78.15794,IN,25,68619
Heishan,41.68917,122.11278,CN,19,68603
Conroe,30.31188,-95.45605,US,TX,68602
Borisoglebsk,51.36892,42.09804,RU,86,68597
Obonoma,4.71131,6.79084,NG,50,68584
Dothan,31.22323,-85.39049,US,AL,68567
Sosnovyy Bor,59.8996,29.08574,RU,42,68563
Feodosiya,45.03199,35.38153,UA,11,68562
Aschaffenburg,49.97704,9.15214,DE,02,68551
Bouïra,36.37489,3.902,DZ,21,68545
Chinchiná,4.9825,-75.60361,CO,37,68512
Ouricuri,-7.8825,-40.08167,BR,30,68489
Budapest XVI. kerület,47.51482,19.17028,HU,05,68484
Tsuruga,35.653,136.06331,JP,06,68482
Hämeenlinna,60.99596,24.46434,FI,05,68473
Northridge,34.22834,-118.53675,US,CA,68469
Waterloo,42.49276,-92.34296,US,IA,68460
Tanauan,14.08627,121.14975,PH,40,68456
Pengcheng,36.43111,114.17,CN,10,68442
Wenjiang,28.38812,104.56339,CN,32,68433
Al Balyanā,26.23648,32.00387,EG,24,68413
Rivas-Vaciamadrid,40.32605,-3.51089,ES,29,68405
Sheki,41.19194,47.17056,AZ,48,68400
Nakivale Refugee Camp,-0.74064,30.99632,UG,W,68400
Maple Grove,45.07246,-93.45579,US,MN,68385
Baranoa,10.79408,-74.9164,CO,04,68383
Shima,24.44647,117.81216,CN,07,68375
Aparri,18.3566,121.6406,PH,02,68368
Bīsalpur,28.29253,79.80472,IN,36,68355
Peruíbe,-24.32,-46.99833,BR,27,68352
Mingguang,32.78017,117.96378,CN,01,68351
Ninghai,29.28917,121.42472,CN,02,68330
Framingham,42.27926,-71.41617,US,MA,68318
San Isidro,-12.09655,-77.04258,PE,15,68309
Icó,-6.40111,-38.86222,BR,06,68303
Sabae,35.94647,136.18498,JP,06,68302
Al Faḩāḩīl,29.0825,48.13028,KW,04,68290
Saldanha,-33.01167,17.9442,ZA,11,68284
Adrar,27.87429,-0.29388,DZ,34,68276
Issia,6.49224,-6.58558,CI,96,68263
Dolgoprudnyy,55.94958,37.50183,RU,47,68259
Formiga,-20.46444,-45.42639,BR,15,68248
Söke,37.7482,27.40614,TR,09,68230
Altagracia de Orituco,9.86005,-66.38139,VE,12,68207
Nghĩa Lộ,21.6,104.51667,VN,15,68206
Attili,16.7,81.6,IN,02,68196
Wimbledon,51.42212,-0.20805,GB,ENG,68187
Ina,35.82756,137.95378,JP,26,68177
Redondo Beach,33.84918,-118.38841,US,CA,68166
Corby,52.49637,-0.68939,GB,ENG,68164
Aïn Harrouda,33.63737,-7.44971,MA,06,68161
Notre-Dame-de-Grâce,45.47675,-73.61432,CA,10,68152
Langarūd,37.19548,50.15263,IR,08,68148
Guiglo,6.54368,-7.4935,CI,78,68113
Cadereyta Jiménez,25.59051,-100.00095,MX,19,68111
Majadahonda,40.47353,-3.87182,ES,29,68110
Bossier City,32.51599,-93.73212,US,LA,68094
Cumbum,9.73647,77.2847,IN,25,68090
Morón,10.48715,-68.20078,VE,07,68084
Neubrandenburg,53.55735,13.26105,DE,12,68082
Artemisa,22.81366,-82.75814,CU,AR,68073
Valle de Santiago,20.39148,-101.19103,MX,11,68058
Stamford Hill,51.56872,-0.07334,GB,ENG,68050
Sanlúcar de Barrameda,36.77808,-6.3515,ES,51,68037
Bir el Djir,35.72,-0.545,DZ,09,68032
Bungoma,0.5635,34.56055,KE,12,68031
Macenta,8.54351,-9.47099,GN,N,68020
Amparo,-22.70111,-46.76444,BR,27,68008
Munnar,10.08818,77.06239,IN,13,68000
Dorogomilovo,55.7418,37.54706,RU,48,68000
Balanbale,5.76897,45.76297,SO,05,68000
Panipat Taraf Makhdum Zadgan,29.41607,76.98831,IN,10,67998
Cadereyta,25.58333,-99.98333,MX,19,67994
Bourges,47.08333,2.4,FR,24,67987
Yorba Linda,33.88863,-117.81311,US,CA,67973
Nābha,30.37577,76.15292,IN,23,67972
Mustamäe,59.40482,24.68119,EE,01,67968
Ardeşen,41.19064,40.97935,TR,53,67965
Chaihe,44.7598,129.67826,CN,08,67963
Budyonnovsk,44.78389,44.16583,RU,70,67962
Bihāt,25.42534,86.02083,IN,34,67952
Minggang,32.45861,114.04861,CN,09,67945
Tangzhai,34.43278,116.59111,CN,01,67936
Xunyang,32.82389,109.36528,CN,26,67929
Barberton,-25.78842,31.05319,ZA,07,67927
Samāstipur,25.86222,85.77953,IN,34,67925
Calbayog City,12.0668,124.5962,PH,08,67921
Belogorsk,50.91239,128.51238,RU,05,67911
Hashima,35.329,136.68051,JP,09,67909
Kāranja,20.48273,77.48857,IN,16,67907
Stróvolos,35.14867,33.33384,CY,04,67904
Campiña,38.21896,-2.98069,ES,51,67904
Yanghe,38.27852,106.24776,CN,21,67901
Gode,5.95056,43.55186,ET,52,67900
Concepción del Uruguay,-32.48463,-58.23217,AR,08,67895
San Mateo Atenco,19.26757,-99.53214,MX,15,67890
Angat,14.9285,121.03,PH,03,67862
Woodbury,44.92386,-92.95938,US,MN,67855
San Fernando,-8.39818,-74.53774,PE,25,67844
Tanjung Selor,2.8375,117.36528,ID,42,67837
Conceição do Coité,-11.56389,-39.28278,BR,05,67825
Dongfeng,42.67387,125.52885,CN,05,67820
Roman,46.92119,26.92646,RO,28,67819
Sītāmarhi,26.59357,85.4906,IN,34,67818
Bârlad,46.23175,27.66907,RO,38,67818
Blagoevgrad,42.01457,23.09804,BG,38,67810
Deva,45.88333,22.9,RO,21,67802
Kamuli,0.94722,33.11972,UG,E,67800
Xo‘jayli Shahri,42.40881,59.44544,UZ,09,67800
Rājsamand,25.07145,73.8798,IN,24,67798
Huamak,13.7578,100.64737,TH,40,67798
Kaga,36.3,136.33333,JP,15,67793
Tamano,34.51745,133.94574,JP,31,67786
Quillota,-32.88341,-71.24882,CL,01,67779
Eau Claire,44.81135,-91.49849,US,WI,67778
Jiang’an,28.73335,105.0683,CN,32,67776
Kesklinn,59.4355,24.75748,EE,01,67766
Saraburi,14.53333,100.91667,TH,37,67763
Ishim,56.11254,69.48722,RU,78,67762
Zhenlai,45.84963,123.19791,CN,05,67760
Velsen-Zuid,52.46,4.65,NL,07,67758
Waldorf,38.62456,-76.93914,US,MD,67752
Dessau,51.83864,12.24555,DE,14,67747
Malkāpur,20.88555,76.19932,IN,16,67740
La Carlota,10.4242,122.9212,PH,06,67740
Santo Domingo Tehuantepec,16.32463,-95.24104,MX,20,67739
Shuangfengqiao,29.71859,106.62712,CN,33,67717
Forest Hills,40.71621,-73.85014,US,NY,67714
Apac,1.97556,32.53861,UG,N,67700
Dāmghān,36.1679,54.34292,IR,25,67694
Mococa,-21.46778,-47.00472,BR,27,67681
Hwadae,40.83806,129.49694,KP,17,67677
Songjianghe,42.1859,127.47895,CN,05,67672
Ede,52.03333,5.65833,NL,03,67670
Davis,38.54491,-121.74052,US,CA,67666
Subic,14.8787,120.23194,PH,03,67664
Şırnak,37.51393,42.45432,TR,80,67662
Tsushima,35.16667,136.71667,JP,01,67658
Yan Besar,5.7989,100.37264,MY,02,67653
Pālang,23.21824,90.35076,BD,81,67652
Modāsa,23.46253,73.29857,IN,09,67648
Glen Burnie,39.16261,-76.62469,US,MD,67639
Arenella,40.85734,14.2228,IT,04,67634
Banepā,27.6327,85.52201,NP,3,67629
Agbor,6.25375,6.1942,NG,36,67610
Camarillo,34.21639,-119.0376,US,CA,67608
Jaisalmer,26.91763,70.90387,IN,24,67604
Xaçmaz,41.46426,48.80565,AZ,60,67600
Luorong,24.40583,109.60861,CN,16,67593
Tomé-Açu,-2.41889,-48.15222,BR,16,67585
Kovel,51.21548,24.70077,UA,24,67575
Victoria,28.80527,-97.0036,US,TX,67574
Trapani,38.0176,12.53617,IT,15,67531
Paignton,50.43565,-3.56789,GB,ENG,67520
Rosales,15.89444,120.63278,PH,01,67510
Lüeyang Chengguanzhen,33.33205,106.15496,CN,26,67496
Tejen,37.38338,60.50545,TM,01,67488
Gaithersburg,39.14344,-77.20137,US,MD,67456
Babati,-4.21667,35.75,TZ,27,67445
Shorkot,31.91023,70.87757,PK,03,67439
Wenling,28.37524,121.38416,CN,02,67433
Chaguanas,10.51667,-61.41667,TT,CHA,67433
Buldāna,20.52933,76.18457,IN,16,67431
Montemorelos,25.18897,-99.82933,MX,19,67428
Omīdīyeh,30.76277,49.70226,IR,15,67427
Liepāja,56.50474,21.01085,LV,16,67421
Huajing,31.122,121.44925,CN,23,67415
Dhenkānāl,20.65744,85.59693,IN,21,67414
Ezza-Ohu,6.44094,8.08432,NG,53,67414
Ixtapa-Zihuatanejo,17.64344,-101.55212,MX,12,67408
Rossendale,53.68456,-2.2769,GB,ENG,67400
Fuqing,25.7294,119.37469,CN,07,67397
Urun-Islāmpur,17.05,74.26667,IN,16,67391
Caohe,30.2297,115.43346,CN,12,67370
Eskilstuna,59.36661,16.5077,SE,18,67359
Jacksonville,34.75405,-77.43024,US,NC,67357
Kiyosu,35.21667,136.83333,JP,01,67352
Kostyantynivka,48.52728,37.70594,UA,05,67350
Gaoliu,36.8,118.5,CN,25,67339
Gopālganj,26.46734,84.44041,IN,34,67339
City of Isabela,6.70407,121.97117,PH,14,67336
Breu Branco,-4.00092,-49.5068,BR,16,67332
Bongaigaon,26.47703,90.55815,IN,03,67322
Xinzhou,19.71446,109.31146,CN,31,67316
Zadar,44.11578,15.22514,HR,19,67309
Sangamner,19.56784,74.21154,IN,16,67309
San Luis,20.18813,-75.8503,CU,15,67293
Caicara del Orinoco,7.63501,-66.16815,VE,06,67277
Pingzhuang,42.03722,119.28889,CN,20,67273
South San Francisco,37.65466,-122.40775,US,CA,67271
Sousa,-6.75917,-38.22806,BR,17,67259
Kstovo,56.1475,44.19865,RU,51,67242
Shiojiri,36.1,137.96667,JP,26,67241
Lippstadt,51.67369,8.34482,DE,07,67219
Oum el Bouaghi,35.87541,7.11353,DZ,29,67201
Tomaszów Mazowiecki,51.53131,20.00855,PL,74,67197
Tabatinga,-4.23116,-69.93858,BR,04,67182
Tianliu,37.0,118.78333,CN,25,67165
Minchinabad,30.16356,73.56858,PK,04,67164
Lushar,36.48416,101.56328,CN,06,67153
Ödemiş,38.2278,27.96955,TR,35,67153
Köpenick,52.4455,13.57455,DE,16,67148
Wanggou,34.67147,116.49213,CN,04,67140
Fengkou,30.08268,113.33346,CN,12,67139
Néa Ionía,38.0357,23.75733,GR,ESYE31,67134
Hāveri,14.79354,75.40448,IN,19,67102
Dolores Hidalgo,21.15611,-100.9325,MX,11,67101
Shajing Town,22.73846,113.80755,CN,30,67093
Kenner,29.99409,-90.24174,US,LA,67091
Melati,-7.73333,110.36667,ID,10,67090
Santa Cruz Xoxocotlán,17.02958,-96.73518,MX,20,67086
Aalen,48.83777,10.0933,DE,01,67085
Washington,54.9,-1.51667,GB,ENG,67085
Jackson Heights,40.75566,-73.88541,US,NY,67067
Saint-Nazaire,47.27506,-2.2179,FR,52,67054
Fukutsu,33.783,130.49114,JP,07,67033
Przemyśl,49.78498,22.76728,PL,80,67013
Estepona,36.42764,-5.14589,ES,51,67012
Nunukan,4.13841,117.6507,ID,42,67006
Mannargudi,10.66626,79.45064,IN,25,66999
Dinslaken,51.56227,6.7434,DE,07,66993
Nizhyn,51.04772,31.88844,UA,02,66983
Rockville,39.084,-77.15276,US,MD,66980
Liuhe,42.28473,125.74544,CN,05,66975
Jackson,35.61452,-88.81395,US,TN,66975
Embu-Guaçu,-23.83222,-46.81139,BR,27,66970
Târgovişte,44.92543,25.4567,RO,16,66965
Lincoln Park,41.9217,-87.64783,US,IL,66959
Kashima-shi,35.96536,140.64474,JP,14,66950
Abū al Maţāmīr,30.91018,30.17438,EG,03,66946
Yuba City,39.14045,-121.61691,US,CA,66941
Hanyin Chengguanzhen,32.89139,108.50472,CN,26,66926
Tataouine,32.92967,10.45177,TN,34,66924
Jhālāwār,24.59633,76.16499,IN,24,66919
Solna,59.36004,18.00086,SE,26,66909
Aleksin,54.50484,37.06697,RU,76,66885
Portland,43.65737,-70.2589,US,ME,66881
Sidi Aïssa,35.88548,3.77236,DZ,27,66856
Palo Alto,37.44188,-122.14302,US,CA,66853
Saiki,32.95,131.9,JP,30,66851
Wacheng Neighborhood,33.78333,114.51667,CN,09,66848
Seinäjoki,62.79446,22.82822,FI,14,66848
Tarn Taran,31.45191,74.92777,IN,23,66847
General Pico,-35.6593,-63.75787,AR,11,66805
Neuwied,50.4336,7.47057,DE,08,66805
Ferrol,43.48451,-8.23293,ES,58,66799
Casas Adobes,32.32341,-110.9951,US,AZ,66795
Phúc Lợi,21.04507,105.9294,VN,01,66790
Bajos de Haina,18.41538,-70.03317,DO,33,66784
Point Cook,-37.91482,144.75088,AU,07,66781
Marysville,48.05176,-122.17708,US,WA,66773
Duoba,36.65795,101.53374,CN,06,66767
Siddipet,18.10483,78.84858,IN,40,66737
Unna,51.53795,7.68969,DE,07,66734
Shaozhuang,36.74701,118.31655,CN,25,66728
Dambulla,7.86,80.65167,LK,29,66716
Trang,7.55633,99.61141,TH,65,66713
Baní,18.27971,-70.33181,DO,35,66709
Sayhāt,26.48345,50.04849,SA,06,66702
Tēpī,7.2,35.45,ET,SW,66700
Parnas,60.06964,30.3487,RU,42,66693
Bakıxanov,40.41894,49.96693,AZ,09,66686
Korabelna Storona,44.60948,33.54348,UA,20,66686
Chiyoda,35.68449,139.75056,JP,40,66680
Karlskrona,56.16156,15.58661,SE,02,66675
Dinalupihan,14.87827,120.45221,PH,03,66670
Bellampalli,19.05577,79.493,IN,40,66660
Focșani,45.7,27.18333,RO,40,66648
South Jordan,40.56217,-111.92966,US,UT,66648
Santa Cruz,15.7654,119.9092,PH,03,66647
Tailai,46.39004,123.40849,CN,08,66623
Lishi,29.07888,106.262,CN,33,66620
Quartu Sant'Elena,39.22935,9.25004,IT,14,66620
La Mohammedia,36.67446,10.15633,TN,36,66593
Jidd Ḩafş,26.21861,50.54778,BH,16,66588
Chengyang,35.57944,118.83278,CN,25,66588
Aluche,40.39191,-3.75669,ES,29,66588
Sanchazi,42.08167,126.60028,CN,05,66576
Fort McMurray,56.72676,-111.38103,CA,01,66573
Kurihara,38.75,141.0,JP,24,66565
Daxu,34.28239,117.55266,CN,04,66563
Oshkosh,44.02471,-88.54261,US,WI,66555
Ramos Arizpe,25.53928,-100.94742,MX,07,66554
Aflao,6.11982,1.19012,GH,08,66546
Qaraqash,37.27246,79.73438,CN,13,66541
Barbil,22.10194,85.37752,IN,21,66540
Taihe,30.09949,106.0489,CN,33,66506
Koratla,18.82154,78.71186,IN,40,66504
North Little Rock,34.76954,-92.26709,US,AR,66504
Lianyuan,27.68833,111.66417,CN,11,66501
Goba,7.01667,39.98333,ET,51,66500
Stalowa Wola,50.58286,22.05334,PL,80,66495
Mansehra,34.33023,73.19679,PK,03,66486
Sokaraja,-7.45806,109.28806,ID,07,66482
Camaquã,-30.85111,-51.81222,BR,23,66478
Smila,49.23295,31.88427,UA,01,66475
Bayside,40.76844,-73.77708,US,NY,66455
Bununka Kunda,13.42722,-16.68528,GM,01,66449
Wuxi,26.5844,111.859,CN,11,66442
Vicálvaro,40.4,-3.6,ES,29,66439
Folkestone,51.08169,1.16734,GB,ENG,66429
Qipan,34.24469,118.22113,CN,04,66419
Plauen,50.4973,12.13782,DE,13,66412
Napier,-39.4926,176.91233,NZ,F2,66400
San Antonio del Táchira,7.8112,-72.44437,VE,20,66392
Rishīkesh,30.10778,78.29255,IN,39,66390
Kungur,57.41435,56.97157,RU,90,66389
Kituku,-7.58157,30.20604,CD,29,66378
Castelldefels,41.27794,1.97033,ES,56,66375
Goyerkāta,26.69984,89.02565,IN,28,66358
Klintsy,52.76033,32.23905,RU,10,66336
Tōgane,35.55,140.36667,JP,04,66332
Tangxiang,29.70226,105.72363,CN,33,66325
Neryungri,56.65836,124.72499,RU,63,66320
Huinan,42.6225,126.26139,CN,05,66315
Bayonne,40.66871,-74.11431,US,NJ,66311
Brixton,51.46593,-0.10652,GB,ENG,66300
Hounslow,51.46839,-0.36092,GB,ENG,66292
Besbes,36.70222,7.84722,DZ,44,66287
Eagan,44.80413,-93.16689,US,MN,66286
Beimeng,36.60444,119.49556,CN,25,66277
Leninogorsk,54.5971,52.45124,RU,73,66263
Cataguases,-21.38917,-42.69667,BR,15,66261
Bergen op Zoom,51.495,4.29167,NL,06,66256
Delray Beach,26.46146,-80.07282,US,FL,66255
Algueirão,38.79764,-9.3437,PT,14,66250
Loures,38.83091,-9.16845,PT,14,66231
Sosnovka,60.01667,30.35,RU,66,66227
Rajin,42.25559,130.28308,KP,18,66224
Granby,45.40008,-72.73243,CA,10,66222
Marondera,-18.18527,31.55193,ZW,04,66204
Gama,-8.5675,13.47639,AO,19,66202
Luoyang,24.95938,118.683,CN,07,66188
Mandamarri,18.96506,79.47475,IN,40,66176
Jesus Maria,-12.06982,-77.04495,PE,15,66171
Muling,44.91647,130.51707,CN,08,66170
Viladecans,41.31405,2.01427,ES,56,66168
Castellammare di Stabia,40.70211,14.48685,IT,04,66164
Cheria,35.27306,7.75194,DZ,33,66160
Kasungu,-13.03333,33.48333,MW,C,66152
Huanren,41.26472,125.36667,CN,19,66147
Qionghu,28.84122,112.35505,CN,11,66145
I‘zāz,36.58662,37.04628,SY,09,66138
Thái Hòa,18.92031,104.97441,VN,40,66127
Camucuio,-14.11382,13.24061,AO,13,66112
Gamping Lor,-7.79556,110.32639,ID,10,66110
Nikki,9.94009,3.21075,BJ,10,66109
Tanjong Malim,3.681,101.5198,MY,07,66103
Oued Lill,36.83408,10.04057,TN,39,66100
Beruniy,41.69111,60.7525,UZ,09,66090
Huanan,46.23624,130.54642,CN,08,66087
Tissemsilt,35.60722,1.81081,DZ,56,66084
Wamena,-4.09583,138.94806,ID,PE,66080
Gukovo,48.05133,39.93048,RU,61,66079
Sagunto,39.68333,-0.26667,ES,60,66070
Morón,22.10881,-78.62685,CU,07,66060
Liberdade,-23.56338,-46.63228,BR,27,66056
Puliyankudi,9.17489,77.39799,IN,25,66034
Zamość,50.72314,23.25196,PL,75,66034
Xiaolingwei,32.03244,118.854,CN,04,66031
Ambilobe,-13.2,49.05,MG,71,66029
Johnson City,36.31344,-82.35347,US,TN,66027
Kitamoto,36.03322,139.53775,JP,34,66022
Gwa,17.59369,94.57996,MM,01,66015
Ţurayf,31.672,38.663,SA,15,66014
Calapan,13.4117,121.1803,PH,41,66008
Johor Jaya,1.5392,103.8092,MY,01,66000
Kherson,46.63695,32.61458,UA,08,66000
Ganshui,28.74222,106.71111,CN,33,65994
Dale City,38.63706,-77.31109,US,VA,65969
Namyang-nodongjagu,42.95389,129.85722,KP,17,65956
Silvan,38.13708,41.00817,TR,21,65956
Salgueiro,-8.07417,-39.11917,BR,30,65946
Lesosibirsk,58.23544,92.48351,RU,91,65945
Cedar Park,30.5052,-97.82029,US,TX,65945
Jablah,35.36211,35.92759,SY,02,65915
Waterfront Communities-The Island,43.63388,-79.3772,CA,08,65913
Niitsu-honchō,37.80024,139.1224,JP,29,65910
Lahat,-3.78514,103.54279,ID,32,65906
Tanabe,34.82242,135.76604,JP,22,65903
Rotorua,-38.13874,176.24516,NZ,E8,65901
Duramē,7.23333,37.88333,ET,55,65900
Yaoji,34.06667,117.81667,CN,04,65897
Qiantang,30.18424,106.3165,CN,33,65894
Vilanova i la Geltrú,41.22392,1.72511,ES,56,65890
Mengyin,35.70694,117.92639,CN,25,65889
Parkchester,40.83899,-73.86041,US,NY,65876
Palín,14.40358,-90.69659,GT,06,65873
Lichtenburg,-26.152,26.15968,ZA,10,65863
Tatabánya,47.59247,18.38099,HU,12,65849
Atascocita,29.99883,-95.1766,US,TX,65844
Jietou,25.4274,98.65324,CN,29,65843
Saint Cloud,45.5608,-94.16249,US,MN,65842
Ellicott City,39.26733,-76.79831,US,MD,65834
Xiangcheng,33.85411,113.48719,CN,09,65833
Palāsa,18.77257,84.41012,IN,02,65833
Bayiji,34.26667,117.68333,CN,04,65830
Finchley,51.60096,-0.19518,GB,ENG,65812
Laguna Niguel,33.52253,-117.70755,US,CA,65806
Polewali,-3.4324,119.3435,ID,41,65800
Chegutu,-18.13021,30.14074,ZW,05,65800
Myŏngch’ŏn,41.07056,129.42917,KP,17,65797
Saint Charles,38.78394,-90.48123,US,MO,65794
União dos Palmares,-9.16278,-36.03194,BR,02,65790
Harlingen,26.19063,-97.6961,US,TX,65774
Shangkou,36.96556,118.88306,CN,25,65770
Polevskoy,56.44222,60.18778,RU,71,65770
Pavia,45.19205,9.15917,IT,09,65734
Ligezhuang,36.35778,120.14278,CN,25,65714
Mitoyo,34.21052,133.6746,JP,17,65713
Gohāna,29.13777,76.70247,IN,10,65708
Pulivendla,14.42139,78.22502,IN,02,65706
Từ Sơn,21.1,105.96667,VN,24,65697
Wrexham,53.04664,-2.99132,GB,WLS,65692
Quwaysinā,30.56482,31.15777,EG,09,65690
Chengalpattu,12.69184,79.97661,IN,25,65689
Dashitou,43.30667,128.51139,CN,05,65683
Rovaniemi,66.49897,25.68867,FI,19,65670
San Ildefonso,15.0809,120.941,PH,03,65669
San Miguel,15.1423,120.97568,PH,03,65661
Huanghua,35.88917,119.45778,CN,25,65646
Kędzierzyn-Koźle,50.34984,18.22606,PL,79,65636
Ipixuna do Pará,-2.55778,-47.495,BR,16,65625
Tulcea,45.1787,28.80501,RO,37,65624
Qingyang,37.49583,121.25806,CN,25,65622
Wadgaon Kolhati,19.84307,75.236,IN,16,65620
Babu,24.41667,111.51667,CN,16,65603
Souq Sebt Oulad Nemma,32.2973,-6.70301,MA,05,65601
Barreirinhas,-2.75556,-42.82591,BR,13,65589
Chivilcoy,-34.8969,-60.01909,AR,01,65575
Lādnūn,27.65312,74.39993,IN,24,65575
Ioánnina,39.66341,20.85187,GR,ESYE21,65574
Tupã,-21.93472,-50.51361,BR,27,65570
Wufeng,24.0637,120.698,TW,04,65567
Fleetwood,49.16667,-122.8,CA,02,65565
Bom Jesus da Lapa,-13.255,-43.41806,BR,05,65550
Nūrābād,34.0734,47.9725,IR,23,65547
Coroatá,-4.13,-44.12417,BR,13,65544
Korba,36.57861,10.85861,TN,19,65542
Basirpur,30.57759,73.83912,PK,04,65541
Yebaishou,41.3975,119.64083,CN,19,65536
Huaiyuan Chengguanzhen,32.95893,117.16566,CN,01,65530
San Clemente,33.42697,-117.61199,US,CA,65526
West Lynchburg,37.4032,-79.17808,US,VA,65517
Iganga,0.60917,33.46861,UG,E,65500
Al Manşūrah,25.26807,51.53219,QA,01,65493
Middletown,40.39428,-74.11709,US,NJ,65490
Burām,10.85826,25.15921,SD,49,65473
Dār Kulayb,26.06861,50.50389,BH,17,65466
Afgooye,2.1381,45.1212,SO,14,65461
Torremolinos,36.62035,-4.49976,ES,51,65448
Sattahip,12.66629,100.90179,TH,46,65444
Sokhumi,43.00697,40.9893,GE,02,65439
Supaul,26.11527,86.59509,IN,34,65437
Ellesmere Port Town,53.27875,-2.90134,GB,ENG,65430
Narok,-1.08083,35.87111,KE,41,65430
Fort Garry South,49.79225,-97.16359,CA,03,65420
Fīrūzābād,28.84459,52.57151,IR,07,65417
Framingham Center,42.29732,-71.43701,US,MA,65413
Xincheng,33.63333,115.18333,CN,09,65411
Itapoã,-15.74937,-47.7686,BR,07,65408
Colmar,48.08078,7.35584,FR,44,65405
Ārān Bīdgol,34.05751,51.48291,IR,28,65404
Głogów,51.66361,16.0845,PL,72,65400
Tendō,38.35361,140.36972,JP,44,65393
Torquay,50.46198,-3.52522,GB,ENG,65388
Bāqershahr,35.53164,51.4048,IR,26,65388
Bianzhuang,34.84861,118.04472,CN,25,65381
Pankow,52.56926,13.40186,DE,16,65375
Aïn M’Lila,36.03687,6.57219,DZ,29,65371
Meleuz,52.96467,55.93277,RU,08,65362
Ban Khoan,20.35008,100.09022,LA,22,65348
Tultepec,19.685,-99.12806,MX,15,65338
Suyangshan,34.39278,117.75556,CN,04,65333
Kumertau,52.76493,55.78785,RU,08,65321
Gangārāmpur,25.40138,88.52978,IN,28,65316
Ramanathapuram,9.37158,78.83077,IN,25,65314
Herten,51.59638,7.14387,DE,07,65306
Jagraon,30.78783,75.47391,IN,23,65305
Schenectady,42.81424,-73.93957,US,NY,65305
Perai,5.38333,100.38333,MY,09,65301
Urgut Shahri,39.41902,67.26118,UZ,10,65300
Sinnar,19.84505,73.99866,IN,16,65299
Hepingjie,42.05972,126.91583,CN,05,65298
Salamá,15.1021,-90.31906,GT,02,65275
Bairro Militar,11.8746,-15.6158,GW,11,65274
Kopargaon,19.88239,74.47605,IN,16,65273
Skhirate,33.8527,-7.03171,MA,04,65272
Nioko I,12.39501,-1.43861,BF,03,65263
Tulungagung,-8.0657,111.9025,ID,08,65262
Liuxin,34.36861,117.115,CN,04,65258
Capelle aan den IJssel,51.92917,4.57778,NL,11,65255
Gushikawa,26.35937,127.86735,JP,47,65251
Caoqiao,34.3405,118.11038,CN,04,65243
Manhiça,-25.40222,32.80722,MZ,04,65240
Alīpur Duār,26.4835,89.52286,IN,28,65232
Belize City,17.49952,-88.19756,BZ,01,65222
Lala Musa,32.70138,73.95746,PK,04,65197
Slavyansk-na-Kubani,45.25145,38.12129,RU,38,65196
Longshan,24.60089,98.70418,CN,29,65192
Craigieburn,-37.6,144.95,AU,07,65178
Irpin,50.52201,30.24037,UA,13,65167
Villa de Vallecas,40.36695,-3.60146,ES,29,65162
Januária,-15.47949,-44.3652,BR,15,65150
Fengrun,39.82664,118.13822,CN,10,65150
Pinheiros,-23.56729,-46.69232,BR,27,65145
Cheyenne,41.13998,-104.82025,US,WY,65132
Lalmonirhat,25.91719,89.44595,BD,87,65127
Aquiraz,-3.90139,-38.39111,BR,06,65116
Tandur,17.24849,77.57698,IN,40,65115
Ambarawa,-7.26333,110.3975,ID,07,65096
Ouezzane,34.79584,-5.57849,MA,01,65088
Kalush,49.02398,24.37206,UA,06,65088
Villasis,15.90167,120.58833,PH,01,65086
Estância,-11.26833,-37.43833,BR,28,65078
Broomfield,39.92054,-105.08665,US,CO,65065
Ames,42.03471,-93.61994,US,IA,65060
Park Slope,40.6701,-73.98597,US,NY,65047
Shawnee,39.04167,-94.72024,US,KS,65046
Mecheria,33.54453,-0.28117,DZ,49,65043
Maués,-3.38361,-57.71861,BR,04,65040
Kunyang,27.66583,120.56583,CN,02,65009
Bezerros,-8.23333,-35.79694,BR,30,65007
Bāzār-e Yakāwlang,34.73525,66.97379,AF,05,65000
Bāzārak,35.31292,69.51519,AF,42,65000
Ganda,-13.01592,14.63502,AO,01,65000
Patuakhali,22.36833,90.3458,BD,85,65000
Cricklewood,51.5567,-0.21549,GB,ENG,65000
Wrzeszcz,54.37648,18.60753,PL,82,65000
King Faisal Military City,28.45,45.96667,SA,06,65000
Reseda,34.20112,-118.53647,US,CA,65000
Itauguá,-25.39258,-57.35421,PY,06,64997
Guildford,49.19167,-122.8,CA,02,64985
Pampatar,11.00085,-63.79298,VE,17,64983
Conway,35.0887,-92.4421,US,AR,64980
Embu,-0.53987,37.45743,KE,15,64979
Sumusţā al Waqf,28.92095,30.85367,EG,18,64965
Tianzhuang,36.79583,119.73667,CN,25,64957
Villa del Rosario,7.83389,-72.47417,CO,21,64951
East Orange,40.76732,-74.20487,US,NJ,64949
Khulm,36.69736,67.69826,AF,30,64933
Gitega,-3.42708,29.92463,BI,13,64904
Sodegaura,35.41368,140.02135,JP,04,64901
Bodītī,6.96667,37.86667,ET,56,64900
Busia,0.46588,34.09221,UG,E,64900
Oas,13.2593,123.4963,PH,05,64890
Kolonnawa,6.9329,79.8848,LK,36,64887
Azul,-36.77803,-59.85848,AR,01,64884
Loughborough,52.76667,-1.2,GB,ENG,64884
Herford,52.11457,8.67343,DE,07,64879
Lingao,19.90873,109.68717,CN,31,64874
Hita,33.3213,130.94098,JP,30,64874
Portage Park,41.95781,-87.76506,US,IL,64841
Igarapé Miri,-1.975,-48.95972,BR,16,64831
Tongaat,-29.57366,31.11552,ZA,02,64829
Skokie,42.03336,-87.73339,US,IL,64821
Shikang,21.76667,109.31667,CN,16,64818
Massa,44.03541,10.13927,IT,16,64783
Grevenbroich,51.09102,6.5827,DE,07,64779
Čair,42.01528,21.44111,MK,F6,64773
Tecate,32.566,-116.63187,MX,02,64764
Valverde,40.50024,-3.67877,ES,29,64757
Dishnā,26.12242,32.46749,EG,23,64744
Rechytsa,52.3617,30.3916,BY,02,64733
Khatauli,29.27844,77.73302,IN,36,64731
Weimar,50.9803,11.32903,DE,15,64727
Bertioga,-23.85444,-46.13861,BR,27,64723
Hwawŏn,35.80167,128.50083,KR,15,64718
Fenggang,27.54566,116.21456,CN,03,64715
Vīrarāghavapuram,13.07306,80.10778,IN,25,64698
Ahlat,38.7489,42.48007,TR,13,64695
Asahi,35.71667,140.65,JP,04,64690
West Bloomfield Township,42.56891,-83.38356,US,MI,64690
Tamarac,26.21286,-80.24977,US,FL,64681
Yendi,9.44272,-0.00991,GH,06,64676
Siuri,23.90806,87.52773,IN,28,64659
Rāipur,23.0391,90.76808,BD,84,64652
Itaberaba,-12.5275,-40.30694,BR,05,64646
Meulaboh,4.14402,96.12664,ID,01,64646
Dondo,-9.68456,14.42788,AO,05,64643
Dondo,-9.05,15.31667,AO,05,64643
Malanville,11.86819,3.38327,BJ,07,64639
Usta Muhammad,28.17723,68.04367,PK,02,64632
Youngstown,41.09978,-80.64952,US,OH,64628
Taunton,51.01494,-3.10293,GB,ENG,64621
Tomigusuku,26.18583,127.68192,JP,47,64612
Talavera,15.5883,120.9192,PH,03,64610
Chacao,10.49581,-66.85367,VE,15,64609
Guasdualito,7.24241,-70.73235,VE,03,64608
Crotone,39.08077,17.12764,IT,03,64603
Lodi,38.1302,-121.27245,US,CA,64596
La Línea de la Concepción,36.16809,-5.34777,ES,51,64595
North Hollywood,34.17223,-118.37897,US,CA,64587
Picheng,34.46667,117.96667,CN,04,64585
Greenville,34.85262,-82.39401,US,SC,64579
Renzhao,36.63861,120.20361,CN,25,64569
Kotikawatta,6.9269,79.9095,LK,36,64565
Haskovo,41.93415,25.55557,BG,43,64564
Puerto Madryn,-42.76848,-65.03827,AR,04,64555
Fujioka,36.24624,139.07204,JP,10,64539
Muncar,-8.43333,114.33333,ID,08,64537
Bīna,24.17161,78.18755,IN,35,64529
Koboko,3.41364,30.95994,UG,N,64500
Pālitāna,21.52519,71.82309,IN,09,64497
Taman Senawang Indah,2.691,101.989,MY,05,64497
Changli,39.70647,119.1603,CN,10,64476
Yanagawa,33.16667,130.4,JP,07,64475
Afragola,40.92298,14.30935,IT,04,64470
Preaek Prasab,12.35367,106.03562,KH,09,64466
Itamaraju,-17.03917,-39.53111,BR,05,64455
Akşehir,38.3575,31.41639,TR,71,64446
Sahuayo de Morelos,20.057,-102.7164,MX,16,64431
Celina,33.32456,-96.78444,US,TX,64427
Chaumu,27.16955,75.72226,IN,24,64417
Bandar Seri Begawan,4.89035,114.94006,BN,02,64409
Kaihua,23.3695,104.27721,CN,29,64404
Yunmeng Chengguanzhen,31.06251,113.76545,CN,12,64390
Tikhoretsk,45.85307,40.11874,RU,38,64387
Gelang Patah,1.4484,103.5873,MY,01,64375
Bantul,-7.88806,110.32889,ID,10,64360
Waterlooville,50.88067,-1.0304,GB,ENG,64350
Yangzhou,33.22192,107.54267,CN,26,64349
Sandefjord,59.13118,10.21665,NO,20,64345
Imaichi,36.71667,139.68333,JP,38,64323
Rossosh’,51.1209,38.5116,RU,86,64323
Montenegro,-29.68861,-51.46111,BR,23,64322
Maison Blanche,48.82586,2.3508,FR,11,64302
Gimbi,9.17031,35.83491,ET,51,64300
Sheptytskyi,50.39403,24.23935,UA,15,64297
Tamana,32.94716,130.57446,JP,21,64292
Enrique B. Magalona,10.87879,122.97707,PH,06,64290
Kaposvár,46.36667,17.8,HU,17,64280
Mansfield,32.56319,-97.14168,US,TX,64274
Hālol,22.50321,73.47242,IN,09,64265
T’aet’an-ŭp,38.08822,125.2983,KP,06,64258
Taloqan,36.73605,69.53451,AF,26,64256
Ongjin,37.93472,125.36194,KP,06,64247
Punta Alta,-38.8805,-62.07503,AR,01,64244
Kodār,16.9985,79.9656,IN,40,64234
Tuapse,44.10083,39.08326,RU,38,64234
Alba Iulia,46.06667,23.58333,RO,01,64227
Kerpen,50.86991,6.69691,DE,07,64226
Skanes,35.7749,10.79464,TN,16,64222
Santa Cruz,36.97412,-122.0308,US,CA,64220
Pico Rivera,33.98307,-118.09673,US,CA,64218
Bāngarda Chhota,22.74354,75.81448,IN,35,64213
Tshela,-4.99707,12.9484,CD,08,64210
Madera,36.96134,-120.06072,US,CA,64208
Vacaria,-28.51222,-50.93389,BR,23,64197
Qinggang,46.69833,126.0921,CN,08,64182
Uga,5.93576,7.0793,NG,25,64179
Fria,10.36676,-13.58253,GN,B,64169
Tādepalle,16.48333,80.6,IN,02,64149
Koulikoro,12.86273,-7.55985,ML,07,64128
Tirupattur,12.49239,78.56804,IN,25,64125
Janesville,42.68279,-89.01872,US,WI,64123
Surubim,-7.83306,-35.75472,BR,30,64120
Ali Mendjeli,36.2459,6.5671,DZ,04,64120
Boryspil,50.35051,30.95263,UA,13,64117
West Des Moines,41.57721,-93.71133,US,IA,64113
Villa Elisa,-25.3676,-57.59274,PY,06,64099
Aleksandrov,56.39733,38.71404,RU,83,64088
Narutochō-mitsuishi,34.19933,134.60932,JP,39,64082
Santiago,-13.52728,-71.9843,PE,08,64075
Sibi,29.54299,67.87726,PK,02,64069
Molina de Segura,38.05456,-1.20763,ES,31,64065
Ihnāsīyah,29.09285,31.02043,EG,18,64058
Mutengene,4.0913,9.3144,CM,09,64054
Chinnachowk,14.47516,78.8354,IN,02,64053
Bishnupur,23.0738,87.31991,IN,28,64041
Paterna,39.50263,-0.44079,ES,60,64023
Āmūr,18.79284,78.27666,IN,40,64023
Palaió Fáliro,37.92812,23.70105,GR,ESYE31,64021
Wik’ro,13.79525,39.60303,ET,53,64000
Kotlovka,55.65928,37.60404,RU,48,64000
Polomolok,6.22167,125.06398,PH,12,63987
Ensenada,-34.86074,-57.91238,AR,01,63978
Baheri,28.77416,79.4974,IN,36,63953
Nawalgarh,27.85161,75.27384,IN,24,63948
Paranoá,-15.77553,-47.78117,BR,07,63923
Montebello,34.00946,-118.10535,US,CA,63921
Ānaiyūr,9.96152,78.1118,IN,25,63917
Camocim,-2.90222,-40.84111,BR,06,63907
Kunnamkulam,10.64667,76.06695,IN,13,63903
Tulangan Utara,-7.4737,112.6505,ID,08,63889
Bognor Regis,50.78206,-0.67978,GB,ENG,63885
Ambanja,-13.669,48.453,MG,71,63884
Colón,22.72108,-80.90368,CU,03,63882
Rāghogarh,24.44318,77.19768,IN,35,63873
San Antonio de Los Altos,10.38853,-66.95179,VE,15,63873
Tohāna,29.71332,75.90441,IN,10,63871
Kangar,6.4414,100.19862,MY,08,63869
Valence,44.9256,4.90956,FR,84,63864
Newtownabbey,54.65983,-5.90858,GB,NIR,63860
Cosenza,39.2989,16.25307,IT,03,63852
Quimper,47.99597,-4.09795,FR,53,63849
Pateros,14.5391,121.0726,PH,NCR,63840
San Pedro de Copán,14.61667,-88.86667,HN,05,63829
Thành Phố Uông Bí,21.03433,106.77049,VN,22,63829
Dengbu,28.2084,116.81717,CN,03,63814
Pindi Gheb,33.24095,72.2648,PK,04,63810
Piripiri,-4.27333,-41.77694,BR,20,63787
Machakos,-1.52233,37.26521,KE,31,63767
Kulai,1.6561,103.6032,MY,01,63762
Fulda,50.55162,9.67518,DE,05,63760
Yangcun,39.36389,117.06028,CN,28,63756
Zhicheng,31.00751,119.90851,CN,02,63753
Shendi,16.6915,33.4341,SD,53,63746
Magong,23.5654,119.58627,TW,04,63745
Mpika,-11.83431,31.45287,ZM,10,63740
Boké,10.93217,-14.29055,GN,B,63736
Georgetown,30.63269,-97.67723,US,TX,63716
Mangai,-4.02328,19.53385,CD,20,63713
As Safīrah,36.07696,37.37251,SY,09,63708
Lulou,34.71667,116.76667,CN,04,63704
Hull,45.42761,-75.71056,CA,10,63702
‘Alemaya,9.39334,42.00967,ET,51,63700
Bongor,10.28088,15.37425,TD,16,63699
Kanchanaburi,14.00412,99.54832,TH,50,63699
Jatani,20.15975,85.70742,IN,21,63697
Chokwé,-24.53333,32.98333,MZ,02,63695
Alpharetta,34.07538,-84.29409,US,GA,63693
Fujiidera,34.5676,135.5974,JP,32,63688
Arni,12.66771,79.28529,IN,25,63671
Genk,50.965,5.50082,BE,VLG,63666
Shimodate,36.3,139.98333,JP,14,63666
Yambol,42.48243,26.50006,BG,65,63656
Chik Ballāpur,13.43512,77.72787,IN,19,63652
Kilju,40.96417,129.32778,KP,17,63652
Lorain,41.45282,-82.18237,US,OH,63647
Baihecun,22.11321,107.23592,CN,16,63629
Dédougou,12.4636,-3.46075,BF,01,63617
Bowling Green,36.99032,-86.4436,US,KY,63616
Nong Khai,17.87847,102.742,TH,17,63609
Guanyin,29.09926,104.39416,CN,32,63606
Flatlands,40.62122,-73.93486,US,NY,63601
Dundalk,39.25066,-76.52052,US,MD,63597
Capão da Canoa,-29.74556,-50.00972,BR,23,63594
New Halfa,15.33021,35.59854,SD,52,63589
Dormagen,51.09683,6.83167,DE,07,63582
Zarechnyy,53.20356,45.19227,RU,57,63579
Užice,43.85861,19.84878,RS,SE,63577
Buckley,53.16667,-3.08333,GB,WLS,63576
Mabai,23.01279,104.45081,CN,29,63569
Benevides,-1.36139,-48.24472,BR,16,63567
Leszno,51.84034,16.57494,PL,86,63565
Bergheim,50.95572,6.63986,DE,07,63558
Nago,26.61502,127.98543,JP,47,63554
El Mgarsa,33.81682,10.9923,TN,28,63528
Ganta,7.235,-8.98444,LR,09,63523
Jelutong,5.38998,100.31885,MY,09,63507
Samut Sakhon,13.54753,100.27362,TH,55,63498
Eden Prairie,44.85469,-93.47079,US,MN,63496
Jitra,6.26812,100.42167,MY,02,63489
Slatina,44.43333,24.36667,RO,29,63487
North Bergen,40.80427,-74.01208,US,NJ,63484
Zayed City,23.65416,53.70522,AE,01,63482
Pittwater,-33.66623,151.30171,AU,02,63482
Most,50.50301,13.63617,CZ,89,63474
Korydallós,37.98468,23.64711,GR,ESYE31,63445
Great Yarmouth,52.60831,1.73052,GB,ENG,63434
Buin,-33.73257,-70.74281,CL,12,63419
El Prat de Llobregat,41.32784,2.09472,ES,56,63418
Nanlong,31.35333,106.06309,CN,32,63405
Mitcham,51.40322,-0.16831,GB,ENG,63393
Dhubri,26.01856,89.98564,IN,03,63388
Florence-Graham,33.96772,-118.24438,US,CA,63387
Youxi,29.20936,106.14428,CN,33,63386
Waltham,42.37649,-71.23561,US,MA,63378
Borsad,22.40788,72.89817,IN,09,63377
Budapest XX. kerület,47.43674,19.10093,HU,05,63371
Feltham,51.4462,-0.41388,GB,ENG,63368
Siddharthanagar,27.5,83.45,NP,5,63367
Garbsen,52.41371,9.5899,DE,06,63355
Zagné,6.21016,-7.48284,CI,78,63341
Pavlovo,55.9686,43.0912,RU,51,63338
Margate,51.38132,1.38617,GB,ENG,63322
Githunguri,-1.05754,36.77625,KE,22,63319
Githunguri,-1.29996,36.99047,KE,31,63319
Kenge,-5.76521,13.65711,CD,08,63317
Xiazhuang,34.91611,118.63889,CN,25,63285
Mercedes,-34.65072,-59.43143,AR,01,63284
West Hartford,41.76204,-72.74204,US,CT,63268
Kelaa Kebira,35.87278,10.53722,TN,23,63264
Ōjima,35.68917,139.83282,JP,40,63254
Mila,36.45028,6.26444,DZ,48,63251
Padre Hurtado,-33.56839,-70.80584,CL,12,63250
Põhja-Tallinn,59.44901,24.69812,EE,01,63240
Cajazeiras,-6.89028,-38.55528,BR,17,63239
Buduburam,5.52314,-0.47718,GH,04,63217
Gorno-Altaysk,51.96056,85.91892,RU,03,63214
Changcheng,36.09056,119.45167,CN,25,63208
Shanwang,36.5454,118.711,CN,25,63195
Lugano,46.01008,8.96004,CH,TI,63185
Gadwāl,16.23504,77.79556,IN,40,63177
Kuşadası,37.86014,27.25713,TR,09,63177
Tetovo,42.00989,20.97138,MK,E8,63176
Hod HaSharon,32.15934,34.8932,IL,02,63175
Żory,50.04523,18.70062,PL,83,63174
Godean,-7.76972,110.29389,ID,10,63164
Rogers,36.33202,-94.11854,US,AR,63159
Medicine Hat,50.03928,-110.67661,CA,01,63138
Lushnjë,40.94194,19.705,AL,44,63135
Qurayyāt,23.26298,58.92014,OM,06,63133
Fredericton,45.94541,-66.66558,CA,04,63116
Acaraú,-2.88556,-40.12,BR,06,63104
Pidugurālla,16.47926,79.88632,IN,02,63103
Melipilla,-33.68909,-71.21528,CL,12,63100
Novaya Balakhna,56.48989,43.60114,RU,51,63083
Limón,9.99074,-83.03596,CR,06,63081
Collado-Villalba,40.63506,-4.00486,ES,29,63074
Botou,38.07366,116.56667,CN,10,63045
Orion,14.62056,120.58167,PH,03,63044
Uiwang,37.36528,126.94778,KR,13,63040
Vaslui,46.63333,27.73333,RO,38,63035
Carol City,25.94065,-80.2456,US,FL,63031
Pubal,37.29167,127.50778,KR,13,63026
Agnibilékrou,7.13113,-3.20415,CI,94,63015
Liuku,25.8505,98.85567,CN,29,63013
Los Andes,-32.83369,-70.59827,CL,01,63009
Florida,21.5264,-78.22553,CU,05,63007
Kélibia,36.84757,11.09386,TN,19,62993
Baoqing,46.32452,132.1897,CN,08,62991
Urla,38.32292,26.76403,TR,35,62989
Horad Zhodzina,54.0985,28.3331,BY,05,62983
Nkwerre,5.75917,7.10384,NG,28,62973
Mong Kok,22.31935,114.17136,HK,KYT,62967
Al Bājūr,30.43046,31.03679,EG,09,62961
Shizhai,34.80556,116.63889,CN,04,62956
Halton Hills,43.6403,-79.93146,CA,08,62951
Portel,-1.93556,-50.82111,BR,16,62945
Encinitas,33.03699,-117.29198,US,CA,62930
Sheikhpura,25.13994,85.84096,IN,34,62927
Jinggou,36.28176,119.55185,CN,25,62917
Māhdāsht,35.7282,50.8134,IR,26,62910
Auchi,7.06756,6.2636,NG,37,62907
Bełchatów,51.36883,19.35671,PL,74,62896
Graaff Reinet,-32.25215,24.53075,ZA,05,62896
Campo Bom,-29.67889,-51.05333,BR,23,62886
Sirsi,14.62072,74.83554,IN,19,62882
Nipāni,16.399,74.38285,IN,16,62865
Sorgun,39.81012,35.18596,TR,66,62862
Fanlou,34.48091,116.85248,CN,04,62859
Nasugbu,14.06694,120.63181,PH,40,62857
Brighouse-City Centre,49.16667,-123.13333,CA,02,62855
Pueblo Nuevo,40.42629,-3.63546,ES,29,62840
Kannur,11.86752,75.35763,IN,13,62836
East Village,40.72927,-73.98736,US,NY,62832
Tagajō-shi,38.3,141.0,JP,24,62827
Butare,-2.59667,29.73944,RW,15,62823
Trnava,48.37773,17.58603,SK,07,62806
Randers,56.4607,10.03639,DK,18,62802
Moknine,35.63333,10.9,TN,16,62802
Caltanissetta,37.49025,14.06216,IT,15,62797
Ashford,51.14648,0.87376,GB,ENG,62787
Haverhill,42.7762,-71.07728,US,MA,62765
Changle,21.83333,109.41667,CN,16,62763
Sumbawa Besar,-8.49317,117.42024,ID,17,62753
Gus’-Khrustal’nyy,55.61171,40.65023,RU,83,62746
Pesqueira,-8.35778,-36.69639,BR,30,62722
Bāri,26.64661,77.61634,IN,24,62721
Jupiter,26.93422,-80.09421,US,FL,62707
Nokha,27.56155,73.47141,IN,24,62699
Santa Lucía,-31.54055,-68.49794,AR,18,62697
Dovzhansk,48.07615,39.64744,UA,14,62691
Puerto Peñasco,31.31716,-113.53799,MX,26,62689
Buynaksk,42.81802,47.12684,RU,17,62689
Tiquipaya,-17.33801,-66.21579,BO,02,62675
Semporna,4.48178,118.61119,MY,16,62641
Çubuk,40.23861,33.03222,TR,68,62602
Krasnoturinsk,59.7666,60.2086,RU,71,62600
Council Bluffs,41.26194,-95.86083,US,IA,62597
Phitsanulok,16.82481,100.25858,TH,12,62584
Belebey,54.10774,54.11741,RU,08,62582
Pedro Leopoldo,-19.61806,-44.04306,BR,15,62580
Nyunzu,-5.95609,28.01649,CD,29,62565
Wellington,26.65868,-80.24144,US,FL,62560
Sale,53.42519,-2.32443,GB,ENG,62550
Vinukonda,16.0531,79.73964,IN,02,62550
Tonypandy,51.62202,-3.45544,GB,WLS,62545
Miaojie,25.31232,100.27983,CN,29,62540
Kaitong,44.80913,123.08108,CN,05,62537
West Coon Rapids,45.15969,-93.34967,US,MN,62528
Colón,8.03125,-72.26053,VE,20,62513
Zhangjiachuan,34.98756,106.20902,CN,15,62497
Drancy,48.92578,2.44533,FR,11,62488
Pingnan,23.5418,110.38929,CN,16,62483
Acton,51.50901,-0.2762,GB,ENG,62480
Phalia,32.43104,73.579,PK,04,62453
Kosong,38.37881,128.4676,KR,06,62446
Ntoum,0.39051,9.76096,GA,01,62445
Shiroi,35.8,140.06667,JP,04,62441
North Miami,25.89009,-80.18671,US,FL,62435
Pervomaysk,48.04478,30.84784,UA,16,62426
Noisy-le-Grand,48.84979,2.56266,FR,11,62420
Fochville,-26.48862,27.49387,ZA,10,62416
Renukūt,24.21641,83.0358,IN,36,62413
Mohammadia,35.58861,0.06861,DZ,26,62410
Érd,47.39489,18.91361,HU,16,62408
Hamilton,39.3995,-84.56134,US,OH,62407
Dêqên,29.96178,90.71875,CN,14,62400
Villeneuve-d'Ascq,50.61669,3.16664,FR,32,62400
San Francisco Tesistán,20.79729,-103.47712,MX,14,62397
Songyang,34.45549,113.03194,CN,09,62375
Grao de Murviedro,39.64167,-0.23889,ES,60,62368
Yucheng,34.92889,116.46528,CN,25,62365
Benslimane,33.61601,-7.12153,MA,06,62352
North Port,27.04422,-82.23593,US,FL,62345
Marechal Deodoro,-9.71028,-35.895,BR,02,62341
La Seyne-sur-Mer,43.10322,5.87816,FR,93,62330
Dom Eliseu,-4.285,-47.505,BR,16,62322
Shuikou,23.98372,115.89581,CN,30,62321
Tulare,36.20773,-119.34734,US,CA,62315
Ras Tanura,26.70742,50.06735,SA,06,62314
Kogon Shahri,39.72746,64.55466,UZ,02,62300
Carazinho,-28.28389,-52.78639,BR,23,62265
Nagari,13.32139,79.58557,IN,02,62253
Abepura,-2.5964,140.6324,ID,36,62248
Sopron,47.68501,16.59049,HU,09,62246
Rzhev,56.26289,34.3289,RU,77,62246
Coon Rapids,45.11997,-93.28773,US,MN,62240
Berat,40.70583,19.95222,AL,40,62232
Chistopol’,55.36612,50.64399,RU,73,62200
Holosiyiv,50.34433,30.55178,UA,12,62200
Shulyavka,50.45356,30.4531,UA,12,62200
Asaka,40.64153,72.23868,UZ,01,62200
Levallois-Perret,48.89389,2.28864,FR,11,62178
Escada,-8.35917,-35.22361,BR,30,62174
Huaral,-11.495,-77.20778,PE,15,62174
Inhulets,47.7301,33.25189,UA,04,62173
Boituva,-23.28333,-47.67222,BR,27,62170
Viareggio,43.86693,10.2502,IT,16,62169
Nioki,-2.72037,17.69001,CD,24,62153
Chidambaram,11.39933,79.69144,IN,25,62153
Tanba,35.16034,135.03914,JP,13,62152
Tinongan,10.215,123.03528,PH,06,62146
Zarechnyy,53.13333,46.58333,RU,57,62139
Millcreek,40.68689,-111.87549,US,UT,62139
Shuangyang,43.52259,125.65948,CN,05,62137
Nianzishan,47.51344,122.88788,CN,08,62131
La Habra,33.93196,-117.94617,US,CA,62131
Blaine,45.1608,-93.23495,US,MN,62124
Dabwāli,29.94906,74.73832,IN,10,62113
Sibsāgar,26.98427,94.63784,IN,03,62104
Asakusa,35.71691,139.79575,JP,40,62092
Narwāna,29.59903,76.11927,IN,10,62090
Yangambi,0.76755,24.43973,CD,30,62082
Tikhvin,59.63924,33.52555,RU,42,62075
Sagua la Grande,22.80599,-80.0742,CU,16,62073
Auburn,32.60986,-85.48078,US,AL,62059
Minglanilla,10.24498,123.7964,PH,07,62058
Okha,22.46756,69.07002,IN,09,62052
Kiffa,16.62073,-11.40208,MR,03,62051
Pingyin,36.28306,116.44528,CN,25,62050
Lār,27.68336,54.34172,IR,07,62045
Floriano,-6.76694,-43.0225,BR,20,62036
Sanghar,26.04694,68.94917,PK,05,62033
Korogwe,-5.15,38.48333,TZ,18,62032
Downtown Vancouver,49.28277,-123.11935,CA,02,62030
Nova Odessa,-22.7775,-47.29583,BR,27,62019
Łomża,53.17806,22.05935,PL,81,62019
Bin Xian,45.74274,127.46053,CN,08,62017
Kempas,1.5489,103.6965,MY,01,62011
Angyalföld,47.54765,19.07973,HU,05,62006
Meshkīn Dasht,35.74988,50.94376,IR,26,62005
Qingshuping,27.38083,112.02056,CN,11,62000
Mīzan Teferī,6.99865,35.58879,ET,SW,62000
Erzsébetváros,47.50207,19.07218,HU,05,62000
Nani Daman,20.41431,72.83236,IN,52,62000
Seremban 2,2.68982,101.90766,MY,05,62000
Smederevo,44.66436,20.92763,RS,SE,62000
Rossosh’,50.19645,39.56631,RU,86,62000
gorod Solnetchnogorsk,56.18595,36.97561,RU,47,62000
Irun,43.33904,-1.78938,ES,59,61983
Lake Elsinore,33.66808,-117.32726,US,CA,61981
Zhaobaoshan,29.9695,121.68753,CN,02,61979
Hushitai,41.94175,123.50266,CN,19,61979
Petrodvorets,59.89565,29.80145,RU,66,61973
Kuchāman,27.14745,74.85655,IN,24,61969
Miyoshi,35.08971,137.08998,JP,01,61952
Nīmbāhera,24.62166,74.67999,IN,24,61949
Labinsk,44.63604,40.7357,RU,38,61945
Tenkodogo,11.78442,-0.37184,BF,04,61936
Zhangji,34.1375,117.37556,CN,04,61929
Marseille 14,43.34447,5.38004,FR,93,61920
Picpus,48.84258,2.40014,FR,11,61920
Maputsoe,-28.8866,27.89915,LS,12,61916
Asker,59.83333,10.43721,NO,01,61906
Huoqiu Chengguanzhen,32.35473,116.2939,CN,01,61904
Mudu,31.25597,120.51857,CN,04,61902
Zalaegerszeg,46.83695,16.84401,HU,24,61898
Fengyi,25.58399,100.31181,CN,29,61890
Nandu,22.8525,110.82333,CN,16,61881
Pisco,-13.71029,-76.20538,PE,11,61869
Siddhapur,23.91783,72.37212,IN,09,61867
Bāmyān,34.82156,67.82734,AF,05,61863
Longfeng,30.38793,109.50706,CN,12,61862
Taoluo,35.27389,119.37028,CN,25,61852
Bassar,9.25025,0.78213,TG,23,61845
Moca,19.39289,-70.52347,DO,08,61834
Zamora,41.50633,-5.74456,ES,55,61827
Iskitim,54.64261,83.30353,RU,53,61827
Kiryat Gat,31.60998,34.76422,IL,01,61817
Svetlogorsk,52.6329,29.7389,BY,02,61812
São Miguel dos Campos,-9.78111,-36.09361,BR,02,61797
Diphu,25.84341,93.43116,IN,03,61797
Attur,11.59414,78.60143,IN,25,61793
Darāw,24.40796,32.92324,EG,16,61790
Beni Enzar,35.26,-2.93,MA,02,61786
Revda,56.80239,59.93774,RU,71,61785
Long Mỹ,9.68141,105.57226,VN,92,61781
Kōshi,32.89271,130.77567,JP,21,61772
Lobnya,56.02714,37.46793,RU,47,61772
Yingshang Chengguanzhen,32.62945,116.27013,CN,01,61771
Tempelhof,52.46667,13.4,DE,16,61769
San Andrés Tuxtla,18.4487,-95.21327,MX,30,61769
Carmichael,38.61713,-121.32828,US,CA,61762
Songkhla,7.19882,100.5951,TH,68,61758
Kokstad,-30.54723,29.42412,ZA,02,61751
Kampong Cham,11.99339,105.4635,KH,02,61750
Scarborough,54.27966,-0.40443,GB,ENG,61749
Rāyadrug,14.69971,76.85241,IN,02,61749
Xiangzhou,36.16444,119.41889,CN,25,61748
Yamato-Takada,34.51667,135.75,JP,28,61744
Morada Nova,-5.10667,-38.3725,BR,06,61738
Rāth,25.59474,79.5666,IN,36,61728
Ngozi,-2.9075,29.8306,BI,19,61716
Al Shamkhah City,24.39268,54.70779,AE,01,61710
Lakshmīpur,22.9443,90.83005,BD,84,61703
Yangiyŭl,41.11202,69.0471,UZ,14,61700
Yongning,22.76101,108.48359,CN,16,61690
Wesel,51.6669,6.62037,DE,07,61685
Penápolis,-21.41972,-50.0775,BR,27,61679
Vyksa,55.32058,42.17402,RU,51,61664
Cortazar,20.48301,-100.96352,MX,11,61658
Tríkala,39.55493,21.76837,GR,ESYE14,61653
Kolea,36.63888,2.76845,DZ,55,61643
Chambéry,45.56628,5.92079,FR,84,61640
Kolding,55.4904,9.47216,DK,21,61638
Extremoz,-5.70556,-35.30722,BR,22,61635
Xinye,32.52875,112.36514,CN,09,61633
Cheruvannur,11.19033,75.82833,IN,13,61614
Budapest XIX. kerület,47.45293,19.14943,HU,05,61610
Ad Dir‘īyah,24.75187,46.53874,SA,10,61609
Dmitrov,56.34485,37.52041,RU,47,61607
Ueno-ebisumachi,34.75856,136.13108,JP,23,61598
Sibay,52.71793,58.66667,RU,08,61590
Faqirwali,29.46799,73.03489,PK,04,61586
Lishu,43.30727,124.33371,CN,05,61584
Oroqen Zizhiqi,50.56667,123.71667,CN,20,61582
Béja,36.72564,9.18169,TN,17,61568
Taylor,42.24087,-83.26965,US,MI,61568
La Fría,8.21523,-72.24888,VE,20,61568
Alcoy,38.70545,-0.47432,ES,60,61552
Cayenne,4.9381,-52.33455,GF,GF,61550
Hasuda,35.97113,139.6491,JP,34,61540
Gaya,11.88435,3.44919,NE,03,61533
Xianju,28.8547,120.73168,CN,02,61532
Aş Şaff,29.56472,31.28111,EG,08,61531
Malaybalay,8.1575,125.12778,PH,10,61524
Mora,11.04611,14.14011,CM,12,61523
Porirua,-41.13333,174.85,NZ,G2,61500
Vriddhāchalam,11.5183,79.32411,IN,25,61498
Korosten,50.9512,28.63859,UA,27,61496
Karlstad,59.3793,13.50357,SE,22,61492
Nieuwegein,52.02917,5.08056,NL,09,61489
Burnsville,44.76774,-93.27772,US,MN,61481
Tamba,35.17483,135.03101,JP,13,61471
Bārh,25.48339,85.70928,IN,34,61470
Jianguang,28.19377,115.7836,CN,03,61469
Monterey Park,34.06251,-118.12285,US,CA,61468
Widnes,53.3618,-2.73406,GB,ENG,61464
Djibo,14.09864,-1.62665,BF,12,61462
Euclides da Cunha,-10.5075,-39.01583,BR,05,61456
Kispest,47.4515,19.14017,HU,05,61453
Issy-les-Moulineaux,48.82104,2.27718,FR,11,61447
Dongning,44.08436,131.11841,CN,08,61440
Aketi,2.73877,23.78326,CD,13,61437
Dashi,30.09372,106.22227,CN,33,61426
Viçosa do Ceará,-3.56222,-41.09222,BR,06,61410
Stryi,49.26103,23.84845,UA,15,61404
Kempten (Allgäu),47.72674,10.31389,DE,02,61399
Mdiq,35.68313,-5.32871,MA,01,61398
Abū Ḩummuş,31.09311,30.31418,EG,03,61388
Castro Valley,37.6941,-122.08635,US,CA,61388
Mariana,-20.37778,-43.41611,BR,15,61387
Shāhāda,21.54538,74.47106,IN,16,61376
Tunasan,14.37917,121.0525,PH,40,61374
Sig,35.52832,-0.19369,DZ,26,61373
San Salvador Tizatlalli,19.26028,-99.59083,MX,15,61367
Arrecife,28.96302,-13.54769,ES,53,61351
Savona,44.30905,8.47715,IT,08,61345
Mushie,-3.01728,16.92238,CD,24,61336
Irvington,40.73232,-74.23487,US,NJ,61323
Sindelfingen,48.7,9.01667,DE,01,61311
Výronas,37.96105,23.753,GR,ESYE31,61308
Mojo,8.58679,39.12111,ET,51,61300
Neuilly-sur-Seine,48.8846,2.26965,FR,11,61300
Tianchang,37.99806,114.01556,CN,10,61292
Mizusawa,39.13333,141.13333,JP,16,61281
Dabra,25.88572,78.33221,IN,35,61277
Veenendaal,52.02863,5.55891,NL,09,61271
Mateare,12.23512,-86.42809,NI,10,61234
La Chorrera,8.87763,-79.78007,PA,13,61232
Kuroiso,36.96667,140.05,JP,38,61230
Barbalha,-7.31111,-39.30417,BR,06,61228
Schwäbisch Gmünd,48.79947,9.79809,DE,01,61216
Rocklin,38.79073,-121.23578,US,CA,61213
Slawi,-6.9816,109.1407,ID,07,61206
Gaalkacyo,6.76972,47.43083,SO,10,61200
Apatity,67.58267,33.41339,RU,49,61186
Chichibu,35.99028,139.07639,JP,34,61159
Kesennuma,38.90112,141.57746,JP,24,61147
Caicó,-6.45833,-37.09778,BR,22,61146
Runcorn,53.34174,-2.73124,GB,ENG,61145
Barra do Garças,-15.89,-52.25667,BR,14,61135
Udumalaippettai,10.58806,77.24779,IN,25,61133
Dembī Dolo,8.53333,34.8,ET,51,61100
Utica,43.1009,-75.23266,US,NY,61100
Gubat,12.92056,124.12306,PH,05,61095
Dar Naim,18.10808,-15.92666,MR,14,61089
Xifeng,42.73722,124.72222,CN,19,61087
Datong,32.62082,117.06319,CN,01,61085
Punta de Mata,9.69131,-63.60921,VE,16,61080
Horsens,55.86066,9.85034,DK,18,61074
Banfield,-34.74563,-58.39365,AR,01,61072
Malden,42.4251,-71.06616,US,MA,61068
Biga,40.22806,27.24222,TR,17,61066
Hashimoto,34.31667,135.61667,JP,43,61063
National City,32.67811,-117.0992,US,CA,61060
Novoaltaysk,53.41426,83.94108,RU,04,61050
Pecangaan,-6.6978,110.7107,ID,07,61046
Bury,53.6,-2.3,GB,ENG,61044
Dewsbury,53.69076,-1.62907,GB,ENG,61035
Valjevo,44.27513,19.89821,RS,SE,61035
Nanhu,35.48778,119.34583,CN,25,61034
Yicheng,31.70472,112.25611,CN,12,61027
Svobodnyy,51.37498,128.1401,RU,05,61017
Bangor,54.66079,-5.66802,GB,NIR,61011
Ban Tha Kham,13.6375,100.44128,TH,40,61011
Itoman,26.12647,127.66918,JP,47,61007
Felege Neway,6.3,36.88333,ET,56,61000
Villa Poeta José Gálvez Barrenechea,-12.21312,-76.90522,PE,15,61000
Sal’sk,46.47494,41.54159,RU,61,61000
Stupino,54.89735,38.06796,RU,47,60999
Fier-Çifçi,40.71667,19.56667,AL,44,60995
Nekā,36.65079,53.29905,IR,35,60991
Parit,4.48333,100.91667,MY,07,60988
Kampong Sidam,5.53333,100.56667,MY,02,60983
Granollers,41.60797,2.28773,ES,56,60981
Fano,43.84052,13.01665,IT,10,60978
Financial District,40.70789,-74.00857,US,NY,60976
Chinch'ŏn,36.85667,127.44333,KR,05,60964
Tiptūr,13.2563,76.47768,IN,19,60957
Sahaswān,28.07227,78.75082,IN,36,60953
Wanparti,16.36738,78.06889,IN,40,60949
Zeist,52.09,5.23333,NL,09,60949
Sidi Bennour,32.65236,-8.42769,MA,06,60948
Anuradhapura,8.31223,80.41306,LK,30,60943
Tarnowskie Góry,50.44548,18.86147,PL,83,60938
Xiema,29.77415,106.3688,CN,33,60933
Buluan,6.72028,124.80194,PH,14,60931
Grosseto,42.76296,11.10941,IT,16,60922
Kırıkhan,36.49939,36.35755,TR,31,60916
Soroti,1.71464,33.61113,UG,E,60900
Yanliang,34.65918,109.22921,CN,26,60891
Tahe,52.32148,124.69761,CN,08,60874
Springfield,44.04624,-123.02203,US,OR,60870
Mbinga,-10.93333,35.01667,TZ,14,60868
Bethesda,38.98067,-77.10026,US,MD,60858
San Miguel,-15.47798,-70.12498,PE,21,60850
Uyovu,-3.28333,31.52583,TZ,28,60849
Norfolk County,42.8334,-80.38297,CA,08,60847
Sirhind,30.64321,76.38421,IN,23,60847
Dayr Mawās,27.64148,30.85012,EG,10,60835
Jōsō,36.03553,139.96143,JP,14,60834
Erdaojiang,41.77639,126.03194,CN,05,60831
Aisai,35.16349,136.73222,JP,01,60829
Terre Haute,39.4667,-87.41391,US,IN,60825
Bārdoli,21.12297,73.11151,IN,09,60821
Kolomyia,48.52496,25.03712,UA,06,60821
Tartagal,-22.51682,-63.8056,AR,17,60819
Vineland,39.48623,-75.02573,US,NJ,60818
West Hollywood,26.02065,-80.18394,US,FL,60806
Prokhladnyy,43.75741,44.0297,RU,22,60800
Fort Portal,0.66174,30.2748,UG,W,60800
Tianpeng,30.98664,103.93933,CN,32,60797
Troyes,48.30073,4.08524,FR,44,60785
Kertosono,-7.58333,112.1,ID,08,60782
North Delta,49.16667,-122.91667,CA,02,60769
Stodůlky,50.05,14.31667,CZ,52,60758
Monte Mor,-22.94667,-47.31583,BR,27,60754
Sarandí,-34.68161,-58.34639,AR,01,60752
Xixiang,35.16278,112.865,CN,09,60745
Beckenham,51.40878,-0.02526,GB,ENG,60739
Yazman,29.12122,71.74459,PK,04,60738
Seraing,50.58362,5.50115,BE,WAL,60737
San Marcos,8.65972,-75.12809,CO,27,60735
Chicacao,14.54295,-91.32636,GT,20,60735
El Wak,2.80922,40.92885,KE,33,60732
Republica,-23.54476,-46.64105,BR,27,60720
Gilgil,-0.50397,36.31845,KE,39,60711
Upper Gilgil,-0.21209,36.27248,KE,43,60711
Shuya,56.84864,41.3869,RU,21,60705
Shchëkino,54.00734,37.50647,RU,76,60700
Ban Lam Luk Ka,13.97738,100.77776,TH,39,60700
Towada,40.62049,141.21067,JP,03,60697
San Marcos,29.88327,-97.94139,US,TX,60684
Mokameh,25.39662,85.9219,IN,34,60678
Yaowan,34.18333,118.06667,CN,04,60668
Brentwood,40.78121,-73.24623,US,NY,60664
Farnborough,51.29424,-0.75565,GB,ENG,60652
Bor,56.35944,44.07304,RU,51,60647
Givatayim,32.07225,34.81253,IL,05,60644
Arāmbāgh,22.88333,87.78333,IN,28,60639
Lakeville,44.64969,-93.24272,US,MN,60633
Mujiayingzi,42.11667,118.78333,CN,20,60627
West Allis,43.01668,-88.00703,US,WI,60620
Yame,33.22792,130.64873,JP,07,60608
Poonamalle,13.04888,80.11488,IN,25,60607
Tynemouth,55.01788,-1.42559,GB,ENG,60605
Akim Oda,5.92665,-0.98577,GH,05,60604
Dubna,56.74049,37.18648,RU,47,60604
Ibitinga,-21.75778,-48.82889,BR,27,60600
Redmond,47.67399,-122.12151,US,WA,60598
Motril,36.75066,-3.5179,ES,51,60592
Kinokawa,34.26973,135.41045,JP,43,60592
Keonjhargarh,21.6318,85.59686,IN,21,60590
Tacuarembó,-31.71882,-55.97925,UY,18,60586
Dingjia,29.409,106.14228,CN,33,60585
Mene Grande,9.84639,-70.92655,VE,23,60580
Lokoja,7.79688,6.74048,NG,41,60579
Canoga Park,34.20112,-118.59814,US,CA,60578
Cupertino,37.323,-122.03218,US,CA,60572
Bhadravati,20.1001,79.11442,IN,16,60565
Ualog,10.57396,123.3933,PH,06,60548
Langzhong,31.55037,105.99381,CN,32,60542
Ciudad Hidalgo,19.68957,-100.55502,MX,16,60542
Taylorsville,40.66772,-111.93883,US,UT,60514
Takaishi,34.51667,135.43333,JP,32,60511
Liancheng,25.71826,116.74892,CN,07,60504
Jiangbei,29.7283,106.63506,CN,33,60466
Moramanga,-18.94948,48.23007,MG,33,60456
Bristol,41.67176,-72.94927,US,CT,60452
Moore,35.33951,-97.4867,US,OK,60451
Gardena,33.88835,-118.30896,US,CA,60447
Longgang,37.65181,120.33063,CN,25,60444
Novo Repartimento,-4.33056,-49.79639,BR,16,60438
Petaluma,38.23242,-122.63665,US,CA,60438
Fethiye,36.64038,29.12758,TR,48,60437
Bensalem,40.10455,-74.95128,US,PA,60427
District of Taher,36.772,5.8982,DZ,24,60426
Zacapa,14.96867,-89.52732,GT,22,60424
Hereford,52.05684,-2.71482,GB,ENG,60415
Matera,40.66599,16.60463,IT,02,60403
Midelt,32.6852,-4.74512,MA,05,60390
Grand Junction,39.06387,-108.55065,US,CO,60358
Taitou,37.02733,118.63392,CN,25,60354
Świdnica,50.84378,16.48859,PL,72,60351
Cruz das Almas,-12.67,-39.10194,BR,05,60348
Olbia,40.92337,9.49802,IT,14,60345
Mangochi,-14.47815,35.26448,MW,S,60338
Gushu,31.56055,118.48147,CN,01,60335
Sanyōonoda,34.03246,131.16028,JP,45,60326
Panruti,11.77662,79.55269,IN,25,60323
Al Burj,31.58229,30.98095,EG,21,60320
Fenshui,30.7197,108.08333,CN,33,60308
Mirassol,-20.81917,-49.52111,BR,27,60303
Mirdif,25.22443,55.41412,AE,03,60288
Casper,42.86663,-106.31308,US,WY,60285
Monze,-16.27149,27.47724,ZM,07,60281
Setia Tropika,1.54631,103.71829,MY,01,60279
Shimotsuke,36.41323,139.86622,JP,38,60274
Wujing,36.45,118.4,CN,25,60260
Opava,49.93866,17.90257,CZ,85,60252
Ilkal,15.95923,76.11351,IN,19,60242
Rowlett,32.9029,-96.56388,US,TX,60236
Vejle,55.70927,9.5357,DK,21,60231
Chełm,51.14312,23.4716,PL,75,60231
Cogan,10.59306,124.01778,PH,07,60230
Kīratpur,29.50671,78.20613,IN,36,60223
Wucheng,29.60077,118.17495,CN,01,60212
Cristalina,-16.76769,-47.6153,BR,29,60210
Yuxia,34.06153,108.62905,CN,26,60206
Trinidad,21.79956,-79.98349,CU,14,60206
Tahara,34.66799,137.26736,JP,01,60206
Runan,33.00016,114.34587,CN,09,60202
Parkent,41.29444,69.67639,UZ,14,60200
Vrindāvan,27.58105,77.69662,IN,36,60195
Douane,36.44766,10.7557,TN,19,60192
Kodungallūr,10.23263,76.19513,IN,13,60190
Penedo,-10.29028,-36.58639,BR,02,60189
Bandar-e Kangān,27.83434,52.06306,IR,22,60187
Vavuniya,8.7514,80.4971,LK,38,60176
Ech Chettia,36.19591,1.25537,DZ,41,60170
Zhijiang,30.42139,111.75333,CN,12,60169
Rosenheim,47.85637,12.12247,DE,02,60167
Nagakute,35.17325,137.05667,JP,01,60162
Nedumangād,8.60267,77.00139,IN,13,60161
Stroud,51.75,-2.2,GB,ENG,60155
Gucheng,36.95347,118.76246,CN,25,60149
Bambang,16.3865,121.1066,PH,02,60146
Taozhuang,34.85,117.33333,CN,25,60137
Tczew,54.09242,18.77787,PL,82,60133
Santo Amaro,-12.54667,-38.71194,BR,05,60131
Sandaohezi,44.32597,85.62009,CN,13,60129
Pokrovsk,48.28014,37.17706,UA,05,60127
Hpākān,25.6138,96.31482,MM,04,60123
Ābyek,36.03993,50.53101,IR,38,60107
Sennan,34.34835,135.26842,JP,32,60102
Laascaanood,8.47738,47.35971,SO,22,60100
Yongbei,26.64623,100.78073,CN,29,60099
Halesowen,52.44859,-2.04938,GB,ENG,60097
La Mesa,32.76783,-117.02308,US,CA,60089
Waterford,52.25833,-7.11194,IE,M,60079
Pine Hills,28.55778,-81.4534,US,FL,60076
Martínez de la Torre,20.07082,-97.06078,MX,30,60074
Kuwait City,29.367,47.97429,KW,02,60064
Melbourne City Centre,-37.81501,144.96657,AU,07,60057
Zushi,35.29483,139.57812,JP,19,60055
Pavlovskiy Posad,55.78187,38.65025,RU,47,60051
Hyūga,32.42272,131.64093,JP,25,60037
Dazeshan,36.98874,119.92224,CN,25,60034
Bela Vista,-23.56086,-46.64758,BR,27,60024
São Borja,-28.66056,-56.00444,BR,23,60019
Sarāvān,27.37089,62.33096,IR,04,60014
Villa Vicente Guerrero,19.12123,-98.16572,MX,29,60001
Nzagi,-8.38549,15.30126,AO,05,60000
Hurlingham,-34.5904,-58.62904,AR,01,60000
Zhujiajiao,31.10757,121.05696,CN,23,60000
Wuzhen,30.74536,120.4851,CN,02,60000
Gamonal,42.35664,-3.67321,ES,55,60000
Santutxu,43.25347,-2.9161,ES,59,60000
Juan-les-Pins,43.56945,7.11309,FR,93,60000
Chelsea,51.48755,-0.16936,GB,ENG,60000
Bangaon,25.86728,86.51152,IN,34,60000
Mbale,0.08213,34.72139,KE,53,60000
Néma,16.61702,-7.25649,MR,01,60000
Colonia Nativitas,19.38119,-99.13685,MX,09,60000
Putra Heights,2.99361,101.57255,MY,12,60000
Ara Damansara,3.11898,101.58656,MY,12,60000
Bukit Indah,1.47999,103.65959,MY,01,60000
Faruka,31.88642,72.41362,PK,04,60000
Sviblovo,55.85,37.63333,RU,48,60000
Ostankinskiy,55.82957,37.61604,RU,48,60000
Bensonhurst,40.60177,-73.99403,US,NY,60000
Coney Island,40.57788,-73.99403,US,NY,60000
Rancho Penasquitos,32.95949,-117.11531,US,CA,60000
Valley Glen,34.18568,-118.42032,US,CA,60000
Vinhomes Ocean Park,20.9948,105.9465,VN,01,60000
Meriden,41.53815,-72.80704,US,CT,59988
Dại Mỗ,20.98333,105.76667,VN,01,59980
Narsimhapur,22.94936,79.18357,IN,35,59966
Tanay,14.4968,121.2846,PH,40,59950
Obando,14.7098,120.9362,PH,03,59929
Uki,32.62217,130.66177,JP,21,59928
Heroica Caborca,30.71833,-112.15837,MX,26,59922
Pontiac,42.63892,-83.29105,US,MI,59917
Temerluh,3.4506,102.4176,MY,06,59916
Hwasun,35.06125,126.98746,KR,16,59914
Ponnur,16.07114,80.54944,IN,02,59913
Acerra,40.94477,14.3714,IT,04,59910
Jiangkou,25.48694,119.19834,CN,07,59902
Maqin County,34.47442,100.24496,CN,06,59900
Limoeiro do Norte,-5.14556,-38.09806,BR,06,59890
Yamethin,20.43189,96.13875,MM,08,59867
Kathua,32.36941,75.52539,IN,12,59866
Port Orange,29.13832,-80.99561,US,FL,59866
Mérida,38.91802,-6.34292,ES,57,59857
Boyolali,-7.53306,110.59583,ID,07,59851
Hamden,41.39593,-72.89677,US,CT,59847
Antony,48.75329,2.29668,FR,11,59845
Jacundá,-4.44696,-49.11556,BR,16,59842
North Lakhimpur,27.23517,94.10357,IN,03,59841
Pucheng,27.92333,118.53333,CN,07,59832
Lakewood,47.17176,-122.51846,US,WA,59829
Brandenburg an der Havel,52.41667,12.55,DE,11,59826
Balagtas,14.81667,120.86667,PH,03,59826
Buyeo,36.27472,126.90906,KR,17,59823
Bang Khae Nuea,13.70552,100.38933,TH,40,59821
Masaurhi Buzurg,25.35417,85.03195,IN,34,59803
Nerkunram,13.06194,80.20944,IN,25,59790
Kosai,34.70053,137.52253,JP,37,59770
Fountainebleau,25.77288,-80.34783,US,FL,59764
Piekary Śląskie,50.38017,18.92653,PL,83,59757
Itogon,16.36389,120.67694,PH,15,59736
Békéscsaba,46.68333,21.1,HU,03,59732
Rüsselsheim am Main,49.98955,8.42251,DE,05,59730
Zvishavane,-20.32674,30.06648,ZW,08,59717
Saint Clair Shores,42.49698,-82.88881,US,MI,59715
Agía Paraskeví,38.01667,23.83333,GR,ESYE31,59704
Metu,8.3,35.58333,ET,51,59700
Prachantakham,14.06366,101.51554,TH,74,59696
Springfield,39.92423,-83.80882,US,OH,59680
Shegaon,20.7932,76.69921,IN,16,59672
Pampán,9.44519,-70.47556,VE,21,59657
Mandideep,23.08166,77.53328,IN,35,59654
Katiola,8.13728,-5.10095,CI,90,59641
Great Falls,47.50024,-111.30081,US,MT,59638
Ksar el Boukhari,35.88889,2.74905,DZ,06,59634
São Miguel do Guamá,-1.62667,-47.48333,BR,16,59632
Date,37.81667,140.5,JP,08,59625
Ekpoma,6.743,6.14029,NG,37,59618
Pāchora,20.66727,75.35305,IN,16,59609
Nag Hammâdi,26.04949,32.24142,EG,23,59601
Baimajing,19.71195,109.21801,CN,31,59585
Tuanbao,30.33675,109.13465,CN,12,59580
San Cristobal,22.71658,-83.05647,CU,AR,59579
Den Helder,52.95988,4.75933,NL,07,59569
Chapel Hill,35.9132,-79.05584,US,NC,59568
Berlin Köpenick,52.44254,13.58228,DE,16,59561
Molfetta,41.20036,16.59905,IT,13,59557
Altamira,22.39309,-97.93857,MX,28,59536
Canyon Country,34.42333,-118.47203,US,CA,59530
Sengkang,-4.1279,120.0297,ID,38,59523
Gobichettipalayam,11.45496,77.4422,IN,25,59523
Gangoh,29.78004,77.26346,IN,36,59519
Mielec,50.28709,21.4239,PL,80,59509
Dayr al Balaḩ,31.41834,34.34933,PS,GZ,59504
Ferizaj,42.37056,21.15528,XK,10096138,59504
Shirakawa,37.11954,140.26211,JP,08,59491
Itanagar,27.08694,93.60987,IN,30,59490
Esfarāyen,37.07645,57.51009,IR,43,59490
Drummondville,45.88336,-72.48241,CA,10,59489
Comitancillo,15.08937,-91.74971,GT,17,59489
Sonsonate,13.71726,-89.72304,SV,13,59468
Wenshang,35.7275,116.49611,CN,25,59455
Ipirá,-12.15833,-39.73722,BR,05,59435
Mölndal,57.6554,12.01378,SE,28,59430
Huntington Park,33.98168,-118.22507,US,CA,59430
Meïganga,6.51667,14.3,CM,10,59426
La Roche-sur-Yon,46.66974,-1.42757,FR,52,59410
Tutóia,-2.76194,-42.27444,BR,13,59398
Chikuma,36.52715,138.08943,JP,26,59381
Mingshui,47.17944,125.90284,CN,08,59369
Ogōri,33.38738,130.54865,JP,07,59360
Azrou,33.43443,-5.22126,MA,03,59348
Galátsi,38.01667,23.75,GR,ESYE31,59345
Lancaster,40.03788,-76.30551,US,PA,59339
Jaitpur,28.50647,77.32976,IN,10,59330
Huiqu,36.27136,119.04903,CN,25,59323
Aş Şāliḩīyah al Jadīdah,30.63146,31.93927,EG,14,59320
Narasapur,16.43425,81.69845,IN,02,59306
Cachoeiras de Macacu,-22.4625,-42.65306,BR,21,59303
Coconut Creek,26.25175,-80.17894,US,FL,59302
Wendo,6.6,38.41667,ET,SI,59300
San Felipe,-32.74976,-70.72584,CL,01,59294
Dhone,15.3952,77.8715,IN,02,59272
Irati,-25.46722,-50.65111,BR,18,59250
Gannan,47.92038,123.50046,CN,08,59239
Offenburg,48.47377,7.94495,DE,01,59238
Craigavon,54.44709,-6.387,GB,NIR,59236
Aboisso,5.46779,-3.20711,CI,94,59225
Lamongan,-7.11667,112.41667,ID,08,59224
Pánlóngchéng Jīngjì Kāifāqū,30.69306,114.27074,CN,12,59207
Nabarūh,31.09755,31.30312,EG,01,59202
Leander,30.57881,-97.85307,US,TX,59202
Hongjiang,27.11,109.99556,CN,11,59199
Mikhaylovsk,45.13097,42.02703,RU,70,59198
Rājgarh,28.64201,75.38612,IN,24,59193
Sahagún,8.94617,-75.44275,CO,12,59188
Jian’ou,27.04146,118.31897,CN,07,59187
Idaho Falls,43.46658,-112.03414,US,ID,59184
Kotlas,61.25663,46.6537,RU,06,59180
Fundación,10.52066,-74.18504,CO,38,59175
Veliko Tŭrnovo,43.08124,25.62904,BG,62,59166
Tashan,34.33611,117.56667,CN,04,59162
San Rafael,37.97353,-122.53109,US,CA,59162
Jixian,46.72594,131.13308,CN,08,59160
Hezuo,34.98556,102.90944,CN,15,59148
Azua,18.45319,-70.7349,DO,01,59139
Wanchaq,-13.52493,-71.96531,PE,08,59134
Chalkída,38.46354,23.60284,GR,ESYE24,59125
Oltinko‘l,43.06874,58.90372,UZ,09,59122
Ullal,12.80569,74.86058,IN,19,59116
Ābādeh,28.8349,53.1726,IR,07,59116
Abadeh,31.1608,52.6506,IR,07,59116
Manaoag,16.0438,120.4861,PH,01,59115
Rio Bonito,-22.70861,-42.60972,BR,21,59113
Langenfeld,51.10821,6.94831,DE,07,59112
Al Warqaa,25.19272,55.42013,AE,03,59111
Umm Al Quwain City,25.56473,55.55517,AE,07,59098
Haizhou,34.58167,119.12889,CN,04,59098
Pierrefonds,45.45989,-73.89284,CA,10,59093
Noblesville,40.04559,-86.0086,US,IN,59093
Panna,24.72094,80.18772,IN,35,59091
Dilling,12.05,29.65,SD,50,59089
Longgu,34.90333,116.80667,CN,04,59086
Yigou,35.81139,114.31667,CN,09,59073
Santo Tomé,-31.66274,-60.7653,AR,21,59072
Yagoua,10.34107,15.23288,CM,12,59069
Marietta,33.9526,-84.54993,US,GA,59067
San Francisco,-31.42497,-62.08404,AR,05,59062
Tauá,-6.00306,-40.29278,BR,06,59062
Verkhnyaya Pyshma,56.97047,60.58219,RU,71,59061
Ferencváros,47.47754,19.09081,HU,05,59056
As-Suwayda,32.70896,36.56951,SY,05,59052
Fairfield,41.14121,-73.26373,US,CT,59052
Talnakh,69.4865,88.3972,RU,91,59051
Langtoucun,40.04068,124.33525,CN,19,59046
Owensboro,37.77422,-87.11333,US,KY,59042
Jose Rizal,8.87722,117.50415,PH,41,59040
Eastvale,33.96358,-117.56418,US,CA,59039
Sarpsborg,59.28391,11.10962,NO,13,59038
Simpang Renggam,1.825,103.3107,MY,01,59033
El Palomar,-34.61771,-58.60153,AR,01,59031
Qiryat Ata,32.81149,35.11323,IL,04,59030
Acará,-1.96083,-48.19667,BR,16,59023
Royal Oak,42.48948,-83.14465,US,MI,59008
Minami-Sōma,37.62908,140.97868,JP,08,59005
Camacupa,-12.01667,17.48333,AO,02,59000
Mot’a,11.08333,37.86667,ET,46,59000
Slutsk,53.01522,27.54159,BY,05,58995
Gola Gokarannāth,28.07837,80.47054,IN,36,58986
Mbera,15.85615,-5.79067,MR,01,58985
Zarand,30.81271,56.56399,IR,29,58983
Petroúpolis,38.04187,23.68494,GR,ESYE31,58979
Stralsund,54.30911,13.0818,DE,12,58976
Brentwood,37.93187,-121.69579,US,CA,58968
Juruti,-2.15222,-56.09222,BR,16,58960
Goz Beida,12.22643,21.40983,TD,25,58941
Gohad,26.43278,78.44205,IN,35,58939
Golpāyegān,33.4537,50.28836,IR,28,58936
Torbat-e Jām,35.244,60.6225,IR,42,58928
Fraijanes,14.46528,-90.44083,GT,07,58922
Kitahiroshima,42.97583,141.56722,JP,12,58918
Mpanda,-3.1703,29.4026,BI,09,58913
Cruz Alta,-28.64397,-53.60633,BR,23,58913
Xiaoweizhai,26.19028,107.5125,CN,18,58913
Baki,-7.61278,110.78389,ID,07,58909
Cerro de Pasco,-10.66577,-76.25309,PE,19,58899
Mikhaylovka,50.06187,43.23335,RU,84,58898
Solnechnogorsk,56.17527,36.97082,RU,47,58891
Villach,46.61028,13.85583,AT,02,58882
Antu,43.10247,128.90848,CN,05,58872
Bañga,6.42389,124.77833,PH,12,58855
Benalmádena,36.5961,-4.57267,ES,51,58854
Wani,20.05507,78.95313,IN,16,58840
Ardakān,32.31001,54.01747,IR,40,58834
Avan,40.21436,44.57846,AM,11,58800
Menzel Bourguiba,37.15368,9.78594,TN,18,58800
Dubuque,42.50056,-90.66457,US,IA,58799
Wallasey,53.42324,-3.06497,GB,ENG,58794
Kamphaeng Phet,16.48344,99.52153,TH,11,58787
Koga,33.73333,130.46667,JP,07,58786
Comayagua,14.45577,-87.63968,HN,04,58784
Thiruvarur,10.77269,79.6368,IN,25,58777
Upleta,21.74015,70.28256,IN,09,58775
Suozhen,36.95389,118.10472,CN,25,58766
Ishikari,43.23972,141.35389,JP,12,58755
Tessaoua,13.75737,7.9874,NE,04,58750
Cerdanyola del Vallès,41.49109,2.14079,ES,56,58747
Vinto,-17.39141,-66.31681,BO,02,58739
Kayes,-4.20493,13.28608,CG,01,58737
Marseille 12,43.29614,5.43617,FR,93,58734
Brookline,42.33176,-71.12116,US,MA,58732
Novi,42.48059,-83.47549,US,MI,58723
Jaguariúna,-22.70556,-46.98583,BR,27,58722
Pestlőrinc,47.42977,19.21592,HU,05,58722
Littlehampton,50.81137,-0.54078,GB,ENG,58714
Er Roseires,11.8659,34.3869,SD,42,58712
Tokoname,34.88333,136.85,JP,01,58710
Arsen’yev,44.15695,133.27331,RU,59,58700
Shwegu,24.22673,96.79085,MM,04,58696
Viseu,-1.19667,-46.14,BR,16,58692
Hanyū,36.16667,139.53333,JP,34,58686
Ṣāleḥīeh,35.50527,51.19142,IR,26,58683
Des Plaines,42.03336,-87.8834,US,IL,58677
Beliatta,6.0496,80.73252,LK,34,58675
Kampong Dungun,3.21667,101.31667,MY,07,58674
Hameln,52.10397,9.35623,DE,06,58666
Carrara,44.07926,10.09789,IT,16,58666
Taifu,28.98198,105.63702,CN,32,58663
Los Patios,7.83793,-72.5037,CO,21,58661
Mnihla,36.84774,10.11083,TN,38,58641
Carson City,39.1638,-119.7674,US,NV,58639
Padangpanjang,-0.45602,100.40521,ID,24,58627
Orland Park,41.63031,-87.85394,US,IL,58619
San Pedro Ayampuc,14.77943,-90.45318,GT,07,58609
Oumé,6.38309,-5.41759,CI,95,58606
Mpondwe,0.04008,29.7248,UG,W,58600
Nūzvīd,16.78854,80.84593,IN,02,58590
Frutal,-20.02472,-48.94056,BR,15,58588
Ngã Năm,9.56513,105.59897,VN,92,58588
Bartlett,35.20453,-89.87398,US,TN,58579
Glogovac,42.62833,20.89389,XK,10097360,58579
Beitbridge,-22.21667,30.0,ZW,07,58574
Guerara,32.79211,4.49949,DZ,45,58572
Toki,35.35,137.18333,JP,09,58567
Woodland,38.67852,-121.7733,US,CA,58567
Lonavla,18.75275,73.40575,IN,16,58562
Loum,4.7182,9.7351,CM,05,58554
Shiqiaozi,36.16167,119.26306,CN,25,58538
Una,20.82318,71.03795,IN,09,58528
Jidong,45.256,131.11637,CN,08,58520
São Gabriel,-30.33639,-54.32,BR,23,58487
Lehi,40.39162,-111.85077,US,UT,58486
Ouled Djellal,34.43,5.06139,DZ,OD,58481
Fenyi,27.81117,114.66805,CN,03,58478
Racibórz,50.09195,18.21928,PL,83,58464
White Plains,41.03399,-73.76291,US,NY,58459
Uzlovaya,53.9839,38.15984,RU,76,58458
Vasastaden,59.35,18.03333,SE,26,58458
Paombong,14.83111,120.78917,PH,03,58453
Weleri,-6.9713,110.0666,ID,07,58448
Chonglong,29.78062,104.85224,CN,32,58441
Sayama,34.51685,135.56298,JP,32,58435
Xinglongshan,43.95611,125.46611,CN,05,58432
Choshi,35.73333,140.83333,JP,04,58431
San Pedro de Jujuy,-24.23127,-64.86614,AR,10,58430
Al Ḩāmūl,31.31146,31.14766,EG,21,58430
Fort Beaufort,-32.77477,26.63376,ZA,05,58419
Benevento,41.1307,14.77816,IT,04,58418
Arcadia,34.13973,-118.03534,US,CA,58408
Reston,38.96872,-77.3411,US,VA,58404
Friedrichshafen,47.65689,9.47554,DE,01,58403
Batatais,-20.89111,-47.585,BR,27,58402
Finote Selam,10.7,37.26667,ET,46,58400
Barkam,31.90059,102.22092,CN,32,58390
Sakurai,34.5,135.85,JP,28,58386
Chaiyaphum,15.81047,102.02881,TH,26,58350
Tongchuan,31.09407,105.08731,CN,32,58346
Shibuzi,36.12389,119.10278,CN,25,58333
Uttaradit,17.62557,100.09421,TH,10,58313
Lixian,34.19,105.1725,CN,15,58300
Murakami,38.23333,139.48333,JP,29,58300
Larbaâ,36.56471,3.15434,DZ,20,58295
Hongqiao,26.76837,112.10814,CN,11,58287
Sérres,41.08499,23.54757,GR,ESYE12,58287
Antsalova,-18.66667,44.61667,MG,44,58280
Trenčín,48.89452,18.04436,SK,06,58278
Žižkov,50.08333,14.45,CZ,52,58267
Changbai,41.41772,128.19624,CN,05,58266
Zhutuo,29.0184,105.84877,CN,33,58262
Korçë,40.61861,20.78083,AL,46,58259
San Andrés,12.57858,-81.69973,CO,25,58257
Patzún,14.68189,-91.01397,GT,03,58240
Będzin,50.32607,19.12565,PL,83,58236
Sillod,20.30303,75.65284,IN,16,58230
Kırklareli,41.73508,27.22521,TR,39,58223
Colón,-32.22312,-58.14426,AR,08,58219
Ocala,29.1872,-82.14009,US,FL,58218
Kisela Voda,41.94889,21.50278,MK,F6,58216
Nikšić,42.7731,18.94446,ME,12,58212
Dingtao,35.07436,115.56582,CN,25,58206
Clay,43.1859,-76.17243,US,NY,58206
Myaungmya,16.59875,94.92111,MM,03,58205
Omoa,15.77603,-88.03833,HN,06,58172
Dongxi,28.76139,106.66111,CN,33,58169
Los Dos Caminos,10.49389,-66.82863,VE,15,58168
Monte Alegre,-2.00082,-54.08102,BR,16,58162
Arzew,35.85048,-0.318,DZ,09,58162
Central City,33.44001,-112.05805,US,AZ,58161
Petauke,-14.24117,31.31975,ZM,03,58156
Kanbe,16.70728,96.00168,MM,17,58146
Ar Rumaythīyah,29.31167,48.07417,KW,08,58135
Täby,59.4439,18.06872,SE,26,58123
South Vineland,39.44595,-75.02879,US,NJ,58122
Lorient,47.74817,-3.37177,FR,53,58112
Sanford,28.80055,-81.27312,US,FL,58111
Juye,35.38737,116.07168,CN,25,58107
Ekangala,-25.668,28.73,ZA,06,58099
Nahariyya,33.00892,35.09814,IL,03,58096
Dapaong,10.86225,0.20762,TG,26,58071
Felgueiras,41.36806,-8.19396,PT,17,58065
Serian,1.16667,110.56667,MY,11,58059
Streatham,51.42897,-0.13184,GB,ENG,58055
Hancheng,35.46028,110.42917,CN,26,58049
Göppingen,48.70354,9.65209,DE,01,58040
Zgierz,51.85561,19.40623,PL,74,58036
Caucasia,7.98654,-75.19349,CO,02,58034
Bowie,38.94278,-76.73028,US,MD,58025
Simpang Empat,4.95,100.63333,MY,07,58004
Port Coquitlam,49.26637,-122.76932,CA,02,58000
Santangpu,27.40556,111.98694,CN,11,58000
Invercargill,-46.4,168.35,NZ,F8,58000
Volzhsk,55.86661,48.35931,RU,45,58000
Kokomo,40.48643,-86.1336,US,IN,57995
Chornomors’k,46.29914,30.65529,UA,17,57983
Sarcelles,48.99739,2.37821,FR,11,57979
Jatiwangi,-6.73361,108.26278,ID,30,57973
Acámbaro,20.03248,-100.72434,MX,11,57972
Vigevano,45.31407,8.85437,IT,09,57970
Kawthoung,9.98238,98.55034,MM,12,57949
Pessac,44.80565,-0.6324,FR,75,57944
Imarichō-kō,33.27362,129.87877,JP,33,57940
Magsaysay,6.76667,125.18333,PH,11,57936
Santa Rosa de Cabal,4.86806,-75.62139,CO,24,57928
Sīra,13.74155,76.9043,IN,19,57928
Baekrajan,-6.7674,110.8541,ID,07,57920
Wayne,40.92538,-74.27654,US,NJ,57915
União da Vitória,-26.23,-51.08639,BR,18,57913
Kraaifontein,-33.84808,18.71723,ZA,11,57911
Hardenberg,52.57583,6.61944,NL,15,57909
Ivry-sur-Seine,48.81568,2.38487,FR,11,57897
Kokubu-matsuki,31.73333,130.76667,JP,18,57896
San Francisco El Alto,14.9449,-91.4431,GT,21,57894
Chikhli,20.35046,76.25774,IN,16,57889
Veles,41.71719,21.77196,MK,F1,57873
Al Wāsiţah,29.33778,31.20556,EG,04,57870
Tabaco,13.35861,123.73361,PH,05,57860
Jing'an,34.49621,116.92249,CN,04,57825
Belen,-3.76016,-73.2497,PE,16,57824
Pianura,40.85907,14.17314,IT,04,57821
Kogalym,62.26537,74.47906,RU,32,57800
Jhārgrām,22.45384,86.99497,IN,28,57796
Évreux,49.02414,1.15082,FR,28,57795
Bootle,53.46667,-3.01667,GB,ENG,57791
Santee,32.83838,-116.97392,US,CA,57787
Emin,46.52582,83.63418,CN,13,57782
Ponte Nova,-20.41639,-42.90861,BR,15,57776
Orito,0.66749,-76.87297,CO,22,57774
Longtan,28.75716,108.96414,CN,33,57769
Shenliu,29.41369,112.16435,CN,11,57769
Lop Buri,14.79808,100.65397,TH,34,57761
Ksar,18.0995,-15.9574,MR,13,57758
Görlitz,51.15518,14.98853,DE,13,57751
Dublin,37.70215,-121.93579,US,CA,57721
St. Albert,53.63344,-113.63533,CA,01,57719
Hagere Maryam,5.63418,38.23603,ET,51,57700
Stolberg,50.77368,6.22595,DE,07,57684
la Nova Esquerra de l'Eixample,41.38309,2.149,ES,56,57676
Ash Shāmīyah,31.96257,44.60075,IQ,04,57661
Ávila,40.65724,-4.69951,ES,55,57657
Moreno,-8.11861,-35.09222,BR,30,57654
Maocun,34.37667,117.25056,CN,04,57649
Mongaguá,-24.09306,-46.62083,BR,27,57648
Harsīn,34.2721,47.5861,IR,13,57647
Santa Luzia,-3.96333,-45.65833,BR,13,57635
Sundsvall,62.39129,17.3063,SE,24,57606
Bebington,53.35,-3.01667,GB,ENG,57600
El Hatillo,10.42411,-66.82581,VE,15,57591
Legnano,45.59788,8.91506,IT,09,57589
Taquara,-29.65056,-50.78056,BR,23,57584
Vénissieux,45.69706,4.88593,FR,84,57584
Kagaznāgār,19.33159,79.46605,IN,40,57583
Cergy,49.03645,2.07613,FR,11,57576
Ālbū Kamāl,34.45226,40.91854,SY,07,57572
Trảng Bom,10.95358,107.00589,VN,75,57560
Ban Pong,13.81629,99.87739,TH,52,57559
Krymsk,44.92625,37.99025,RU,38,57555
Huangpi,30.88453,114.37789,CN,12,57554
Shanhecun,45.71131,128.58029,CN,08,57550
Hernals,48.22544,16.30871,AT,09,57546
Biała Podlaska,52.03238,23.11652,PL,75,57541
Bhātāpāra,21.735,81.94711,IN,37,57537
Yantongshan,43.29194,126.00944,CN,05,57515
Kāsībugga,18.75927,84.41613,IN,02,57507
Vynohradar,50.51429,30.42452,UA,12,57500
Guarabira,-6.85472,-35.49,BR,17,57484
Cupang,14.43409,121.03619,PH,NCR,57482
Hasanpur,28.72249,78.28436,IN,36,57481
Clichy,48.90018,2.30952,FR,11,57467
Na Di,14.11565,101.78211,TH,74,57466
Guiren,33.66972,118.18889,CN,04,57446
Chongwe,-15.32916,28.68204,ZM,09,57443
Maulavi Bāzār,24.48888,91.77075,BD,86,57441
Palm Harbor,28.07807,-82.76371,US,FL,57439
Kan’onjichō,34.1276,133.64598,JP,17,57438
Santo Tomas,14.1079,121.14136,PH,40,57438
Linares,38.09519,-3.63602,ES,51,57414
Lohārdagā,23.43305,84.67992,IN,38,57411
Kentau,43.51672,68.50463,KZ,10,57408
Manicoré,-5.80917,-61.30028,BR,04,57405
Marinilla,6.17358,-75.33621,CO,02,57403
Medford,42.41843,-71.10616,US,MA,57403
Kidderminster,52.38819,-2.25,GB,ENG,57400
Myaydo,19.36838,95.21512,MM,15,57395
Cheremkhovo,53.14745,103.08192,RU,20,57395
Morley,53.74013,-1.59877,GB,ENG,57385
Taquaritinga,-21.40611,-48.50472,BR,27,57364
Jahāngīrābād,28.40549,78.10588,IN,36,57363
Sherkot,29.32704,78.57429,IN,36,57361
Siu Lek Yuen,22.38174,114.21256,HK,NST,57349
Kātrās,23.79752,86.29834,IN,38,57349
El Menia,30.57556,2.88417,DZ,EM,57344
Minbu,20.18059,94.87595,MM,15,57342
Zhongxing,33.70389,118.67917,CN,04,57338
Halabja,35.17778,45.98611,IQ,19,57333
Talagante,-33.66386,-70.92734,CL,12,57323
Langxiang,46.94985,128.86849,CN,08,57318
Kaffrine,14.10594,-15.5508,SN,16,57307
Catacaos,-5.26667,-80.68333,PE,20,57304
Garoowe,8.40207,48.48284,SO,18,57300
Kota Sambas,1.36259,109.30093,ID,11,57295
Coruripe,-10.12556,-36.17556,BR,02,57294
Mācherla,16.47635,79.43533,IN,02,57290
Naksalbāri,26.6827,88.22001,IN,28,57283
Sankarankovil,9.17048,77.54107,IN,25,57277
Mulbāgal,13.16352,78.39346,IN,19,57276
Paris 09 Opéra,48.8718,2.3399,FR,11,57271
Kolaboui,10.79569,-14.39966,GN,B,57251
Midwest City,35.44951,-97.3967,US,OK,57249
Içara,-28.71333,-49.3,BR,26,57247
Kandukūr,15.21542,79.9039,IN,02,57246
Center City,39.9512,-75.15923,US,PA,57239
Nonoichi,36.53333,136.61667,JP,15,57238
Margate,26.24453,-80.20644,US,FL,57234
Tiruvalla,9.3816,76.57489,IN,13,57223
Roshanpura,28.60057,76.98918,IN,07,57217
Villa Hayes,-25.093,-57.52725,PY,16,57217
Thanbyuzayat,15.96893,97.72745,MM,13,57208
Andradina,-20.89611,-51.37944,BR,27,57202
Andradas,-22.06806,-46.56917,BR,15,57202
Bergama,39.12074,27.18052,TR,35,57200
Ponnūru,16.06547,80.55203,IN,02,57170
Vargem Grande,-3.54306,-43.91583,BR,13,57168
Boufarik,36.57413,2.91214,DZ,20,57162
Chitral,35.8518,71.78636,PK,03,57157
South Whittier,33.95015,-118.03917,US,CA,57156
Bageqi,37.14071,79.83509,CN,13,57153
Saint-André,-20.96333,55.65031,RE,RE,57150
Kollegāl,12.15449,77.11051,IN,19,57149
Tinley Park,41.57337,-87.78449,US,IL,57143
Hamada,34.88333,132.08333,JP,36,57142
Mukandpur,28.73944,77.18315,IN,07,57135
Bandō,36.06997,139.86705,JP,14,57128
Anamur,36.07508,32.83691,TR,32,57128
Suiling,47.23489,127.10769,CN,08,57124
Pflugerville,30.43937,-97.62,US,TX,57122
Mafraq,32.34289,36.20804,JO,15,57118
Wenxing,28.68208,112.87864,CN,11,57117
Unjha,23.80366,72.39101,IN,09,57108
Frankfurt (Oder),52.34714,14.55062,DE,11,57107
Fichē,9.8,38.73333,ET,51,57100
Zhigulëvsk,53.40332,49.51055,RU,65,57094
Alenquer,-1.94167,-54.73833,BR,16,57092
Yingli,37.065,118.81029,CN,25,57091
Sakaidechō,34.32278,133.8356,JP,17,57090
Cristo Rey,18.5,-69.93333,DO,34,57084
Kāmyārān,34.79535,46.93682,IR,16,57077
Chhibrāmau,27.14872,79.50078,IN,36,57071
Borūjen,31.96523,51.2873,IR,03,57071
As Sawānī,32.71667,13.06667,LY,81,57069
Nūrābād,30.11405,51.52174,IR,07,57058
Tilhar,27.96282,79.73827,IN,36,57043
Dehdasht,30.79337,50.56508,IR,05,57036
New Brunswick,40.48622,-74.45182,US,NJ,57035
Annaka,36.33011,138.89585,JP,10,57013
Lunglei,22.89247,92.74218,IN,31,57011
Jahangira,33.96416,72.22097,PK,03,57011
Grand Forks,47.92526,-97.03285,US,ND,57011
Emmen,52.77917,6.90694,NL,01,57010
Phra Phutthabat,14.72609,100.79584,TH,37,57008
Colegiales,-34.57365,-58.44924,AR,07,57000
Sokol’niki,55.80202,37.67159,RU,48,57000
Sokol,55.8,37.51667,RU,48,57000
Reyhanlı,36.26791,36.56747,TR,31,56995
Baishishan,43.58333,127.56667,CN,05,56992
Fountain Valley,33.70918,-117.95367,US,CA,56987
Hoskote,13.0707,77.79814,IN,19,56980
Hendala,6.9909,79.883,LK,36,56978
Haripur,33.99783,72.93493,PK,03,56977
Minokamo,35.48199,137.02166,JP,09,56972
Roslavl’,53.95387,32.86409,RU,69,56971
Stourbridge,52.45608,-2.14317,GB,ENG,56950
Byasanagar,20.95569,86.12643,IN,21,56946
North Hills,34.23639,-118.48472,US,CA,56946
Três Pontas,-21.36667,-45.5125,BR,15,56940
Ninghai,37.38422,121.60859,CN,25,56937
Manfredonia,41.63065,15.91876,IT,13,56932
Veszprém,47.09327,17.91149,HU,23,56927
Anlong Veaeng,14.23223,104.08107,KH,27,56927
Neu-Hohenschönhausen,52.56681,13.51255,DE,16,56921
Bayt Lāhyā,31.5464,34.49514,PS,GZ,56919
Foligno,42.95488,12.70268,IT,18,56918
Zhuzhai,34.76111,116.81389,CN,04,56908
Purbalingga,-7.38806,109.36389,ID,07,56903
Xam Nua,20.4164,104.045,LA,03,56900
Diamond Bar,34.02862,-117.81034,US,CA,56897
Kitgum,3.27833,32.88667,UG,N,56891
Baden-Baden,48.7606,8.23975,DE,01,56881
Bada Barabīl,22.11186,85.38684,IN,21,56870
Hattingen,51.39894,7.18557,DE,07,56866
Sāmalkot,17.05675,82.17639,IN,02,56864
Caacupé,-25.38575,-57.14217,PY,08,56864
Mukō,34.96545,135.70415,JP,22,56859
Karīmganj,24.86919,92.35543,IN,03,56854
La Dolorita,10.4883,-66.78608,VE,15,56846
Livingston,55.90288,-3.52261,GB,SCT,56840
Umm Ruwaba,12.9061,31.2158,SD,56,56833
Ushuaia,-54.81084,-68.31591,AR,23,56825
Nōgata,33.74051,130.72263,JP,07,56821
Bobbili,18.57366,83.35925,IN,02,56819
Barri de Sant Andreu,41.43693,2.19022,ES,56,56818
Jinji,23.22806,110.82611,CN,16,56816
Fana,12.7787,-6.9564,ML,07,56809
Marseille 11,43.2907,5.4384,FR,93,56792
Taunton,41.9001,-71.08977,US,MA,56789
Fussa,35.73667,139.32361,JP,40,56786
Ambalangoda,6.2355,80.0538,LK,34,56783
Batac City,18.0554,120.56489,PH,01,56781
Oak Lawn,41.71087,-87.75811,US,IL,56781
Union,40.6976,-74.2632,US,NJ,56771
Ankeny,41.72971,-93.60577,US,IA,56764
Battir,31.7,35.11667,PS,WE,56746
Malārd,35.6659,50.9767,IR,26,56745
Weining,26.85,104.23333,CN,18,56744
Mettur,11.78796,77.8008,IN,25,56743
Chicopee,42.1487,-72.60787,US,MA,56741
Sattenapalle,16.39381,80.15221,IN,02,56721
San Vicent del Raspeig,38.3964,-0.5255,ES,60,56715
Castlereagh,54.5735,-5.88472,GB,NIR,56679
Kettering,52.39836,-0.72571,GB,ENG,56676
Morondava,-20.28869,44.31782,MG,54,56671
Paudalho,-7.89667,-35.17972,BR,30,56665
Qingfu,28.43701,104.51622,CN,32,56650
Jamrud,34.00152,71.38007,PK,03,56642
Pirapora,-17.345,-44.94194,BR,15,56640
Daokou,35.56895,114.51593,CN,09,56637
Okcheon,36.3012,127.568,KR,05,56634
Tirūrangādi,11.04316,75.92337,IN,13,56632
Yashan,22.1975,109.94194,CN,16,56629
Woluwe-Saint-Lambert,50.84389,4.42912,BE,BRU,56584
Lingayen,16.02182,120.23194,PH,01,56580
Masinloc,15.5363,119.9502,PH,03,56579
Borovichi,58.39418,33.91864,RU,52,56571
Hilden,51.16818,6.93093,DE,07,56565
Wellingborough,52.30273,-0.69446,GB,ENG,56564
Mafra,-26.11139,-49.80528,BR,26,56561
Tennala,10.99342,75.93504,IN,13,56546
Budapest XII. kerület,47.49192,19.01493,HU,05,56544
Aylmer,45.4002,-75.80644,CA,10,56542
Chakradharpur,22.67611,85.62892,IN,38,56531
Oberá,-27.48683,-55.11994,AR,14,56528
Irving Park,41.95336,-87.73645,US,IL,56520
Dörtyol,36.83917,36.23025,TR,31,56513
Limoeiro,-7.87472,-35.45028,BR,30,56510
Ureña,7.92162,-72.44396,VE,20,56509
Capitão Poço,-1.74639,-47.05944,BR,16,56506
Porto Ferreira,-21.85389,-47.47917,BR,27,56504
Açu,-5.57667,-36.90861,BR,22,56496
Sendhwa,21.68562,75.09622,IN,35,56485
Nantai,40.9241,122.80437,CN,19,56478
São Francisco,-15.94861,-44.86444,BR,15,56477
Palmares,-8.68333,-35.59167,BR,30,56475
Sukuta,13.41033,-16.70815,GM,05,56472
Balai Pungut,1.05949,101.29054,ID,37,56452
Talegaon Dābhāde,18.73502,73.67561,IN,16,56435
Potenza,40.64175,15.80794,IT,02,56433
Changleng,28.7,115.81667,CN,03,56429
Chernaya Rechka,59.98594,30.30338,RU,42,56429
Saint-Michel,45.56758,-73.62168,CA,10,56420
Hiriyūr,13.94455,76.61723,IN,19,56416
Rolim de Moura,-11.80361,-61.80333,BR,24,56406
Chino,35.9944,138.15428,JP,26,56400
Mocoa,1.15284,-76.65208,CO,22,56398
Boudouaou,36.72735,3.40995,DZ,40,56398
Registro,-24.4875,-47.84361,BR,27,56393
Mizuho,35.3943,136.66898,JP,09,56388
Winterhude,53.59368,10.01123,DE,04,56382
Anjangaon,21.16516,77.3091,IN,16,56380
Mon Repos,10.27979,-61.4459,TT,10,56380
Tarneit,-37.83634,144.65952,AU,07,56370
Canguçu,-31.395,-52.67556,BR,23,56370
Hutang,31.53429,119.49,CN,04,56370
Pul-e Khumrī,35.94458,68.71512,AF,03,56369
Berwyn,41.85059,-87.79367,US,IL,56368
Sanchuan,26.75041,100.65894,CN,29,56345
Charkhi Dādri,28.59166,76.27161,IN,10,56337
Châu Phong,10.71667,105.13333,VN,91,56322
Caleta Olivia,-46.44785,-67.52274,AR,20,56310
Ujhāni,28.00311,79.00821,IN,36,56309
Manhattan,39.18361,-96.57167,US,KS,56308
Honiara,-9.43333,159.95,SB,14,56298
Fier,40.7251,19.55823,AL,44,56297
Trairi,-3.27778,-39.26889,BR,06,56291
Sitou,36.31275,118.41185,CN,25,56289
Kaédi,16.15071,-13.50582,MR,04,56283
Bankra,22.60291,88.27751,IN,28,56273
Mendaha,-1.0163,103.59331,ID,05,56268
Forest,50.81678,4.32775,BE,BRU,56254
Dabhoi,22.18333,73.43333,IN,09,56253
Kūt-e ‘Abdollāh,31.23917,48.65639,IR,15,56252
Zibihu,26.1143,99.95267,CN,29,56246
Mutsu,41.28944,141.21694,JP,03,56244
Teghra,25.49043,85.94001,IN,34,56234
Baidi,31.05761,109.59088,CN,33,56216
Sleman,-7.71556,110.35556,ID,10,56215
Gaogou,34.0175,119.18861,CN,04,56214
Espinal,4.14924,-74.88429,CO,28,56213
Huauchinango,20.17376,-98.05491,MX,21,56206
Vranje,42.55139,21.90028,RS,SE,56199
Kirishi,59.47417,32.04007,RU,42,56190
Gölcük,40.71501,29.81824,TR,41,56189
Khartsyzk,48.04277,38.14025,UA,05,56182
Linghai,41.16528,121.36667,CN,19,56176
Turbaco,10.32944,-75.41137,CO,35,56171
Dongola,19.18163,30.47689,SD,43,56167
Paita,-5.08917,-81.11444,PE,20,56151
Kendale Lakes,25.70816,-80.407,US,FL,56148
Smyrna,33.88399,-84.51438,US,GA,56146
Dearborn Heights,42.33698,-83.27326,US,MI,56145
Humaitá,-7.51651,-63.03105,BR,04,56144
Longshi,30.21469,106.45743,CN,33,56142
Hermanus,-34.4187,19.23446,ZA,11,56139
Moncalieri,44.9994,7.68236,IT,12,56134
Rhodes,36.43556,28.22199,GR,ESYE42,56128
Obra,24.41863,82.98797,IN,36,56110
Umm el Faḥm,32.51758,35.15397,IL,04,56109
Kobo,10.02798,39.8528,ET,46,56100
Xuzhuang,34.29614,117.45798,CN,04,56099
Sankt Augustin,50.77538,7.197,DE,07,56094
Dương Nội,20.97736,105.75383,VN,01,56091
Ayapel,8.31372,-75.13982,CO,12,56082
Tiruvallur,13.14376,79.90889,IN,25,56074
Mandapeta,16.86254,81.92921,IN,02,56063
Kutu,-2.7249,18.14756,CD,24,56061
Tirur,10.91368,75.92118,IN,13,56058
Porterville,36.06523,-119.01677,US,CA,56058
Kimilili,0.78775,34.71562,KE,12,56050
Piscataway,40.49927,-74.39904,US,NJ,56044
Kandi,11.13417,2.93861,BJ,07,56043
Pandak,-7.91306,110.29361,ID,10,56043
Ropar,30.96896,76.52695,IN,23,56038
Gongyi,34.75534,113.01137,CN,09,56033
Al Badārī,26.99306,31.41605,EG,17,56033
Hendersonville,36.30477,-86.62,US,TN,56018
Roeselare,50.94653,3.12269,BE,VLG,56016
Melo,-32.3682,-54.16409,UY,03,56013
Papatoetoe,-36.9682,174.84019,NZ,E7,56010
Eisen,35.9675,128.93083,KR,14,56006
Dangila,11.26667,36.83333,ET,46,56000
Bonga,7.28889,36.24167,ET,SW,56000
Kapenguria,1.23889,35.11194,KE,55,56000
Ezhva,61.81281,50.72834,RU,34,56000
Nāmakkal,11.22126,78.16524,IN,25,55997
Toumodi,6.55799,-5.01769,CI,81,55986
Cuneo,44.39071,7.54828,IT,12,55980
Qinnan,33.25306,119.91333,CN,04,55975
Barabai,-2.58333,115.38333,ID,12,55956
Arcot,12.90569,79.31897,IN,25,55955
Liski,50.9824,39.50403,RU,86,55939
Gelan,30.03589,107.11612,CN,33,55938
Morningside Heights,40.81,-73.9625,US,NY,55929
Zvyahel,50.59141,27.60884,UA,27,55925
San Francisco,9.9938,-84.12742,CR,04,55923
Lāharpur,27.70827,80.90256,IN,36,55911
Impasugong,8.30972,125.00194,PH,10,55901
Trần Văn Thời,9.07713,104.97914,VN,96,55897
Kudamatsu,34.00964,131.86637,JP,45,55887
Kuala Selangor,3.35,101.25,MY,12,55887
Vryburg,-26.95659,24.7284,ZA,10,55879
Bolvadin,38.71111,31.04861,TR,03,55870
Dalianwan,39.02861,121.695,CN,19,55841
Changling,44.27295,123.97559,CN,05,55841
Chumphon,10.4957,99.17971,TH,58,55835
Mozambique,-15.03466,40.73447,MZ,06,55829
Tirhanimîne,35.23619,-3.95453,MA,01,55827
Viramgām,23.12564,72.05014,IN,09,55821
Hoàng Liệt,20.96403,105.84055,VN,01,55820
Zarrīn Shahr,32.39057,51.37654,IR,28,55817
San Rafael,10.96205,-71.73034,VE,23,55810
Rocky Mount,35.93821,-77.79053,US,NC,55806
Belem,-23.5376,-46.59482,BR,27,55785
Corvallis,44.56457,-123.26204,US,OR,55780
Eschweiler,50.81854,6.27184,DE,07,55778
Berrouaghia,36.13516,2.91085,DZ,06,55775
Tsévié,6.42611,1.21333,TG,24,55775
Ełk,53.82824,22.36469,PL,85,55769
San Antonio,-25.42126,-57.54725,PY,06,55754
Aïn Touta,35.37675,5.90001,DZ,03,55736
Olympia,47.04491,-122.90169,US,WA,55733
Valdosta,30.83334,-83.28032,US,GA,55724
Asadābād,34.78241,48.12012,IR,09,55703
Islāmpur,26.26541,88.18982,IN,28,55691
Naviraí,-23.065,-54.19056,BR,11,55689
Bonan,25.46335,99.52826,CN,29,55685
Zile,40.30306,35.88639,TR,60,55680
Serowe,-22.38754,26.71077,BW,01,55676
Dibaya-Lubwe,-4.15869,19.8619,CD,20,55672
Karād,17.28937,74.18183,IN,16,55663
Hanford,36.32745,-119.64568,US,CA,55659
Kampung Bukit Baharu,2.2152,102.2851,MY,04,55656
Kawm Ḩamādah,30.76128,30.69972,EG,03,55652
Lubao,14.9405,120.6011,PH,03,55645
Shibirghān,36.66757,65.7529,AF,31,55641
Hashtgerd,35.962,50.6799,IR,44,55640
'Ārdamatā,13.47546,22.48531,SD,47,55637
My Drarga,30.37733,-9.47342,MA,09,55631
Zhuyi,31.02543,109.38562,CN,33,55627
Yanam,16.73308,82.21364,IN,02,55626
Klaeng,12.78,101.64912,TH,47,55619
Dakhla,30.41145,-9.55344,MA,09,55618
Świętochłowice,50.29636,18.91726,PL,83,55600
Rumonge,-3.9736,29.4386,BI,26,55599
Ābu Road,24.48012,72.78186,IN,24,55599
Yongqing,34.74806,106.12694,CN,15,55595
Castle Rock,39.37221,-104.85609,US,CO,55591
Linqiong,30.41587,103.46089,CN,32,55587
Snizhne,48.02328,38.76205,UA,05,55587
Greenwood,39.61366,-86.10665,US,IN,55586
Takizawa,39.8028,141.13466,JP,16,55579
Brazlândia,-15.67941,-48.19667,BR,07,55561
At Tall,33.61033,36.3107,SY,08,55561
Amuntai,-2.41773,115.24941,ID,12,55560
Hà Giang,22.82333,104.98357,VN,08,55559
Nuevo Casas Grandes,30.41552,-107.91166,MX,06,55553
Chicago Lawn,41.77503,-87.69644,US,IL,55551
Eminönü,41.01754,28.97101,TR,34,55548
Hempstead,40.70621,-73.61874,US,NY,55547
Buthidaung Town,20.87537,92.53,MM,01,55545
Wellington,-33.63981,19.0112,ZA,11,55543
Piedade,-23.71194,-47.42778,BR,27,55542
Raxaul,26.97982,84.85065,IN,34,55536
Moonniyur,11.05972,75.90311,IN,13,55535
Novato,38.10742,-122.5697,US,CA,55530
Kettering,39.6895,-84.16883,US,OH,55525
Bellevue,41.13667,-95.89084,US,NE,55510
Tlokweng,-24.66861,25.97111,BW,09,55508
Barwāni,22.03232,74.89982,IN,35,55504
Qishan,29.84431,117.71937,CN,01,55500
Vyaz’ma,55.20997,34.29695,RU,69,55500
Buriticupu,-4.32124,-46.45468,BR,13,55499
Barrow in Furness,54.11094,-3.22758,GB,ENG,55489
Videira,-27.00833,-51.15167,BR,26,55466
Besuki,-7.73379,113.69785,ID,08,55465
Rîbniţa,47.76817,29.01,MD,58,55455
Aurora,44.00011,-79.46632,CA,08,55445
Lanshan,33.93611,117.725,CN,04,55442
Mangina,0.60419,29.31004,CD,11,55439
Shoreline,47.75565,-122.34152,US,WA,55439
Decatur,34.60593,-86.98334,US,AL,55437
Luau,-10.70727,22.22466,AO,14,55432
Oued Rhiou,35.96124,0.91896,DZ,51,55430
Friedrichsfelde,52.50575,13.50812,DE,16,55423
Anjiang,27.31944,110.10306,CN,11,55421
San Fernando,10.27969,-61.46835,TT,10,55419
Xinqing,48.28701,129.52337,CN,08,55415
Gapyeong,37.83101,127.51059,KR,13,55415
Ksar Hellal,35.64773,10.89046,TN,16,55415
Paramount,33.88946,-118.15979,US,CA,55412
Beledweyne,4.73583,45.20361,SO,07,55410
Placetas,22.31377,-79.65384,CU,16,55408
Saint-Quentin,49.84889,3.28757,FR,32,55407
Mpulungu,-8.76234,31.11405,ZM,05,55405
Tønsberg,59.26754,10.40762,NO,20,55387
Bisceglie,41.24264,16.50104,IT,13,55385
Jaguare,-23.54382,-46.74871,BR,27,55382
Kottayam,9.58692,76.52132,IN,13,55374
Pruszków,52.17072,20.81214,PL,78,55371
Bozüyük,39.90778,30.03667,TR,11,55365
Tiruttangal,9.48333,77.83333,IN,25,55362
Minamiuonuma,37.08259,138.87413,JP,29,55354
Bossangoa,6.49263,17.45518,CF,12,55353
Artur Nogueira,-22.57306,-47.1725,BR,27,55340
Taliwang,-8.7449,116.8532,ID,17,55340
Port Arthur,29.88519,-93.94233,US,TX,55340
Petlād,22.47681,72.79995,IN,09,55330
Dorbod,46.86135,124.442,CN,08,55316
Sesvete,45.83111,16.11639,HR,21,55313
Yutan,28.25831,112.56048,CN,11,55312
Abington,40.12067,-75.11795,US,PA,55310
Anderson,40.10532,-85.68025,US,IN,55305
Wedi,-7.74306,110.57944,ID,07,55300
Jālaun,26.1451,79.3366,IN,36,55299
Ahu,34.37664,118.60308,CN,04,55298
Pátzcuaro,19.5132,-101.60995,MX,16,55298
Torrelavega,43.34943,-4.04785,ES,39,55297
Hidaka,35.91664,139.36233,JP,34,55294
Satte,36.07254,139.72615,JP,34,55286
Djemmal,35.62231,10.75696,TN,16,55285
Periya Semūr,11.36088,77.68952,IN,25,55282
Ahlen,51.76338,7.8887,DE,07,55280
Tamiami,25.75871,-80.39839,US,FL,55271
Aïn Defla,36.26405,1.9679,DZ,35,55259
Kas,12.50974,24.28519,SD,49,55255
Paris 05 Panthéon,48.8448,2.3471,FR,11,55252
Nazarovo,56.01138,90.41656,RU,91,55252
Hulu Langat,3.1137,101.8142,MY,12,55251
Rubizhne,49.00849,38.37972,UA,14,55247
Villa Bruzual,9.33186,-69.11968,VE,18,55244
Rāmganj,23.1006,90.84989,BD,84,55241
Madhupur,24.27419,86.63929,IN,38,55238
Dhūri,30.36846,75.86791,IN,23,55225
Pazardzhik,42.19934,24.33318,BG,48,55220
Klimovsk,55.36352,37.52984,RU,47,55206
South Croydon,51.36217,-0.09421,GB,ENG,55198
Towson,39.4015,-76.60191,US,MD,55197
Naic,14.31812,120.76609,PH,40,55195
Challakere,14.318,76.65165,IN,19,55194
Bayan,46.07622,127.39369,CN,08,55186
Etāwa,24.18351,78.20289,IN,35,55185
Zouérat,22.73542,-12.47134,MR,11,55183
North Chicopee,42.18343,-72.59953,US,MA,55179
Shijōnawate,34.73333,135.68333,JP,32,55177
Elda,38.47783,-0.79157,ES,60,55168
Drean,36.68482,7.75111,DZ,44,55147
Licha,36.05722,119.78333,CN,25,55140
Pingjin,30.61176,107.54497,CN,33,55139
Chiplūn,17.53339,73.50935,IN,16,55139
Uptown,41.9659,-87.65262,US,IL,55137
Cần Giờ,10.41115,106.95474,VN,79,55137
Mandlā,22.59879,80.37115,IN,35,55133
Olímpia,-20.73722,-48.91472,BR,27,55130
Ābyek,36.06667,50.55,IR,34,55128
São José do Rio Pardo,-21.59556,-46.88861,BR,27,55124
Biel/Bienne,47.13713,7.24608,CH,BE,55120
Sarasota,27.33643,-82.53065,US,FL,55118
Šabac,44.74667,19.69,RS,SE,55114
Narail,23.15509,89.49515,BD,82,55112
Kalasin,16.43281,103.50658,TH,23,55102
Lesnoy,57.6198,63.0784,RU,71,55100
Canterbury,51.27904,1.07992,GB,ENG,55087
Bhīmunipatnam,17.89017,83.45203,IN,02,55082
Rybatskoye,59.8393,30.49873,RU,42,55076
Eqbālīyeh,36.23081,49.92499,IR,38,55066
Cepu,-7.1475,111.5906,ID,07,55055
Kaga-Bandoro,6.98961,19.18744,CF,15,55047
Uritsk,59.83889,30.17528,RU,66,55037
Luang Prabang,19.8933,102.1525,LA,17,55027
Sharifabad,33.4341,73.36276,PK,04,55027
Canoinhas,-26.17722,-50.39,BR,26,55016
Mawlai-Mawïong,25.62322,91.88175,IN,18,55012
Cuango-Luzamba,-9.14583,18.04453,AO,17,55000
Caxito,-8.57848,13.66425,AO,19,55000
Shilin,24.81878,103.33237,CN,29,55000
Jinotega,13.09103,-86.00234,NI,07,55000
Zamoskvorech’ye,55.73333,37.63333,RU,48,55000
Pokrovskoye-Streshnëvo,55.80797,37.45814,RU,48,55000
Berëzovskiy,55.66951,86.27485,RU,29,55000
Waterloo,8.3389,-13.07091,SL,04,55000
Dunfermline,56.07156,-3.45887,GB,SCT,54990
Dompu,-8.5365,118.4634,ID,17,54987
Kavanur,12.99623,80.07514,IN,25,54986
Granja,-3.12028,-40.82611,BR,06,54962
Reghaïa,36.73587,3.34018,DZ,01,54962
Liguo,34.55287,117.33296,CN,25,54960
Huangnihe,43.55833,128.02389,CN,05,54959
Viljoenskroon,-27.20841,26.94855,ZA,03,54955
Tallang-dong,33.49028,126.47528,KR,01,54954
Saint-Jérôme,45.78036,-74.00365,CA,10,54948
Cypress Hills,40.67705,-73.89125,US,NY,54944
West Haven,41.27065,-72.94705,US,CT,54927
Miyakojima,24.79016,125.31109,JP,47,54908
Rosemead,34.08057,-118.07285,US,CA,54908
Sabinas,27.85591,-101.11738,MX,07,54905
Bad Salzuflen,52.0862,8.74434,DE,07,54899
Cuenca,40.06667,-2.13333,ES,54,54898
Derbendîxan,35.11207,45.68663,IQ,05,54896
Euskirchen,50.66057,6.78722,DE,07,54889
Estancia,11.4551,123.152,PH,06,54882
Yecheon,36.6574,128.45514,KR,14,54873
Edgewater,41.98337,-87.66395,US,IL,54873
Pithāpuram,17.1168,82.25284,IN,02,54859
Al Khafjī,28.43905,48.49132,SA,06,54857
Jackson,39.7765,-74.86238,US,NJ,54856
Highland,34.12834,-117.20865,US,CA,54854
Kāndi,23.95946,88.04018,IN,28,54848
San José de las Lajas,22.96121,-82.15151,CU,MA,54847
Jonquière,48.41648,-71.24884,CA,10,54842
Jelgava,56.65,23.71278,LV,11,54834
Mamoudzou,-12.78234,45.22878,YT,97611,54831
Meerbusch,51.25268,6.68807,DE,07,54826
Sangarédi,11.1,-13.76667,GN,B,54824
Idappadi,11.58624,77.83891,IN,25,54823
Manzhouli,49.6,117.43333,CN,20,54808
Caaguazú,-25.47104,-56.01603,PY,04,54808
Huguo,28.58626,105.36663,CN,32,54795
Liuji,34.35833,117.05278,CN,04,54785
Asenovgrad,42.01667,24.86667,BG,51,54778
Sāhibābād Daulotpur,28.74705,77.11465,IN,07,54773
Pozzo Strada,45.06837,7.62503,IT,12,54766
Bandar Labuan,5.28319,115.25371,MY,16,54752
Mount Prospect,42.06642,-87.93729,US,IL,54747
Punganūru,13.36672,78.57186,IN,02,54746
Liangzhai,34.5,116.75,CN,04,54742
Wolfenbüttel,52.16442,10.54095,DE,06,54740
Huyton,53.4115,-2.83935,GB,ENG,54738
Bhamo,24.25256,97.23357,MM,04,54721
Leytonstone,51.56856,0.00768,GB,ENG,54696
Rio de Mouro,38.76613,-9.32804,PT,14,54695
Liaozhong,41.50611,122.72417,CN,19,54691
Hürth,50.87079,6.86761,DE,07,54678
Luputa,-7.16177,23.70057,CD,21,54676
Jaguaquara,-13.53056,-39.97083,BR,05,54673
Barry,51.39979,-3.2838,GB,WLS,54673
Odienné,9.50511,-7.56433,CI,77,54669
San Josecito,7.66106,-72.22009,VE,20,54669
Boghni,36.54222,3.95306,DZ,14,54666
Niort,46.32313,-0.45877,FR,75,54660
Ghātāl,22.66244,87.73399,IN,28,54658
Burauen,10.97556,124.89278,PH,08,54635
Odivelas,38.79269,-9.1838,PT,14,54624
Hamura,35.76232,139.31952,JP,40,54622
Colton,34.0739,-117.31365,US,CA,54621
San Marcos,13.66108,-89.18252,SV,10,54615
Encanto,33.47937,-112.07823,US,AZ,54614
Sibonga,10.0168,123.6171,PH,07,54610
Konan,34.99921,136.09674,JP,35,54607
Jāfarābād,28.67873,77.27116,IN,07,54601
Wangji,33.98333,117.75,CN,04,54578
Boa Viagem,-5.1275,-39.73222,BR,06,54577
Belfort,47.64218,6.85385,FR,27,54562
Giurgiu,43.88664,25.9627,RO,42,54551
Sāgar,14.16498,75.02901,IN,19,54550
Sihor,21.71134,71.96179,IN,09,54547
Huacho,-11.11718,-77.60584,PE,15,54545
Mūndka,28.68012,77.02975,IN,07,54541
Al Mayādīn,35.01982,40.45154,SY,07,54534
Belorechensk,44.77002,39.87246,RU,38,54526
El Banco,9.00114,-73.97581,CO,38,54522
San Bernardino Tlaxcalancingo,19.02867,-98.27698,MX,21,54517
Himimachi,36.85609,136.9885,JP,42,54510
Dumyāţ al Jadīdah,31.43482,31.67506,EG,20,54508
Bafang,5.15705,10.1771,CM,08,54505
Chelghoum el Aïd,36.16286,6.16651,DZ,48,54495
Deglur,18.54829,77.57695,IN,16,54493
Acopiara,-6.09528,-39.4525,BR,06,54481
Meikle Earnock,55.75,-4.03333,GB,SCT,54480
Hamilton,55.76667,-4.03333,GB,SCT,54480
Madhepura,25.92127,86.79271,IN,34,54472
Modica,36.85868,14.75966,IT,15,54456
Nanzhou,29.36382,112.40654,CN,11,54449
Pocatello,42.8713,-112.44553,US,ID,54441
Bradenton,27.49893,-82.57482,US,FL,54437
Pasir Ris New Town,1.37222,103.94778,SG,04,54420
Pirojpur,22.57965,89.97521,BD,85,54418
Swedru,5.53711,-0.69984,GH,04,54417
Bukit Tengah,5.34605,100.43917,MY,09,54416
Bārāmati,18.15174,74.57767,IN,16,54415
Mahāsamund,21.10743,82.0948,IN,37,54413
Margareten,48.1855,16.35373,AT,09,54412
Narva,59.37722,28.19028,EE,03,54409
Rogers Park,42.00864,-87.66672,US,IL,54402
Jinka,5.65,36.65,ET,56,54400
Nelson,-41.27078,173.28404,NZ,F5,54400
Ain El Aouda,33.80333,-6.79461,MA,04,54397
Xóm Cái Nước,9.8,105.1,VN,91,54397
Weymouth,42.22093,-70.93977,US,MA,54395
Sittingbourne,51.34128,0.73282,GB,ENG,54392
Port Charlotte,26.97617,-82.09064,US,FL,54392
Tharyarwady,17.65399,95.78813,MM,16,54386
Yunjin,29.0818,105.64329,CN,32,54385
Bom Despacho,-19.73639,-45.25222,BR,15,54377
Normal,40.5142,-88.99063,US,IL,54373
Ajaccio,41.91886,8.73812,FR,94,54364
Jagüey Grande,22.52629,-81.12855,CU,03,54363
Javānrūd,34.8067,46.4913,IR,13,54354
Eisenzicken,47.27603,16.25908,AT,01,54353
Macclesfield,53.26023,-2.12564,GB,ENG,54345
Az̧ Z̧a‘āyin,25.57744,51.48306,QA,13,54339
Teramo,42.66123,13.69901,IT,01,54338
Bahlā’,22.97886,57.3047,OM,01,54338
Sidhi,24.4038,81.87954,IN,35,54331
Luojing,31.4782,121.33907,CN,23,54329
Zehlendorf,52.43333,13.25,DE,16,54328
Krasnokamensk,50.09284,118.03224,RU,93,54316
Guapimirim,-22.53722,-42.98194,BR,21,54300
Spring,30.07994,-95.41716,US,TX,54298
Presidente Franco,-25.56384,-54.61097,PY,01,54292
Allapattah,25.81454,-80.22394,US,FL,54289
Okaya,36.05659,138.0451,JP,26,54286
Durbanville,-33.83079,18.6486,ZA,11,54286
Dullewala,31.83439,71.43639,PK,04,54277
Kérou,10.82578,2.10479,BJ,08,54276
Pir Jo Goth,27.59178,68.61848,PK,05,54266
Hietzing,48.18623,16.2965,AT,09,54265
Gravesend,51.44206,0.37106,GB,ENG,54263
Zürich (Kreis 11),47.42326,8.52166,CH,ZH,54260
Pemangkat,1.16667,108.96667,ID,11,54259
Richland,46.28569,-119.28446,US,WA,54248
Eastleigh,50.96667,-1.35,GB,ENG,54225
Zinacantepec,19.28428,-99.73394,MX,15,54220
Euless,32.83707,-97.08195,US,TX,54219
Sau Mau Ping,22.3202,114.23497,HK,KKT,54218
Dhanmondi,23.74,90.385,BD,81,54210
Kupchino,59.859,30.388,RU,66,54198
Eldorado,-26.40453,-54.61847,AR,14,54189
Campo Belo,-20.89722,-45.27722,BR,15,54186
Kāsaragod,12.49838,74.98959,IN,13,54172
Garhchiroli,20.18061,80.00522,IN,16,54152
Blue Springs,39.01695,-94.28161,US,MO,54148
Pakenham,-38.07018,145.47411,AU,07,54118
Cajicá,4.91857,-74.02799,CO,33,54111
Koumra,8.91587,17.55046,TD,19,54109
East Pensacola Heights,30.42881,-87.17997,US,FL,54104
Kalamata,37.03913,22.11265,GR,ESYE25,54100
As Sāḩil,27.06309,31.34425,EG,17,54094
Puttūr,13.44189,79.55314,IN,02,54092
Diffa,13.31536,12.61135,NE,02,54082
Jalor,25.34558,72.61559,IN,24,54081
Nirgua,10.15039,-68.56478,VE,22,54080
Samāna,30.15395,76.19851,IN,23,54072
Bangassou,4.74132,22.81838,CF,08,54059
Cerignola,41.26523,15.89559,IT,13,54056
Aranjuez,40.03108,-3.60246,ES,29,54055
Rāzampeta,14.19544,79.15896,IN,02,54050
Wāri,21.15313,79.0076,IN,16,54048
Chilanga Township,-15.57079,28.2701,ZM,09,54046
Kwaggafontein,-25.32729,28.94224,ZA,07,54040
Shella,25.17861,91.63952,IN,18,54039
Hacienda Heights,33.99307,-117.96868,US,CA,54038
Fangcun,34.08639,117.47361,CN,04,54035
Palmaner,13.2,78.74725,IN,02,54035
Xihu,23.95683,120.47918,TW,04,54033
Kavála,40.93959,24.40687,GR,ESYE11,54027
Deolāli,19.94404,73.83441,IN,16,54027
Lozova,48.89066,36.31412,UA,07,54026
Nuevitas,21.54446,-77.26489,CU,05,54022
Suzaka,36.65,138.31667,JP,26,54022
Vannes,47.65688,-2.76205,FR,53,54020
Kanakapura,12.54654,77.42005,IN,19,54014
Schweinfurt,50.04937,10.22175,DE,02,54012
Wokha,26.09717,94.25817,IN,20,54010
Altuf’yevskiy,55.88333,37.58333,RU,48,54000
Ozone Park,40.67677,-73.84375,US,NY,53985
Neustadt an der Weinstraße,49.35009,8.13886,DE,08,53984
Trani,41.27733,16.41011,IT,13,53981
Sartrouville,48.9482,2.19169,FR,11,53980
Druzhkivka,48.61995,37.52537,UA,05,53977
Umred,20.85396,79.32466,IN,16,53971
Şabbāshahr,35.58026,51.11392,IR,26,53971
Yongjian,25.42543,100.21244,CN,29,53970
Bandar-e Torkaman,36.90124,54.07195,IR,37,53970
Iwade,34.25,135.31667,JP,43,53967
Maisons-Alfort,48.81171,2.43945,FR,11,53964
Kālna,23.21944,88.36295,IN,28,53964
Ribeira do Pombal,-10.83444,-38.53583,BR,05,53956
Huesca,42.13615,-0.4087,ES,52,53956
Xiazhuang,25.4,100.83333,CN,29,53954
Beberibe,-4.17972,-38.13056,BR,06,53949
Barbosa,6.43809,-75.33136,CO,02,53943
Timashyovsk,45.61694,38.94528,RU,38,53940
Saint-Louis,-21.28585,55.41124,RE,RE,53935
Lagoa da Prata,-20.0225,-45.54361,BR,15,53927
Mingcun,36.75361,119.64083,CN,25,53926
Severomorsk,69.06936,33.40807,RU,49,53921
Pandamaran,3.01083,101.42081,MY,12,53916
Phong Thạnh,9.32361,105.34639,VN,96,53912
Barra,-11.08944,-43.14167,BR,05,53910
Chaniá,35.51124,24.02921,GR,ESYE43,53910
Siena,43.31822,11.33064,IT,16,53901
Mondlo,-27.98299,30.71769,ZA,02,53892
Domodedovo,55.44223,37.75372,RU,47,53887
Chenārān,36.64546,59.12123,IR,42,53879
Briarwood,40.70935,-73.81529,US,NY,53877
Eger,47.90265,20.37329,HU,11,53876
Pallichal,8.44976,77.02573,IN,13,53861
Jacona de Plancarte,19.95625,-102.30557,MX,16,53860
Pīshvā,35.308,51.7267,IR,26,53856
Tāndoni,10.92611,78.0941,IN,25,53854
Pārvatipuram,18.78392,83.42569,IN,02,53844
Lingcheng,33.81639,118.11361,CN,04,53841
Cathedral City,33.77974,-116.46529,US,CA,53826
Meaux,48.96014,2.87885,FR,11,53811
Lakewood,40.09789,-74.21764,US,NJ,53805
Kericho,-0.36774,35.28314,KE,21,53804
Portici,40.81563,14.33716,IT,04,53801
Vyshniy Volochëk,57.5888,34.56854,RU,77,53800
Kotharia,22.23436,70.81903,IN,09,53794
Ottapalam,10.7735,76.37758,IN,13,53792
Al Ibrāhīmīyah,30.71877,31.56299,EG,14,53791
Kurihama,35.22796,139.70212,JP,19,53782
Elyria,41.36838,-82.10765,US,OH,53775
Mongo,12.18514,18.6884,TD,05,53768
Pulheim,50.99965,6.80632,DE,07,53762
Bỉm Sơn,20.07806,105.86028,VN,38,53754
Dīdwāna,27.40096,74.57537,IN,24,53749
Jardines de la Silla,25.62944,-100.18778,MX,19,53742
Ostrołęka,53.08621,21.57566,PL,78,53740
Starachowice,51.0374,21.07126,PL,84,53739
Markala,13.68427,-6.07352,ML,05,53738
Pensacola,30.42131,-87.21691,US,FL,53724
Wheaton,41.86614,-88.10701,US,IL,53715
Kintampo,8.05627,-1.73058,GH,14,53711
Mercedes,14.1093,123.0109,PH,05,53702
Assi Bou Nif,35.69222,-0.49944,DZ,09,53700
Commerce City,39.80832,-104.93387,US,CO,53696
Santiago Teyahualco,19.65985,-99.12493,MX,15,53684
Begampur,28.72655,77.06689,IN,07,53682
Charikar,35.01361,69.17139,AF,40,53676
Arao,32.97888,130.44572,JP,21,53675
Jinding,26.43903,99.44061,CN,29,53667
Blois,47.59432,1.32912,FR,24,53660
Smethwick,52.49268,-1.96745,GB,ENG,53653
Al Marāghah,26.69981,31.60464,EG,24,53643
Safaga,26.74906,33.93891,EG,02,53639
Hoboken,40.74399,-74.03236,US,NJ,53635
Watsonville,36.91023,-121.75689,US,CA,53628
Kongoussi,13.32583,-1.53472,BF,05,53627
Gaddi Annaram,17.36687,78.5242,IN,40,53622
Coatepec,19.45229,-96.96148,MX,30,53621
Dumraon,25.55265,84.15149,IN,34,53618
Miyoshi,34.8,132.85,JP,11,53616
Anapa,44.89497,37.31623,RU,38,53600
El Kef,36.17424,8.70486,TN,14,53596
Évora,38.56587,-7.90405,PT,08,53591
Frýdek-Místek,49.68333,18.35,CZ,85,53590
San Bartolomé de Tirajana,27.92481,-15.57329,ES,53,53588
Pamplona,7.37565,-72.64795,CO,21,53587
Nerupperichchal,11.16105,77.37398,IN,25,53579
Ercolano,40.80783,14.35012,IT,04,53576
Goshogawara,40.80444,140.44139,JP,03,53576
Nihommatsu,37.58333,140.43333,JP,08,53557
Lake Havasu City,34.4839,-114.32245,US,AZ,53553
Qingxichang,28.40417,108.90442,CN,33,53552
Papantla de Olarte,20.44655,-97.32494,MX,30,53546
Jaggaiahpet,16.89155,80.09551,IN,02,53530
Hvidovre,55.64297,12.47708,DK,17,53527
Jinhua,26.538,99.91715,CN,29,53523
Les Abymes,16.273,-61.50507,GP,GP,53514
Buguruslan,53.6554,52.442,RU,55,53511
El Viejo,12.66348,-87.16663,NI,03,53504
Inada,36.43333,140.51667,JP,14,53502
Marechal Cândido Rondon,-24.55611,-54.05667,BR,18,53495
Buíque,-8.62306,-37.15583,BR,30,53489
Menemen,38.60754,27.06938,TR,35,53489
Woburn,43.76657,-79.22773,CA,08,53485
Extrema,-22.85472,-46.31833,BR,15,53482
Braintree,51.87819,0.55292,GB,ENG,53477
Ilo,-17.63185,-71.34108,PE,18,53476
Buzhuang,36.91218,119.5566,CN,25,53474
Rampur Hat,24.17737,87.78275,IN,28,53468
Brive-la-Gaillarde,45.1589,1.53326,FR,75,53466
Chystyakove,48.03876,38.59685,UA,05,53462
Klinteby Frihed,55.19705,11.59603,DK,20,53443
Avedøre,55.62722,12.45644,DK,17,53443
Khanapuram Haveli,17.26239,80.16809,IN,40,53442
Arles,43.67681,4.63031,FR,93,53431
Goālpāra,26.17668,90.62634,IN,03,53430
Little Havana,25.76806,-80.23306,US,FL,53430
Tuni,17.35905,82.54607,IN,02,53425
Shiquan,33.04083,108.23639,CN,26,53422
Revere,42.40843,-71.01199,US,MA,53422
Yangtun,34.88333,116.88333,CN,04,53417
Weymouth,50.61448,-2.45991,GB,ENG,53416
Porto Feliz,-23.21472,-47.52389,BR,27,53402
Chortoq,41.06924,71.82372,UZ,06,53400
Suphan Buri,14.47418,100.12218,TH,51,53399
Beauvais,49.43333,2.08333,FR,32,53393
Laxmangarh,27.82294,75.02754,IN,24,53392
Río Tercero,-32.17675,-64.11295,AR,05,53389
Zhangfeng,24.19064,97.80191,CN,29,53370
Sotsmisto,48.73663,37.59075,UA,05,53370
Shāhpur,16.69605,76.8422,IN,19,53366
West New York,40.78788,-74.01431,US,NJ,53366
Itabirito,-20.25333,-43.80139,BR,15,53365
Itupiranga,-5.13472,-49.32667,BR,16,53355
Los Polvorines,-34.50316,-58.70596,AR,01,53354
Voi,-3.39605,38.55609,KE,47,53353
Bhongīr,17.51544,78.88563,IN,40,53339
Chaozhou,22.54987,120.54067,TW,04,53338
Tōkamachi,37.13333,138.76667,JP,29,53333
Kelenföld,47.46614,19.03102,HU,05,53332
Puttūr,12.75975,75.20169,IN,19,53331
Chaeryŏng-ŭp,38.39917,125.61556,KP,06,53330
Yucaipa,34.03363,-117.04309,US,CA,53328
Ullagaram,12.979,80.19703,IN,25,53322
Porto Nacional,-10.70806,-48.41722,BR,31,53316
Châteauroux,46.81248,1.69362,FR,24,53301
São Tomé,0.33756,6.7299,ST,02,53300
Sri Dūngargarh,28.09617,74.00868,IN,24,53294
Kateríni,40.26956,22.50608,GR,ESYE12,53293
Ayodhya,26.79909,82.2047,IN,36,53293
Natitingou,10.30416,1.37962,BJ,08,53284
Montesilvano,42.5114,14.14507,IT,01,53275
Sampang,-7.1872,113.2394,ID,08,53269
Mubarakpur,26.08866,83.29088,IN,36,53263
Pathum Wan,13.73698,100.52329,TH,40,53263
Consolação,-23.55242,-46.65735,BR,27,53249
Ōami,35.51667,140.31667,JP,04,53239
Yousuo,26.02527,100.06771,CN,29,53233
Amalāpuram,16.57868,82.00609,IN,02,53231
Gilroy,37.00578,-121.56828,US,CA,53231
Tomé,-36.61756,-72.95593,CL,06,53219
Hell-Ville,-13.39718,48.26663,MG,71,53219
Arsikere,13.31446,76.25704,IN,19,53216
Fryazevo,55.73321,38.46458,RU,47,53212
Vallecas,40.38333,-3.61667,ES,29,53208
Phaltan,17.99113,74.43177,IN,16,53202
Kabale,-1.24857,29.98993,UG,W,53200
Zhaozhuang,34.73889,116.45556,CN,04,53193
Poinciana,28.14029,-81.45841,US,FL,53193
Ashta,23.01754,76.72208,IN,35,53184
Sandīla,27.06989,80.51497,IN,36,53182
Tingo María,-9.29532,-75.99574,PE,10,53177
Santa Isabel,-23.31556,-46.22139,BR,27,53174
Silivri,41.07393,28.24644,TR,34,53167
Cholet,47.05893,-0.87974,FR,52,53160
Novena,1.31697,103.8438,SG,02,53160
Zawiercie,50.48766,19.41679,PL,83,53159
Ar Rastan,34.92667,36.73241,SY,11,53152
Sinan,34.8262,126.10863,KR,16,53150
Bagheria,38.07892,13.51237,IT,15,53149
Vikārābād,17.3381,77.90441,IN,40,53143
Naka,36.05,140.16667,JP,14,53137
Gummersbach,51.02608,7.56473,DE,07,53131
Cava Dè Tirreni,40.69954,14.70773,IT,04,53130
Baruipur,22.36544,88.4325,IN,28,53128
Rioverde,21.93115,-99.99488,MX,24,53128
Tanjungagung,-3.93728,103.80465,ID,32,53117
Wat Tha Phra,13.73462,100.47608,TH,40,53111
Oosterhout,51.645,4.85972,NL,06,53107
Gulariyā,28.2058,81.34532,NP,5,53107
Banes,20.96134,-75.72306,CU,12,53104
Miryang,35.49333,128.74889,KR,20,53103
Fréjus,43.43325,6.73555,FR,93,53098
Zaragoza,15.44903,120.79627,PH,03,53090
Butterworth,-32.33083,28.14981,ZA,05,53086
University of Texas,30.28604,-97.73889,US,TX,53082
Al Sajaah,25.31532,55.63211,AE,06,53079
Lahbab,25.03763,55.59135,AE,03,53079
‘Izbat ‘Alī as Sayyid,31.15671,30.14775,EG,03,53079
Nāyf,25.27139,55.30323,AE,03,53075
Thái Bình,20.45,106.34002,VN,33,53071
Itapagé,-3.68667,-39.58611,BR,06,53067
Wilhelmsburg,53.49283,10.01372,DE,04,53064
Hatogaya-honchō,35.83314,139.7425,JP,34,53062
Ciudad de Huajuapan de León,17.80787,-97.77956,MX,20,53043
Mediaş,46.16667,24.35,RO,33,53040
Khanzhonkivskyi,48.09512,38.04202,UA,05,53040
Ben Jerrar,30.26224,-9.50377,MA,09,53026
Bartolomé Masó,20.16657,-76.94395,CU,09,53024
Bitlis,38.40115,42.10784,TR,13,53023
Kingsport,36.54843,-82.56182,US,TN,53014
Swakopmund,-22.67842,14.52663,NA,29,53009
Svyatoshyn,50.46341,30.34612,UA,12,53000
Choudwar,20.53917,85.91512,IN,21,52999
Tangzhang,34.14779,117.25395,CN,04,52985
Levittown,40.15511,-74.82877,US,PA,52983
Alexandroupoli,40.84995,25.87644,GR,ESYE11,52979
Aversa,40.97259,14.20745,IT,04,52974
Shāhābād,17.1307,76.94361,IN,19,52952
Waiblingen,48.83241,9.31641,DE,01,52945
Nueva Guinea,11.68758,-84.45616,NI,18,52929
Palm Beach Gardens,26.82339,-80.13865,US,FL,52923
Pantin,48.89437,2.40935,FR,11,52922
Velletri,41.68573,12.77753,IT,07,52911
Tha Maka,13.9,99.76667,TH,50,52907
Sultānganj,25.23831,86.73559,IN,34,52892
Congonhas,-20.50525,-43.8588,BR,15,52890
Enerhodar,47.49048,34.66199,UA,26,52887
Patuto,14.11667,120.96667,PH,40,52883
Mandi Dabwāli,29.96633,74.70025,IN,10,52873
Tân Uyên,11.08416,106.78834,VN,79,52873
Buseresere,-3.04877,31.88542,TZ,28,52870
Lingwu,38.10191,106.34017,CN,21,52863
Lyon 06,45.76788,4.85064,FR,84,52862
Taoyuan,33.85278,117.77028,CN,04,52861
'Alī Ābād-e Katūl,36.91011,54.86737,IR,37,52838
Imara Daima Estate,-1.32323,36.88021,KE,05,52837
Verviers,50.58907,5.86241,BE,WAL,52824
Bordj el Bahri,36.79068,3.24952,DZ,01,52816
San José del Guaviare,2.56799,-72.63972,CO,14,52815
Delmiro Gouveia,-9.38861,-37.99917,BR,02,52809
Rondon do Pará,-4.77611,-48.06722,BR,16,52803
Nordhorn,52.43081,7.06833,DE,06,52803
Cocorote,10.31954,-68.78298,VE,22,52803
Āgaro,7.85,36.65,ET,51,52800
Port Shepstone,-30.74137,30.45499,ZA,02,52793
Adilcevaz,38.79911,42.73159,TR,13,52781
Trichardt,-26.49155,29.22878,ZA,07,52776
Saint-Brieuc,48.51513,-2.76838,FR,53,52774
Konch,25.99451,79.15127,IN,36,52773
Yokkaichi,33.53537,131.32808,JP,30,52771
Milford,41.22232,-73.0565,US,CT,52759
Beisu,38.15479,114.80689,CN,10,52752
Bandar-e Genāveh,29.5791,50.517,IR,22,52750
Cửa Nam,21.02115,105.85231,VN,01,52750
Bāprola,28.64133,77.01415,IN,07,52744
Kota Tinggi,1.7381,103.8999,MY,01,52743
Muadamiyat al-Sham,33.46466,36.20175,SY,08,52738
Mariendorf,52.4378,13.38109,DE,16,52734
Delano,35.76884,-119.24705,US,CA,52733
Colcapirhua,-17.3857,-66.23814,BO,02,52732
Universitäts- und Hansestadt Greifswald,54.08905,13.40244,DE,12,52731
West Sacramento,38.58046,-121.53023,US,CA,52721
Wulingyuan,29.34936,110.54407,CN,11,52712
Malingshan,34.20351,118.3565,CN,04,52711
Yartsevo,55.06491,32.69693,RU,69,52706
Huntersville,35.41069,-80.84285,US,NC,52704
Pabbi,34.00968,71.79445,PK,03,52701
Krasnokamsk,58.0787,55.75622,RU,90,52689
Venkatagiri,13.96005,79.58032,IN,02,52688
Ergani,38.26899,39.75446,TR,21,52684
Perth Amboy,40.50677,-74.26542,US,NJ,52682
Río Grande,-53.78773,-67.70975,AR,23,52681
Cuxhaven,53.86828,8.69902,DE,06,52677
Sherman Oaks,34.15112,-118.44925,US,CA,52677
São Francisco do Sul,-26.24333,-48.63806,BR,26,52674
Ridder,50.34524,83.51562,KZ,15,52664
Shiogama,38.31667,141.03333,JP,24,52662
Hualong,36.94589,118.58864,CN,25,52660
Wetzlar,50.56109,8.50495,DE,05,52656
Bau,1.41667,110.15,MY,11,52643
Palapye,-22.54605,27.12507,BW,01,52636
Tramandaí,-29.98472,-50.13361,BR,23,52632
Boadilla del Monte,40.405,-3.87835,ES,29,52626
Ålesund,62.47225,6.15492,NO,08,52626
Kahnūj,27.94034,57.69983,IR,29,52624
Utrera,37.18516,-5.78093,ES,51,52617
Dianbu,36.70167,120.35111,CN,25,52613
Ţūkh,30.35487,31.20105,EG,12,52593
Zabīd,14.1951,43.31518,YE,08,52590
Southaven,34.98898,-90.01259,US,MS,52589
Vila Guilherme,-23.50918,-46.60577,BR,27,52587
Brentwood,51.62127,0.30556,GB,ENG,52586
Niono,14.25054,-5.98679,ML,05,52584
Imbituba,-28.24,-48.67028,BR,26,52579
Dabhel,20.40953,72.88339,IN,52,52578
Amora,38.62961,-9.11557,PT,19,52577
Saint Peters,38.80033,-90.62651,US,MO,52575
Daxing,27.26369,100.86387,CN,29,52568
Terbanggi Besar,-4.87898,105.21818,ID,15,52566
Maiquetía,10.5945,-66.95624,VE,26,52564
Puji,36.13194,119.72111,CN,25,52563
Downtown DC,38.8935,-77.01991,US,DC,52560
Caucagüito,10.48666,-66.73799,VE,15,52556
Pryluky,50.59525,32.38382,UA,02,52553
Lalian,31.82462,72.80116,PK,04,52542
Harrisonburg,38.44957,-78.86892,US,VA,52538
Corroios,38.64004,-9.1508,PT,19,52520
Biswān,27.49581,80.99618,IN,36,52516
Peabody,42.52787,-70.92866,US,MA,52504
Lautoka,-17.61686,177.45049,FJ,05,52500
Thongwa,16.75998,96.52498,MM,17,52496
Qabula,30.17784,73.0651,PK,04,52495
Placentia,33.87224,-117.87034,US,CA,52495
Jaén,-5.70729,-78.80785,PE,06,52493
Siruguppa,15.63,76.89217,IN,19,52492
Kosi,27.79449,77.4368,IN,36,52492
Jette,50.87309,4.33419,BE,BRU,52490
Lenexa,38.95362,-94.73357,US,KS,52490
DeSoto,32.58986,-96.85695,US,TX,52486
Mollet del Vallès,41.54026,2.21306,ES,56,52484
Pursat,12.53878,103.9192,KH,12,52476
Pir Mahal,30.76663,72.43455,PK,04,52476
Ciudad Bolivia,8.35304,-70.57121,VE,05,52476
Burlington,36.09569,-79.4378,US,NC,52472
Sironj,24.10313,77.69055,IN,35,52460
Nametil,-15.72028,39.3425,MZ,06,52457
Menden,51.44337,7.77825,DE,07,52452
Montauban,44.01759,1.3542,FR,76,52434
Tomiya,38.39306,140.88611,JP,24,52433
South Hill,47.14121,-122.27012,US,WA,52431
Kyaiklat,16.44502,95.72373,MM,03,52425
Tarhuna,32.43501,13.6332,LY,82,52420
Charleville-Mézières,49.7685,4.72487,FR,44,52415
Albi,43.9298,2.148,FR,76,52409
Campos do Jordão,-22.73944,-45.59139,BR,27,52405
Al ‘Azīzīyah,32.53194,13.0175,LY,81,52404
Xingqiao,30.39943,120.25171,CN,02,52400
Jangaon,17.72602,79.15236,IN,40,52394
Esher,51.36969,-0.36693,GB,ENG,52392
Ivato,-18.8,47.48333,MG,11,52376
Mithi,24.73701,69.79707,PK,05,52376
Daudnagar,25.03473,84.40095,IN,34,52364
Paraíso do Tocantins,-10.17611,-48.86667,BR,31,52360
Zalău,47.2,23.05,RO,31,52359
Metrotown,49.225,-123.0,CA,02,52355
Hannan,34.33333,135.25,JP,32,52350
Elkhart,41.68199,-85.97667,US,IN,52348
Bergkamen,51.61633,7.64451,DE,07,52329
Kamifukuoka,35.87266,139.51369,JP,34,52323
Frechen,50.91485,6.8118,DE,07,52309
Óbidos,-1.9175,-55.51806,BR,16,52306
La Crosse,43.80136,-91.23958,US,WI,52306
Chagni,10.95627,36.50456,ET,28,52300
Eilat,29.55805,34.94821,IL,01,52299
Dandeli,15.26667,74.61667,IN,19,52295
Ramapuram,13.03179,80.18243,IN,25,52295
Welland,42.98342,-79.24958,CA,08,52293
Plottier,-38.96667,-68.23333,AR,15,52291
Oak Park,41.88503,-87.7845,US,IL,52287
Mansoûra,34.86158,-1.33935,DZ,15,52285
Ponticelli,40.8542,14.33038,IT,04,52284
Noshiro,40.20838,140.0274,JP,02,52283
Songlingcun,40.29394,118.27143,CN,10,52277
Santo Estêvão,-12.43028,-39.25139,BR,05,52276
Tengréla,10.48115,-6.40694,CI,87,52271
Florissant,38.78922,-90.32261,US,MO,52268
Hruzkyi,48.0651,37.93619,UA,05,52265
Kalamansig,6.55187,124.05111,PH,12,52257
Fryazino,55.96131,38.04643,RU,47,52255
Sammamish,47.64177,-122.0804,US,WA,52253
Yunshan,36.82417,120.22611,CN,25,52249
Maluñgun,6.27917,125.28167,PH,12,52248
Kakata,6.53104,-10.35368,LR,17,52247
Kobryn,52.21173,24.3563,BY,01,52235
Matamoros,25.52699,-103.2285,MX,07,52233
Hervey Bay,-25.28762,152.76936,AU,04,52230
Cangandala,-9.78333,16.43333,AO,12,52220
Pula,44.86833,13.84806,HR,04,52220
Dapeng,34.28436,117.07522,CN,04,52219
Victoria,13.17722,121.27806,PH,41,52215
Sanzhuang,35.50333,119.17167,CN,25,52214
Shiraoka,36.01839,139.66034,JP,34,52214
Zarinsk,53.70821,84.94307,RU,04,52209
Inhumas,-16.35778,-49.49611,BR,29,52204
Wakefield,40.89788,-73.85236,US,NY,52201
Sé,22.19089,113.54733,MO,,52200
Matilda Estate,1.39944,103.90278,SG,00,52200
Tres Arroyos,-38.37694,-60.27563,AR,01,52199
Mudhol,16.33354,75.28305,IN,19,52199
Ban Talat Yai,7.88481,98.40008,TH,62,52192
Erbaa,40.66889,36.5675,TR,60,52185
Tavşanlı,39.54237,29.49866,TR,43,52182
Arandas,20.70551,-102.34514,MX,14,52175
Albany,44.63651,-123.10593,US,OR,52175
Zhawa,37.21421,79.62897,CN,13,52165
Sandwīp,22.51409,91.45491,BD,84,52152
Antratsyt,48.11638,39.08863,UA,14,52150
Jitai,36.75724,118.73866,CN,25,52144
Ban Lak Song,13.68928,100.39814,TH,40,52144
Hoffman Estates,42.04281,-88.0798,US,IL,52138
Nyagan,62.14056,65.39361,RU,32,52137
Sar-e Pul,36.21544,65.93249,AF,33,52121
Lichtenrade,52.39844,13.40637,DE,16,52110
Ad Darwa,33.37487,-7.5356,MA,06,52108
Tarbes,43.23407,0.07139,FR,76,52106
Dobo,-5.76092,134.23405,ID,28,52104
Davtashen,40.21642,44.48088,AM,11,52100
Albany Park,41.96836,-87.72339,US,IL,52079
Guaxupé,-21.30528,-46.71278,BR,15,52078
Fontenay-sous-Bois,48.85442,2.48268,FR,11,52075
Kimry,56.87456,37.35957,RU,77,52070
Mouscron,50.74497,3.20639,BE,WAL,52069
Ar Riqqah,29.14583,48.09472,KW,04,52068
Ta Khmau,11.48333,104.95,KH,07,52066
Zizhuang,34.36152,117.48816,CN,04,52063
Parobé,-29.62861,-50.83472,BR,23,52058
Liangji,33.96389,117.96944,CN,04,52048
Chake Chake,-5.24586,39.76659,TZ,20,52047
Thodupuzha,9.89394,76.72216,IN,13,52045
Methuen,42.7262,-71.19089,US,MA,52044
Kirumba,-1.09056,29.2925,CD,11,52041
Pinar del Rey,40.4724,-3.64709,ES,29,52031
Thomazeau,18.65297,-72.09391,HT,11,52017
Kariya,34.75136,134.38734,JP,13,52015
Caetité,-14.06944,-42.475,BR,05,52012
Glendora,34.13612,-117.86534,US,CA,52009
Lamía,38.89947,22.4335,GR,ESYE24,52006
Sātkania,22.07639,92.04955,BD,84,52005
Jūrmala,56.968,23.77038,LV,13,52001
Levoberezhnyy,55.86477,37.47342,RU,48,52000
Wilmington,33.78002,-118.26257,US,CA,52000
Mokolo,10.74244,13.80227,CM,12,51999
Huamantla,19.31451,-97.9252,MX,29,51996
Ānwén,29.05951,120.43768,CN,02,51994
Izumi,32.08333,130.36667,JP,18,51994
Lyon 09,45.77255,4.80326,FR,84,51983
Al Aaroui,35.0109,-3.00938,MA,02,51976
Dunstable,51.88571,-0.52288,GB,ENG,51973
Ciudad Piar,7.45209,-63.31992,VE,06,51967
Port Macquarie,-31.43084,152.90894,AU,02,51965
University Heights,52.14432,-106.57867,CA,11,51957
Nioro,15.23074,-9.59356,ML,03,51933
Kepanjen,-8.1303,112.5727,ID,08,51919
San Severo,41.68564,15.38148,IT,13,51919
Queens Village,40.72677,-73.74152,US,NY,51919
Dashahe,34.53847,116.62453,CN,04,51916
Roskilde,55.64152,12.08035,DK,20,51916
Gjilan,42.46045,21.46986,XK,10097357,51912
Usulután,13.34467,-88.43994,SV,14,51910
Brookhaven,33.85844,-84.3402,US,GA,51910
Évry,48.6328,2.44049,FR,11,51900
Thị Trấn Phước Bửu,10.53472,107.40202,VN,79,51895
Duzhou,29.87848,107.0784,CN,33,51888
Corralillo,22.98213,-80.58532,CU,16,51881
Levittown,40.72593,-73.51429,US,NY,51881
Meybod,32.25014,54.01658,IR,40,51874
Secondigliano,40.9,14.26667,IT,04,51874
Sa'dah,16.94021,43.76393,YE,15,51870
Palm Desert,33.72255,-116.37697,US,CA,51869
Zhongxin,26.61667,101.27154,CN,29,51866
Devakottai,9.94704,78.8233,IN,25,51865
Bad Homburg vor der Höhe,50.22683,8.61816,DE,05,51859
Porvoo,60.39233,25.66507,FI,01,51853
Arwal,25.24281,84.66571,IN,34,51849
Louveira,-23.08639,-46.95056,BR,27,51847
Willich,51.26371,6.54734,DE,07,51843
Puertollano,38.68712,-4.10734,ES,54,51842
Ostuncalco,14.86899,-91.62137,GT,13,51828
Weimiao,34.58333,117.06667,CN,04,51820
Joplin,37.08423,-94.51328,US,MO,51818
Blora,-6.9698,111.4186,ID,07,51811
Boundiali,9.52167,-6.48694,CI,87,51803
Mahdia,35.50472,11.06222,TN,15,51803
São Gabriel da Cachoeira,-0.1181,-67.08527,BR,04,51795
Orhangazi,40.48917,29.30889,TR,16,51792
Baljurashi,19.85944,41.55722,SA,02,51787
Enid,36.39559,-97.87839,US,OK,51776
Calvià,39.5657,2.50621,ES,07,51774
Palmas,-26.48417,-51.99056,BR,18,51755
Tiu Keng Leng,22.29853,114.25115,HK,KKT,51751
Qishan,34.63333,116.8,CN,04,51750
Lower Sackville,44.77599,-63.67865,CA,07,51749
Kāliyāganj,25.63442,88.32665,IN,28,51748
Nasīrābād,26.30473,74.73364,IN,24,51747
Mampong,7.06273,-1.4001,GH,02,51745
Léo,11.10033,-2.10654,BF,06,51743
Būlāq Abū al ‘Ilā,30.06041,31.23147,EG,11,51741
Saint John’s,17.12096,-61.84329,AG,04,51737
Ijebu-Jesa,7.68287,4.81769,NG,42,51730
Wanguru,-0.68393,37.35701,KE,24,51722
Vidnoye,55.5523,37.70885,RU,47,51721
Qoryooley,1.78784,44.52999,SO,14,51720
Morumbi,-23.59632,-46.70802,BR,27,51715
Bonita Springs,26.33981,-81.7787,US,FL,51704
São Lourenço,22.18851,113.53488,CN,30,51700
Kasba Tadla,32.5977,-6.26844,MA,05,51697
Irondequoit,43.2134,-77.57972,US,NY,51692
Zepu,38.18867,77.27075,CN,13,51691
Yeonggwang,35.27814,126.51181,KR,16,51688
Caldwell,43.66294,-116.68736,US,ID,51686
Segovia,40.94808,-4.11839,ES,55,51683
Minnetonka,44.9133,-93.50329,US,MN,51669
En Nedjma,35.64785,-0.5695,DZ,09,51665
Mikkeli,61.68857,27.27227,FI,10,51661
Bitonto,41.11006,16.69086,IT,13,51661
Liuquan,34.43417,117.29833,CN,04,51657
Futtsu,35.3108,139.81877,JP,04,51650
Morecambe,54.06835,-2.86108,GB,ENG,51644
Pedregal,9.0661,-79.42577,PA,08,51641
Sagrada Família,41.40408,2.17332,ES,56,51623
Shahr-e Bābak,30.1165,55.1186,IR,29,51620
Pinellas Park,27.8428,-82.69954,US,FL,51617
Tagawa,33.63333,130.8,JP,07,51608
Xanxerê,-26.87694,-52.40417,BR,26,51607
Ibiporã,-23.26917,-51.04806,BR,18,51603
Tijucas,-27.24139,-48.63361,BR,26,51592
Battle Creek,42.3173,-85.17816,US,MI,51589
Maha Sarakham,16.18483,103.30067,TH,24,51584
Khagaul,25.57898,85.04564,IN,34,51577
Yeongam,34.80059,126.69669,KR,16,51573
Redhill,51.24048,-0.17044,GB,ENG,51559
Barinitas,8.76171,-70.41199,VE,05,51556
Tachilek,20.4475,99.88083,MM,11,51553
Takāb,36.4009,47.1133,IR,01,51541
Mazara del Vallo,37.65535,12.58986,IT,15,51534
Renfrew-Collingwood,49.245,-123.03758,CA,02,51530
Emden,53.36592,7.20846,DE,06,51526
Welwyn Garden City,51.80174,-0.20691,GB,ENG,51505
Rurópolis,-4.09556,-54.91028,BR,16,51500
Cardona,14.48646,121.22752,PH,40,51493
Sado,38.02496,138.35931,JP,29,51492
Arganda,40.30076,-3.43722,ES,29,51489
Miura,35.14,139.61917,JP,19,51483
Agustín Codazzi,10.03672,-73.23558,CO,10,51478
Zhefang,24.26667,98.28333,CN,29,51477
Horsham,51.06314,-0.32757,GB,ENG,51472
Casa Grande,32.8795,-111.75735,US,AZ,51460
Ksar Chellala,35.21222,2.31889,DZ,13,51451
South Shore,41.76198,-87.57783,US,IL,51451
Mott Haven,40.80899,-73.92291,US,NY,51450
Viana,-3.22028,-45.00361,BR,13,51442
The Villages,28.93408,-81.95994,US,FL,51442
Grand Island,40.92501,-98.34201,US,NE,51440
Sūsangerd,31.5635,48.18958,IR,15,51431
Changanācheri,9.44203,76.53604,IN,13,51430
Haabersti,59.42334,24.64654,EE,01,51423
Acre,32.92814,35.07647,IL,03,51420
Đố Sơn,20.71361,106.78944,VN,31,51417
Sanhui,30.08167,106.5912,CN,33,51413
Jendouba,36.50114,8.78024,TN,06,51408
Grapevine,32.93429,-97.07807,US,TX,51404
Währing,48.22611,16.34484,AT,09,51402
Clamart,48.80299,2.26692,FR,11,51400
Tŭytepa,41.0321,69.36253,UZ,14,51400
Shorāpur,16.521,76.75738,IN,19,51398
Neu-Ulm,48.39279,10.01112,DE,02,51389
Bol,13.46729,14.71352,TD,07,51389
Stratford,41.18454,-73.13317,US,CT,51384
Uriangato,20.14162,-101.17875,MX,11,51382
Quíbor,9.92866,-69.6201,VE,13,51377
Māndvi,22.83282,69.35237,IN,09,51376
El Nido,11.18583,119.39556,PH,41,51367
Rajgangpur,22.2,84.583,IN,21,51362
Patiya,22.29543,91.979,BD,84,51360
Kentwood,42.86947,-85.64475,US,MI,51357
Kangāvar,34.5043,47.9653,IR,13,51352
Morrinhos,-17.73111,-49.09944,BR,29,51351
Tarma,-11.41899,-75.68992,PE,12,51350
Nkowakowa,-23.88782,30.28708,ZA,09,51350
Chautārā,27.7763,85.7127,NP,3,51347
Gopālganj,23.22348,90.06041,BD,81,51346
Tulun,54.56759,100.57659,RU,20,51330
Lingen,52.52269,7.32555,DE,06,51310
Samfya,-11.36491,29.55652,ZM,04,51309
Brejo da Madre de Deus,-8.14583,-36.37111,BR,30,51308
Sapé,-7.09639,-35.23278,BR,17,51306
Marseille 10,43.27889,5.41523,FR,93,51299
Venice,45.43713,12.33265,IT,20,51298
Ozar,20.09473,73.92816,IN,16,51297
Coronel Oviedo,-25.44613,-56.43928,PY,04,51286
Balţīm,31.55582,31.08918,EG,21,51280
Barreiro,38.66314,-9.0724,PT,19,51280
Peranāmpattu,12.9343,78.7189,IN,25,51271
City of Milford (balance),41.22374,-73.06164,US,CT,51271
Las Águilas,40.3818,-3.77109,ES,29,51268
Dianzi,36.9011,119.86572,CN,25,51267
Gumlā,23.04268,84.54429,IN,38,51264
Châlons-en-Champagne,48.95393,4.36724,FR,44,51257
Teoloyucan,19.74423,-99.18113,MX,15,51255
Tigard,45.43123,-122.77149,US,OR,51253
East Hartford,41.78232,-72.61203,US,CT,51252
Rāmnagar,29.3925,79.1283,IN,39,51244
Vazhakkala,10.01239,76.32633,IN,13,51242
Nichinan,31.6,131.36667,JP,25,51241
Dartford,51.44657,0.21423,GB,ENG,51240
Siocon,7.70611,122.13528,PH,09,51239
Lakewood,52.1085,-106.59027,CA,11,51237
Phra Nakhon,13.76512,100.49864,TH,40,51231
Kabbasin,36.43274,37.56857,SY,09,51230
Shujālpur,23.40673,76.7098,IN,35,51225
Apple Valley,44.73191,-93.21772,US,MN,51221
Plainfield,40.63371,-74.40737,US,NJ,51217
Susono,35.17388,138.90691,JP,37,51216
Qulsary,46.95307,54.01978,KZ,06,51216
Leesburg,39.11566,-77.5636,US,VA,51209
Erftstadt,50.81481,6.79387,DE,07,51207
Aïn Oulmene,35.92296,5.29604,DZ,12,51207
Bejaâd,32.77133,-6.39231,MA,05,51206
Kapchorwa,1.40096,34.45038,UG,E,51200
Tirumangalam,9.82307,77.98381,IN,25,51194
Krujë,41.50917,19.79278,AL,42,51191
Bargny Guèdj,14.68698,-17.22808,SN,01,51188
Bargny Ngoude,14.69407,-17.2353,SN,01,51188
Panlong,29.50025,105.37066,CN,33,51177
Sidlaghatta,13.38896,77.86444,IN,19,51159
Fuchū,34.38793,132.51001,JP,11,51155
El Bagre,7.60347,-74.80951,CO,02,51150
Miyako,39.64691,141.94057,JP,16,51150
Leopoldina,-21.53194,-42.64306,BR,15,51145
Parsippany,40.85788,-74.42599,US,NJ,51144
Martin,49.06651,18.92399,SK,08,51139
Musina,-22.34881,30.04074,ZA,09,51132
Coral Gables,25.72149,-80.26838,US,FL,51117
Gangshang,34.52147,118.11835,CN,04,51114
Neubrück,51.13434,6.63857,DE,07,51109
Khurai,24.04372,78.33014,IN,35,51108
Kayna,-0.60927,29.17249,CD,11,51103
Reservoir,-37.71667,145.0,AU,07,51096
Comal,-6.9053,109.5347,ID,07,51092
Seydişehir,37.41926,31.84527,TR,71,51089
Guanshan,33.79833,117.86639,CN,04,51086
Ivanteyevka,55.97111,37.92083,RU,47,51085
Puerto Berrío,6.49156,-74.40326,CO,02,51079
The Trails of Frisco,33.16087,-96.87182,US,TX,51059
Hilsa,25.31642,85.28234,IN,34,51052
Sidi Taibi,34.18698,-6.68176,MA,04,51050
Staines,51.43092,-0.50606,GB,ENG,51040
Hikari,33.955,131.95,JP,45,51040
Datong,28.59648,106.66749,CN,33,51025
Khalkhāl,37.61837,48.52928,IR,32,51024
Rampura Phul,30.27563,75.24253,IN,23,51023
Kot Mumin,32.18843,73.02987,PK,04,51021
Tadmur,34.5624,38.28402,SY,11,51015
Pom Prap Sattru Phai,13.75822,100.51325,TH,40,51006
The Hammocks,25.67149,-80.4445,US,FL,51003
Jesús Menéndez,21.16153,-76.4777,CU,13,51002
Ţarīf Kalbā,25.0695,56.33115,AE,04,51000
Bunawan,8.16722,125.99083,PH,13,50999
Ubauro,28.16429,69.73114,PK,05,50981
Gostivar,41.79627,20.90799,MK,D4,50974
Fatwa,25.50958,85.30504,IN,34,50961
Gombong,-7.60722,109.51417,ID,07,50950
Tūndla,27.2146,78.23683,IN,36,50939
Acayucan,17.94979,-94.91386,MX,30,50934
Żoliborz,52.26896,20.98644,PL,78,50934
Az̧ Z̧ulayl,32.1208,36.28008,JO,17,50931
la Vila de Gràcia,41.40315,2.15687,ES,56,50928
Birkat as Sab‘,30.62914,31.08235,EG,09,50924
Royal Leamington Spa,52.2852,-1.52,GB,ENG,50923
Mannārakkāt,10.99223,76.46418,IN,13,50921
Shuijiang,29.2476,107.28443,CN,33,50918
Teplice,50.6404,13.82451,CZ,89,50912
Tobias Barreto,-11.18389,-37.99833,BR,28,50905
Metpalle,18.84724,78.62563,IN,40,50902
Whangarei,-35.73167,174.32391,NZ,F6,50900
Kosonsoy,41.24944,71.54738,UZ,06,50900
Gurlan,41.84123,60.39268,UZ,05,50900
Cimitarra,6.31419,-73.94968,CO,26,50892
Babīlā,33.47101,36.33076,SY,08,50880
Hà Đông,20.97136,105.77876,VN,01,50877
Buckeye,33.37032,-112.58378,US,AZ,50876
Naya Gaon,30.77515,76.79308,IN,23,50869
Repalle,16.0184,80.82958,IN,02,50866
Hunsūr,12.30359,76.29275,IN,19,50865
Kyōtango,35.60623,135.04429,JP,22,50860
Vittoria,36.95151,14.52788,IT,15,50852
Donetsk,48.33711,39.95229,RU,61,50850
Tocumen,9.08939,-79.3831,PA,08,50844
Flagami,25.76232,-80.31616,US,FL,50834
Vigia,-0.85833,-48.14167,BR,16,50832
Phra Nakhon Si Ayutthaya,14.35167,100.57739,TH,36,50830
Guanzhuang,36.26333,119.19389,CN,25,50826
Barranqueras,-27.48132,-58.93925,AR,03,50823
Catalina Foothills,32.29785,-110.9187,US,AZ,50796
Boende,-0.28163,20.88053,CD,31,50794
Salo,60.38333,23.13333,FI,02,50794
Legionowo,52.40149,20.92664,PL,78,50786
Yerba Buena,-26.81298,-65.29543,AR,24,50783
Narbonne,43.18396,3.00141,FR,76,50776
Lahr,48.34042,7.86886,DE,01,50775
Monte Alto,-21.26111,-48.49639,BR,27,50772
Padang Serai,5.51307,100.55356,MY,02,50757
Fuchūchō,34.5735,133.23513,JP,11,50746
Chinú,9.10569,-75.39812,CO,12,50743
Belleville,44.16682,-77.38277,CA,08,50716
Gelendzhik,44.58014,38.06646,RU,38,50715
Hinckley,52.5389,-1.37613,GB,ENG,50712
Yasu,35.10053,136.01778,JP,35,50695
Aspern,48.21806,16.48306,AT,09,50687
Rajanpur,29.10408,70.32969,PK,04,50682
Mao,14.12286,15.31189,TD,06,50681
Manaung,18.85479,93.72913,MM,01,50680
Saint-Malo,48.64738,-2.00877,FR,53,50676
Estância Velha,-29.64833,-51.17389,BR,23,50672
Sidikalang,2.74899,98.3127,ID,26,50671
Oshnavīyeh,37.0397,45.0983,IR,01,50661
Merzifon,40.87333,35.46306,TR,05,50658
Phetchabun,16.41904,101.16056,TH,14,50656
Lakewood,41.48199,-81.79819,US,OH,50656
Adenta,5.71417,-0.15418,GH,01,50652
Al Ḩusaynīyah,30.86163,31.91809,EG,14,50651
Yūki,36.3,139.88333,JP,14,50645
Lytkarino,55.57653,37.91245,RU,47,50619
Shanji,34.20472,117.59556,CN,04,50617
Sangkapura,-5.84525,112.65173,ID,08,50612
Suhum,6.04089,-0.45004,GH,05,50610
Saint Croix,17.72751,-64.74698,VI,010,50601
Nanjangūd,12.11764,76.68397,IN,19,50598
Lhünzhub,29.8931,91.26166,CN,14,50596
Skien,59.20962,9.60897,NO,17,50595
Ōi,35.85091,139.51998,JP,34,50593
Jaru,-10.43889,-62.46639,BR,24,50591
Ibbenbueren,52.27964,7.71457,DE,07,50577
Vila-real,39.9383,-0.10087,ES,60,50577
Tolga,34.72224,5.37845,DZ,19,50575
Kingisepp,59.37627,28.61409,RU,42,50566
Herning,56.13615,8.97662,DK,18,50565
Kizlyar,43.84686,46.70977,RU,17,50564
Passau,48.5665,13.43122,DE,02,50560
Abovyan,40.2717,44.63342,AM,05,50556
Pèlèngana,13.4274,-6.222,ML,05,50552
El Negrito,15.31667,-87.7,HN,18,50550
Clacton-on-Sea,51.78967,1.15597,GB,ENG,50548
Gronau,52.21099,7.02238,DE,07,50547
Kawalu,-7.3817,108.2082,ID,30,50541
Zhob,31.34082,69.4493,PK,02,50537
Cumbernauld,55.94685,-3.99051,GB,SCT,50530
Khorramdarreh,36.20777,49.19527,IR,36,50528
Turbo,8.09263,-76.72822,CO,02,50508
Kavaklı,41.09258,28.33172,TR,34,50502
Pivdenna Borshchahivka,50.41059,30.40396,UA,12,50500
Deçan,42.54018,20.28793,XK,10096859,50500
Budapest XXII. kerület,47.42698,19.04016,HU,05,50499
Laval,48.07247,-0.77019,FR,52,50489
Hyères,43.12038,6.12857,FR,93,50487
Kyaukse,21.6056,96.13508,MM,08,50480
Amahai,-3.33984,128.91975,ID,28,50478
Forbesganj,26.30253,87.26556,IN,34,50475
Cần Đước,10.50966,106.60308,VN,80,50473
North La Crosse,43.84635,-91.24819,US,WI,50470
Burien,47.47038,-122.34679,US,WA,50467
Nithari,28.70489,77.05285,IN,07,50464
Ambatondrazaka,-17.83333,48.41667,MG,33,50463
Tarnobrzeg,50.57304,21.67937,PL,80,50459
Çarşamba,41.19889,36.72194,TR,55,50459
Tafo,6.73156,-1.6137,GH,02,50457
Tūyserkān,34.551,48.44353,IR,09,50455
Hanyuan,32.834,106.25035,CN,26,50440
Langenhagen,52.44758,9.73741,DE,06,50439
Gallarate,45.66019,8.79164,IT,09,50439
Nova Venécia,-18.71056,-40.40056,BR,08,50434
Willowdale East,43.7706,-79.40148,CA,08,50434
Havertown,39.98095,-75.30852,US,PA,50430
Vargem Grande Paulista,-23.60333,-47.02639,BR,27,50415
Arjona,10.25444,-75.34389,CO,35,50405
San Mateo,10.21302,-67.42365,VE,04,50401
Bindura,-17.30192,31.33056,ZW,03,50400
Schwerte,51.44387,7.5675,DE,07,50399
Taxco de Alarcón,18.55462,-99.60592,MX,12,50399
Matli,25.0429,68.65591,PK,05,50398
North Bay,46.3168,-79.46633,CA,08,50396
Tubod,8.0555,123.7904,PH,10,50395
Sunabeda,18.7284,82.82932,IN,21,50394
Gajraula,28.8457,78.2396,IN,36,50380
Yanghe,36.13806,119.91353,CN,25,50371
Logan,41.73549,-111.83439,US,UT,50371
Kirkcaldy,56.11683,-3.15999,GB,SCT,50370
Khagrachhari,23.10787,91.97007,BD,84,50364
Barriera di Milano,45.09228,7.69399,IT,12,50354
Ness Ziona,31.92933,34.79868,IL,02,50351
Ma'an,30.19624,35.73405,JO,19,50350
Speyer,49.32083,8.43111,DE,08,50343
Saint-Hyacinthe,45.63076,-72.95699,CA,10,50326
Mochudi,-24.41667,26.15,BW,05,50321
Jahanian,30.03928,71.8167,PK,04,50318
Modimolle,-24.7,28.4,ZA,09,50306
Torbalı,38.182,27.335,TR,35,50303
Vīrapāndi,11.06247,77.35076,IN,25,50301
Sek’ot’a,12.63056,39.03472,ET,46,50300
Nanao,37.04816,136.96795,JP,15,50300
Berwick,-38.03333,145.35,AU,07,50298
South Peabody,42.50982,-70.94949,US,MA,50293
Dāhānu,19.96778,72.71263,IN,16,50287
Rovigo,45.06982,11.79022,IT,20,50279
Asakura,33.41439,130.71877,JP,07,50273
Midori,36.44492,139.28448,JP,10,50266
Rasipuram,11.46009,78.18635,IN,25,50244
Al Khābūrah,23.97144,57.09313,OM,11,50223
Saint-Gilles,50.82763,4.34389,BE,BRU,50221
La Calera,-32.78676,-71.19795,CL,01,50221
Ventas,40.42248,-3.64741,ES,29,50218
Sālūr,18.51716,83.20548,IN,02,50206
Chusovoy,58.28915,57.81261,RU,90,50205
Anju,39.61778,125.66472,KP,15,50196
Aliso Viejo,33.56504,-117.72712,US,CA,50195
Bletchley,51.99334,-0.73471,GB,ENG,50193
Villa Francisca,18.48278,-69.88914,DO,34,50185
Harrisburg,40.2737,-76.88442,US,PA,50183
Galveston,29.30135,-94.7977,US,TX,50180
Bhabhua,25.04049,83.60749,IN,34,50179
Yeovil,50.94159,-2.63211,GB,ENG,50176
Keighley,53.86791,-1.90664,GB,ENG,50171
Mui Ne,10.93314,108.28327,VN,68,50166
Mellit,14.13333,25.55,SD,55,50165
Macaúbas,-13.01944,-42.69861,BR,05,50161
Kasaoka,34.50597,133.50391,JP,31,50160
Kotka,60.4664,26.94582,FI,08,50157
Poway,32.96282,-117.03586,US,CA,50157
Hodal,27.89196,77.36744,IN,10,50143
Edina,44.88969,-93.34995,US,MN,50138
Monapo,-14.91694,40.30222,MZ,06,50134
Otradnyy,53.37596,51.3452,RU,65,50127
Minnetonka Mills,44.94107,-93.4419,US,MN,50117
Balayan,13.93714,120.73224,PH,40,50115
Déressia,9.7602,16.2698,TD,14,50113
Katanawa,33.52111,130.42444,JP,07,50112
Zacapu,19.81523,-101.79198,MX,16,50112
Jihlava,49.3961,15.59124,CZ,80,50108
Fungurume,-10.61771,26.32107,CD,22,50100
Bhadrāchalam,17.66846,80.88887,IN,40,50087
Snezhinsk,56.07834,60.74785,RU,13,50086
Dunaújváros,46.96479,18.93974,HU,08,50084
Nanjian,25.04493,100.51437,CN,29,50083
Uiju,40.19944,124.53167,KP,11,50081
Sfântu Gheorghe,45.86667,25.78333,RO,15,50080
Pijijiapan,15.68618,-93.20938,MX,05,50079
Moyobamba,-6.03441,-76.97423,PE,22,50073
Alt-Hohenschönhausen,52.54608,13.5013,DE,16,50070
Capivari,-22.995,-47.50778,BR,27,50068
Heidenheim an der Brenz,48.67798,10.15162,DE,01,50067
Tateyama,34.98333,139.86667,JP,04,50064
Jatiroto,-7.88333,111.11667,ID,07,50059
Kibaigwa,-6.08125,36.64657,TZ,03,50054
Chodov,50.03669,14.50444,CZ,52,50043
Dogondoutchi,13.6403,4.02649,NE,03,50037
Werribee,-37.9,144.66667,AU,07,50027
Naxi,28.77422,105.36488,CN,32,50020
Zhenxi,29.89929,107.46452,CN,33,50017
Bījār,35.8668,47.60506,IR,16,50014
Aonla,28.27402,79.16521,IN,36,50011
Ali Sabih,11.15583,42.7125,DJ,01,50006
Tirupparangunram,9.88151,78.07306,IN,25,50004
Andulo,-11.48676,16.69663,AO,02,50000
Treptow,52.49376,13.44469,DE,16,50000
Samara,11.79342,41.00578,ET,45,50000
LOHAS Park,22.29315,114.27245,HK,NSK,50000
Al-Hamdaniya,36.27093,43.37758,IQ,15,50000
Shelādiz,37.0326,43.77616,IQ,08,50000
Barriera di Lanzo,45.10981,7.65126,IT,12,50000
Arashiyama,35.01481,135.67755,JP,22,50000
Aarsâl,34.17944,36.42083,LB,11,50000
Ghazieh,33.5175,35.36889,LB,06,50000
Hpa-An,16.88953,97.63482,MM,05,50000
Polanco,19.43332,-99.19919,MX,09,50000
Putrajaya,2.93527,101.69112,MY,17,50000
Sri Petaling,3.06881,101.68971,MY,14,50000
Taman Melati,3.22124,101.72324,MY,14,50000
Kuchai Lama,3.08469,101.69086,MY,14,50000
Tipitapa,12.19732,-86.09706,NI,10,50000
Juigalpa,12.10591,-85.36549,NI,04,50000
Ciudad Sandino,12.15889,-86.34417,NI,10,50000
Rawalakot,33.85782,73.76043,PK,06,50000
Buni,36.27333,72.25929,PK,03,50000
Monsanto,39.46203,-8.7118,PT,18,50000
Novovladykino,55.85,37.58333,RU,48,50000
Vatutino,55.88441,37.69055,RU,48,50000
Vagonoremont,55.9,37.55,RU,48,50000
Semënovskoye,55.68333,37.55,RU,47,50000
Novokuz’minki,55.71667,37.78333,RU,48,50000
Novokhovrino,55.86667,37.5,RU,48,50000
Nikol’skoye,55.68333,37.48333,RU,48,50000
Likhobory,55.85,37.56667,RU,48,50000
Kozhukhovo,55.70601,37.67563,RU,48,50000
Kozeyevo,55.86667,37.61667,RU,48,50000
Akademgorodok,54.8523,83.106,RU,53,50000
Metrogorodok,55.80961,37.78739,RU,48,50000
Untolovo,60.0122,30.20897,RU,42,50000
‘Ayn al ‘Arab,36.89095,38.35347,SY,09,50000
Ko Samui,9.53567,99.93567,TH,60,50000
Merter Keresteciler,41.01295,28.88593,TR,34,50000
Güngören Merter,41.00711,28.88795,TR,34,50000
Utengule,-8.9,33.33333,TZ,09,50000
Tukuyu,-9.25,33.65,TZ,09,50000
Masumbwe,-3.63333,32.18333,TZ,28,50000
Merelani,-3.56182,36.97895,TZ,26,50000
Bosse,47.95519,37.8003,UA,05,50000
Stonecrest,33.70849,-84.13485,US,GA,50000
Vinhomes Smart City,21.0045,105.7404,VN,01,50000
Vinhomes Times City,20.9945,105.8677,VN,01,50000
